"respondent_id","collector","demo_age","demo_gender","demo_edu","demo_country","region","demo_job","demo_sector","race_attended","fav_driver","nps_value","satis_return","ratings_atmosphere","ratings_commentary","ratings_safety","ratings_speed","ratings_value","ratings_venue","motivations_speed","motivations_drivers","motivations_betting","motivations_social","motivations_tradition","partner_recall_PodTech","partner_likeability_PodTech","partner_recall_BanthaBrew","partner_likeability_BanthaBrew","partner_recall_JawaJuice","partner_likeability_JawaJuice","nps_com","show_com"
"R00001","panel",35,"Male","Bachelor or equivalent","Sweden","Europe","Student","Arts and entertainment","Andobi Mountain Run","Ody Mandrell",10,"Very likely","Very good","Ok","Ok","Very good","Good","Good","For the speed and the thrill","","","","","","Likeable","Sponsor","Likeable","Don't know this brand","Likeable","Dud Bolt's grit and determination are inspiring qualities.",""
"R00002","in_app",29,"Male","Bachelor or equivalent","United Kingdom","Europe","Student","Education","Boonta Eve Classic","Ben Quadinaros",6,"Not sure","Bad","Very bad","Bad","Bad","Bad","Bad","For the speed and the thrill","","","A day out with friends and family","","Don't know this brand","","Not a sponsor","Very likeable","Sponsor","Likeable","",""
"R00003","email",16,"Male","Upper secondary","Brazil","Latin America","Employed part-time","Information and communication","Phoebos Memorial Run","Sebulba",10,"Not sure","Very good","Good","Very good","Very good","Good","Good","For the speed and the thrill","To support a favourite driver","","A day out with friends and family","","Sponsor","Likeable","Not a sponsor","","Sponsor","Very likeable","Ody Mandrell's season trajectory looks very positive.","The evening racing under lights was incredibly atmospheric."
"R00004","email",16,"Male","Upper secondary","Australia","Oceania","Employed full-time","Human health and social work","Boonta Eve Classic","Sebulba",10,"Unlikely","Very good","Bad","Good","Good","Very good","Very good","","To support a favourite driver","","A day out with friends and family","","Not a sponsor","Very unlikeable","Sponsor","","Don't know this brand","Very likeable","Vinta Harvest Classic has serious credentials based on today.","Teemto Pagalies recovered really well after that collision, class act."
"R00005","panel",16,"Male","Bachelor or equivalent","France","Europe","Student","Education","Mos Espa Circuit","Anakin Skywalker",9,"Very likely","Very good","Bad","Very bad","Good","Good","Ok","For the speed and the thrill","To support a favourite driver","","","","Sponsor","Unlikeable","Don't know this brand","Likeable","Not a sponsor","Unlikeable","Ratts Tyerell's overtakes in traffic were executed cleanly.","Sebulba showed dignity in a very competitive setting."
"R00006","socials",36,"Male","Short-cycle tertiary","Canada","North America","Student","Other services","Boonta Eve Classic","Anakin Skywalker",9,"Very likely","Very good","Ok","Good","Ok","Ok","Good","","To support a favourite driver","","","","Sponsor","","Not a sponsor","Likeable","Sponsor","Likeable","The track marshals' positioning meant nothing was missed.","Online streams are becoming more attractive honestly."
"R00007","socials",30,"Male","Master or equivalent","Mexico","North America","Employed full-time","Human health and social work","Boonta Eve Classic","Ody Mandrell",10,"Likely","Very good","Good","Good","Very good","Good","Very good","For the speed and the thrill","To support a favourite driver","","A day out with friends and family","","Not a sponsor","","Sponsor","Unlikeable","Not a sponsor","Likeable","",""
"R00008","socials",23,"Female","Short-cycle tertiary","France","Europe","Employed part-time","Human health and social work","Boonta Eve Classic","Anakin Skywalker",9,"Likely","Ok","Bad","Good","Good","Bad","Very good","For the speed and the thrill","To support a favourite driver","","A day out with friends and family","","Not a sponsor","Likeable","Sponsor","Very unlikeable","Don't know this brand","","The program timing meant no awkward gaps between races.",""
"R00009","panel",23,"Female","Upper secondary","United States","North America","Employed full-time","Manufacturing","Mos Espa Circuit","Boles Roor",10,"Very likely","Very good","Very good","Very good","Very good","Very good","Very good","For the speed and the thrill","To support a favourite driver","For the betting and the wupiupi","","","Sponsor","Very likeable","Don't know this brand","Likeable","","Unlikeable","Mawhonic's acceleration off the line never faltered.","The security staff were professional and unobtrusive."
"R00010","panel",39,"Male","Upper secondary","United Kingdom","Europe","Employed full-time","Manufacturing","Vinta Harvest Classic","Anakin Skywalker",9,"Likely","Good","Bad","Bad","Good","Ok","Good","","To support a favourite driver","For the betting and the wupiupi","","","Not a sponsor","Very likeable","","Unlikeable","Not a sponsor","Unlikeable","",""
"R00011","email",16,"Male","Upper secondary","United States","North America","Employed full-time","Wholesale and retail trade","Vinta Harvest Classic","Anakin Skywalker",10,"Very likely","Very good","Ok","Very good","Good","Very good","Ok","","","","","Boonta Eve tradition","","Unlikeable","Not a sponsor","Likeable","Sponsor","Very likeable","The fact that they serve cold drinks is a lifesaver in this heat.","The shade areas in the venue were appreciated on such a hot day."
"R00012","socials",41,"","Primary or less","United States","North America","Not in labour force","Arts and entertainment","Vinta Harvest Classic","Anakin Skywalker",10,"Very likely","Very good","Very good","Good","Very good","Good","Very good","","","For the betting and the wupiupi","A day out with friends and family","","Sponsor","Likeable","Sponsor","Likeable","Don't know this brand","Likeable","","The wagering odds seemed fair to me, though luck didn't exactly swing my way."
"R00013","socials",37,"Female","Master or equivalent","Mexico","North America","Employed part-time","Education","Boonta Eve Classic","Sebulba",5,"Not sure","Ok","Very bad","Very bad","Very bad","Very bad","Bad","For the speed and the thrill","","","","","Sponsor","","Sponsor","Likeable","Not a sponsor","Very likeable","",""
"R00014","socials",22,"Female","Master or equivalent","Brazil","Latin America","Employed full-time","Information and communication","Mos Espa Circuit","Anakin Skywalker",6,"Likely","Good","Bad","Bad","Very good","Ok","Good","For the speed and the thrill","","","","","Not a sponsor","Likeable","Sponsor","","Not a sponsor","Very unlikeable","","The venue cleanliness was genuinely impressive throughout."
"R00015","panel",31,"Male","Upper secondary","United States","North America","Student","Information and communication","Boonta Eve Classic","Ben Quadinaros",8,"Not sure","Ok","Very bad","Ok","Good","Ok","Ok","","","For the betting and the wupiupi","","Boonta Eve tradition","Sponsor","Very unlikeable","Not a sponsor","","Not a sponsor","Unlikeable","","The beverage options included non-alcoholic stuff, perfect for families."
"R00016","panel",43,"Male","Primary or less","France","Europe","Employed part-time","Arts and entertainment","Andobi Mountain Run","Gasgano",8,"Likely","Very good","Ok","Ok","Good","Ok","Good","For the speed and the thrill","To support a favourite driver","For the betting and the wupiupi","","","Don't know this brand","","Not a sponsor","Likeable","Don't know this brand","Very unlikeable","",""
"R00017","socials",48,"Female","Lower secondary","United States","North America","Employed full-time","Human health and social work","Boonta Eve Classic","Ratts Tyerell",4,"Not sure","Bad","Very bad","Bad","Ok","Ok","Bad","For the speed and the thrill","","","","Boonta Eve tradition","Sponsor","Very likeable","Not a sponsor","","Not a sponsor","Likeable","My experience today has permanently soured me on pod racing.",""
"R00018","panel",50,"Male","Upper secondary","Brazil","Latin America","Employed full-time","","Vinta Harvest Classic","Anakin Skywalker",4,"Very unlikely","Very bad","Very bad","Bad","Very bad","Very bad","Very bad","For the speed and the thrill","To support a favourite driver","","A day out with friends and family","","Not a sponsor","Likeable","Not a sponsor","Likeable","Sponsor","Likeable","Ratts Tyerell didn't even make it past the first turn.",""
"R00019","panel",36,"Male","Upper secondary","Canada","North America","Employed full-time","Information and communication","Boonta Eve Classic","Anakin Skywalker",5,"Very unlikely","Bad","Bad","Very bad","Very bad","Very bad","Bad","For the speed and the thrill","To support a favourite driver","","A day out with friends and family","","Not a sponsor","Likeable","Sponsor","Likeable","Don't know this brand","","","Ody Mandrell's car setup changes during the day showed great adaptability."
"R00020","email",29,"Male","Master or equivalent","Japan","Asia","Employed full-time","Arts and entertainment","Boonta Eve Classic","Gasgano",10,"Very likely","Very good","Good","Good","Very good","Very good","Good","For the speed and the thrill","To support a favourite driver","","A day out with friends and family","Boonta Eve tradition","Sponsor","Likeable","Not a sponsor","Very likeable","","Likeable","Fode and Beed's chemistry is a huge part of the appeal.","The race was exciting enough, though the ticket prices felt steep for the view we got."
"R00021","email",37,"Female","Upper secondary","United Kingdom","Europe","Employed full-time","Other services","Vinta Harvest Classic","Anakin Skywalker",6,"Unlikely","Ok","Ok","Very bad","Good","Good","Very good","","To support a favourite driver","","","","Sponsor","Unlikeable","Not a sponsor","Likeable","Don't know this brand","Likeable","","Anakin Skywalker's wins feel predetermined somehow."
"R00022","email",29,"Female","Bachelor or equivalent","Germany","Europe","Unemployed","Wholesale and retail trade","Andobi Mountain Run","Anakin Skywalker",5,"Unlikely","Ok","Ok","Bad","Bad","Very bad","Very bad","For the speed and the thrill","","","A day out with friends and family","Boonta Eve tradition","Sponsor","Unlikeable","Not a sponsor","Likeable","Not a sponsor","Unlikeable","","Dud Bolt showed flashes of promise that unfortunately didn't materialize."
"R00023","in_app",20,"Female","Bachelor or equivalent","United Kingdom","Europe","Student","Arts and entertainment","Mos Espa Circuit","Anakin Skywalker",9,"Not sure","Very good","Bad","Ok","Very good","Ok","Very bad","For the speed and the thrill","","For the betting and the wupiupi","","","Sponsor","","Sponsor","","","","Ody Mandrell's wheelbase looked perfectly set up for this track.",""
"R00024","panel",42,"Male","Doctoral or equivalent","United States","North America","","Information and communication","Andobi Mountain Run","Sebulba",10,"Very likely","Very good","Good","Ok","Very good","Very good","Very good","","","","","","Don't know this brand","Very unlikeable","Don't know this brand","Likeable","Not a sponsor","","","Mawhonic's engineering is clearly at the cutting edge."
"R00025","socials",40,"Male","Bachelor or equivalent","France","Europe","Employed part-time","Arts and entertainment","Phoebos Memorial Run","Ody Mandrell",10,"Likely","Ok","Bad","Ok","Good","Very good","Very good","For the speed and the thrill","To support a favourite driver","","A day out with friends and family","","Not a sponsor","Likeable","Don't know this brand","Unlikeable","Don't know this brand","Very likeable","Fode made the driver profiles genuinely interesting for newcomers.",""
"R00026","panel",47,"Female","Upper secondary","Brazil","Latin America","Not in labour force","Manufacturing","Phoebos Memorial Run","Sebulba",9,"Very likely","Good","Ok","Ok","Very good","Ok","Ok","For the speed and the thrill","To support a favourite driver","","","","Not a sponsor","Likeable","Sponsor","Unlikeable","Not a sponsor","","Coming back next year is already booked in our calendar.",""
"R00027","socials",52,"Female","Bachelor or equivalent","United States","North America","Employed full-time","Wholesale and retail trade","Vinta Harvest Classic","Ratts Tyerell",8,"Not sure","Good","Bad","Bad","Bad","Bad","Very bad","For the speed and the thrill","","","","","Sponsor","Very unlikeable","Sponsor","Very likeable","","","",""
"R00028","socials",50,"Male","Short-cycle tertiary","United Kingdom","Europe","Employed full-time","Wholesale and retail trade","Boonta Eve Classic","Mawhonic",4,"Very unlikely","Bad","Very bad","Very bad","Ok","Bad","Bad","","To support a favourite driver","","","Boonta Eve tradition","Sponsor","Unlikeable","Sponsor","Likeable","Don't know this brand","","Ben Quadinaros' luck seems statistically impossible.","The grandstand was so packed I couldn't even adjust my seat."
"R00029","panel",41,"Male","Master or equivalent","Canada","North America","Student","Information and communication","Vinta Harvest Classic","Gasgano",7,"Very likely","Very good","Good","Ok","Very good","Ok","Ok","For the speed and the thrill","","For the betting and the wupiupi","A day out with friends and family","Boonta Eve tradition","Not a sponsor","Likeable","Sponsor","Very likeable","Don't know this brand","Very likeable","",""
"R00030","panel",32,"Male","Upper secondary","France","Europe","Employed full-time","Information and communication","Boonta Eve Classic","",7,"Unlikely","Ok","Bad","Bad","Bad","Bad","Bad","For the speed and the thrill","To support a favourite driver","","","","Sponsor","","Not a sponsor","Unlikeable","Don't know this brand","Likeable","","Sebulba held his own out there, but the whole crowd seemed more interested in betting than the actual racing."
"R00031","email",31,"Male","Short-cycle tertiary","United States","North America","Employed full-time","Human health and social work","Phoebos Memorial Run","Ben Quadinaros",9,"Not sure","Good","Ok","Good","Very good","Ok","Ok","For the speed and the thrill","To support a favourite driver","","","Boonta Eve tradition","Don't know this brand","Very likeable","Sponsor","Likeable","Sponsor","Likeable","","I'll never recommend this event to any of my friends."
"R00032","email",27,"Female","Master or equivalent","United States","North America","Employed full-time","","Mos Espa Circuit","Anakin Skywalker",10,"Very likely","Very good","Good","Ok","Ok","Very good","Good","For the speed and the thrill","","","A day out with friends and family","","Not a sponsor","Very unlikeable","Not a sponsor","Very likeable","Sponsor","Very likeable","","Tatooine locations are terrible for major sporting events."
"R00033","in_app",23,"Female","Upper secondary","United States","North America","Employed full-time","Arts and entertainment","Vinta Harvest Classic","Gasgano",10,"Very likely","Good","Ok","Good","Good","Ok","Very good","For the speed and the thrill","To support a favourite driver","","A day out with friends and family","Boonta Eve tradition","Sponsor","Likeable","Sponsor","Unlikeable","Not a sponsor","Very likeable","","The Phoebos Memorial Run was way more organized than this mess."
"R00034","email",27,"Male","Lower secondary","United States","North America","Employed part-time","Financial and insurance","Boonta Eve Classic","Sebulba",6,"Very unlikely","Bad","Bad","Very bad","Bad","Very bad","Ok","For the speed and the thrill","To support a favourite driver","","","Boonta Eve tradition","Not a sponsor","Likeable","Sponsor","Unlikeable","","","",""
"R00035","panel",39,"Male","Lower secondary","United States","North America","Student","Wholesale and retail trade","Boonta Eve Classic","Ody Mandrell",9,"Likely","Good","Bad","Bad","Good","Ok","Ok","","","","","","Don't know this brand","Very likeable","Don't know this brand","Likeable","Sponsor","Unlikeable","","Parking overflow area was dangerous and completely unlit at night."
"R00036","in_app",37,"Male","Doctoral or equivalent","United States","North America","Student","Information and communication","Vinta Harvest Classic","Anakin Skywalker",6,"Unlikely","Very bad","Very bad","Bad","Ok","Very bad","Bad","For the speed and the thrill","","For the betting and the wupiupi","A day out with friends and family","Boonta Eve tradition","Sponsor","Likeable","Sponsor","","Sponsor","","Anakin Skywalker won again and I'd already paid to see different drivers compete.",""
"R00037","socials",18,"Female","Primary or less","Germany","Europe","Employed full-time","Arts and entertainment","Andobi Mountain Run","Dud Bolt",5,"Not sure","Ok","Very bad","Ok","Ok","Bad","Ok","For the speed and the thrill","","For the betting and the wupiupi","","Boonta Eve tradition","Sponsor","Unlikeable","Don't know this brand","Likeable","Sponsor","Very likeable","Ratts Tyerell's mechanical failures are getting tiresome and repetitive.",""
"R00038","email",46,"Male","Upper secondary","United States","North America","Employed part-time","Manufacturing","Phoebos Memorial Run","Sebulba",8,"Likely","Bad","Very bad","Ok","Bad","Ok","Very bad","For the speed and the thrill","","","A day out with friends and family","Boonta Eve tradition","Sponsor","","Don't know this brand","Very likeable","Don't know this brand","Likeable","",""
"R00039","panel",47,"Female","Upper secondary","United Kingdom","Europe","Employed full-time","Financial and insurance","Boonta Eve Classic","Mawhonic",5,"Very unlikely","Very bad","Very bad","Bad","Bad","Very bad","Ok","For the speed and the thrill","","","A day out with friends and family","Boonta Eve tradition","Don't know this brand","Very likeable","Sponsor","Likeable","Not a sponsor","Likeable","","Anakin Skywalker provided drama even when his position was already secure."
"R00040","panel",50,"Male","Bachelor or equivalent","United States","North America","Employed part-time","Financial and insurance","Andobi Mountain Run","Anakin Skywalker",8,"Not sure","Good","Ok","Bad","Ok","Good","Bad","For the speed and the thrill","","For the betting and the wupiupi","","Boonta Eve tradition","Don't know this brand","Likeable","Don't know this brand","Very likeable","Not a sponsor","Likeable","",""
"R00041","panel",17,"Male","Upper secondary","Japan","Asia","Not in labour force","Human health and social work","Andobi Mountain Run","Anakin Skywalker",8,"Not sure","Ok","Ok","Good","Good","Ok","Good","For the speed and the thrill","To support a favourite driver","","A day out with friends and family","","","Very likeable","Not a sponsor","Likeable","Sponsor","Very unlikeable","",""
"R00042","socials",27,"Female","Short-cycle tertiary","United States","North America","Employed full-time","Education","Mos Espa Circuit","Sebulba",7,"Not sure","Very good","Very bad","Bad","Ok","Bad","Ok","For the speed and the thrill","To support a favourite driver","","","","Not a sponsor","Likeable","Sponsor","Very unlikeable","Not a sponsor","","",""
"R00043","in_app",27,"Male","Upper secondary","Germany","Europe","Employed full-time","Human health and social work","Boonta Eve Classic","Dud Bolt",8,"Not sure","Good","Good","Very good","Ok","Good","Very good","For the speed and the thrill","","","A day out with friends and family","Boonta Eve tradition","Don't know this brand","","Not a sponsor","Unlikeable","Sponsor","Likeable","",""
"R00044","email",27,"Male","Upper secondary","Canada","North America","Employed full-time","Human health and social work","Phoebos Memorial Run","Gasgano",6,"Not sure","Ok","Bad","Good","Bad","Ok","Very good","For the speed and the thrill","To support a favourite driver","","A day out with friends and family","","Sponsor","Very likeable","Not a sponsor","Very likeable","Not a sponsor","Likeable","",""
"R00045","socials",25,"Female","Upper secondary","Australia","Oceania","Employed full-time","Human health and social work","Boonta Eve Classic","Gasgano",6,"Unlikely","Good","Very bad","Bad","Bad","Very bad","Bad","","","","","","Sponsor","Likeable","Sponsor","Likeable","Not a sponsor","","","Gasgano's car handling in the dust was remarkable."
"R00046","in_app",25,"Male","Upper secondary","Canada","North America","Employed part-time","Manufacturing","Andobi Mountain Run","Gasgano",8,"Very likely","Very good","Bad","Good","Very good","Ok","Ok","For the speed and the thrill","","","","Boonta Eve tradition","Sponsor","Likeable","Not a sponsor","Likeable","Not a sponsor","Likeable","","The Mos Espa grandstand seating was tight, though the sightlines were generally fair."
"R00047","email",20,"Male","Master or equivalent","Sweden","Europe","Employed full-time","Education","Boonta Eve Classic","Boles Roor",6,"Not sure","Ok","Ok","Bad","Good","Ok","Ok","","","","","","Not a sponsor","Very unlikeable","Sponsor","Likeable","Not a sponsor","Unlikeable","","The whole day flew by, wished it was longer."
"R00048","socials",25,"Male","Master or equivalent","United States","North America","Employed part-time","Manufacturing","Andobi Mountain Run","Ben Quadinaros",9,"Very likely","Very good","Good","Very good","Good","Good","Very good","For the speed and the thrill","To support a favourite driver","","","","Don't know this brand","Very likeable","Sponsor","Unlikeable","Don't know this brand","Unlikeable","",""
"R00049","socials",28,"Male","Short-cycle tertiary","United States","North America","Not in labour force","Public administration","Vinta Harvest Classic","Boles Roor",6,"Not sure","Ok","Ok","Bad","Very bad","Bad","Good","For the speed and the thrill","","","","","Not a sponsor","Likeable","Not a sponsor","Unlikeable","Don't know this brand","Very likeable","Three drivers pulled out and they didn't reschedule the races.","The seating configuration gave clear sight lines to track turns."
"R00050","panel",34,"Male","Upper secondary","United Kingdom","Europe","Employed full-time","Education","Phoebos Memorial Run","Ody Mandrell",10,"Likely","Good","Very bad","Bad","Ok","Ok","Bad","For the speed and the thrill","To support a favourite driver","For the betting and the wupiupi","","","Sponsor","","Sponsor","Very likeable","Sponsor","Likeable","The emergency response protocols are clearly well-practiced.","The facilities were clean and well-maintained throughout the day."
"R00051","email",39,"Female","Primary or less","Brazil","Latin America","Employed part-time","Human health and social work","Vinta Harvest Classic","Anakin Skywalker",6,"Likely","Good","Good","Ok","Ok","Ok","Ok","For the speed and the thrill","To support a favourite driver","For the betting and the wupiupi","","","Not a sponsor","Unlikeable","Don't know this brand","","Don't know this brand","Likeable","The first aid area had limited supplies and untrained staff.","Teemto Pagalies executed that risky overtake flawlessly."
"R00052","email",43,"Prefer not to answer","Short-cycle tertiary","Brazil","Latin America","Employed full-time","","Boonta Eve Classic","Mawhonic",6,"Very unlikely","Ok","Ok","Ok","Very good","Bad","Bad","For the speed and the thrill","To support a favourite driver","","","","Don't know this brand","Unlikeable","Not a sponsor","Very unlikeable","Don't know this brand","Very likeable","Sebulba's aggressive maneuvers are causing pilot injuries.","Vendor pricing shows no regard for customer welfare."
"R00053","socials",22,"","Master or equivalent","United States","North America","Employed full-time","Arts and entertainment","Phoebos Memorial Run","Boles Roor",10,"Likely","Very good","Ok","Very good","Very good","Good","Good","For the speed and the thrill","","","A day out with friends and family","","Not a sponsor","Very likeable","Don't know this brand","Likeable","Sponsor","","The marshals handled the crash scene professionally and quickly.","Mawhonic's pit strategy changes showed adaptability mid-race."
"R00054","panel",33,"Male","Lower secondary","Canada","North America","Employed part-time","Arts and entertainment","Vinta Harvest Classic","Anakin Skywalker",9,"Likely","Very good","Good","Bad","Good","Ok","Good","For the speed and the thrill","To support a favourite driver","","","","Sponsor","Unlikeable","Don't know this brand","Likeable","Don't know this brand","","",""
"R00055","email",60,"Non-binary","Lower secondary","Canada","North America","Employed full-time","Wholesale and retail trade","Phoebos Memorial Run","Ody Mandrell",9,"Unlikely","Ok","Very bad","Good","Very good","Ok","Bad","For the speed and the thrill","","","","","Sponsor","Unlikeable","Sponsor","","Sponsor","Unlikeable","","I appreciated Fode and Beed's banter, even when it deflected from the action."
"R00056","panel",26,"Male","Doctoral or equivalent","Brazil","Latin America","Employed part-time","Information and communication","Mos Espa Circuit","Sebulba",8,"Likely","Ok","Ok","Ok","Ok","Bad","Good","For the speed and the thrill","To support a favourite driver","","A day out with friends and family","","Sponsor","","Don't know this brand","Likeable","Sponsor","Unlikeable","","Fode and Beed kept us entertained the whole time, brilliant commentary."
"R00057","panel",41,"Male","Bachelor or equivalent","United States","North America","Student","Information and communication","Vinta Harvest Classic","Sebulba",9,"Not sure","Good","Good","Ok","Very good","Very good","Bad","For the speed and the thrill","To support a favourite driver","","A day out with friends and family","","Not a sponsor","Very unlikeable","Don't know this brand","Very likeable","Sponsor","","",""
"R00058","socials",24,"Male","Upper secondary","Brazil","Latin America","Unemployed","Wholesale and retail trade","Boonta Eve Classic","Anakin Skywalker",7,"Likely","Ok","Ok","Good","Good","Ok","Good","For the speed and the thrill","To support a favourite driver","","A day out with friends and family","Boonta Eve tradition","Sponsor","Likeable","Sponsor","Likeable","Sponsor","Likeable","","The opening ceremonies were brief, which was fine since we wanted to see the actual races."
"R00059","socials",45,"Male","Upper secondary","United States","North America","Student","Wholesale and retail trade","Andobi Mountain Run","Gasgano",2,"Very unlikely","Very bad","Bad","Ok","Very bad","Very bad","Bad","","To support a favourite driver","For the betting and the wupiupi","A day out with friends and family","Boonta Eve tradition","Not a sponsor","Likeable","Sponsor","Likeable","Sponsor","Very likeable","Decision making seems arbitrary and poorly thought out.",""
"R00060","panel",39,"Male","Upper secondary","Mexico","North America","Employed full-time","Wholesale and retail trade","Boonta Eve Classic","Anakin Skywalker",9,"Very likely","Good","Very bad","Good","Good","Ok","Ok","For the speed and the thrill","To support a favourite driver","","","","Not a sponsor","Unlikeable","","Likeable","Sponsor","Likeable","","The experience felt cold and purely transactional."
"R00061","panel",21,"Male","Master or equivalent","Mexico","North America","Student","Wholesale and retail trade","Phoebos Memorial Run","Teemto Pagalies",7,"Unlikely","Very good","Bad","Very bad","Good","Bad","Bad","","","","","","Don't know this brand","Likeable","Don't know this brand","Very likeable","Sponsor","","",""
"R00062","in_app",44,"Female","Bachelor or equivalent","United States","North America","Not in labour force","Other services","Boonta Eve Classic","Gasgano",8,"Not sure","Ok","Ok","Good","Very good","Bad","Ok","","","","A day out with friends and family","","Sponsor","Unlikeable","","Very likeable","Don't know this brand","Likeable","",""
"R00063","panel",46,"Male","Master or equivalent","Germany","Europe","Student","Information and communication","Boonta Eve Classic","",8,"Very likely","Good","Ok","Ok","Good","Ok","Good","For the speed and the thrill","To support a favourite driver","","A day out with friends and family","","Sponsor","Likeable","Sponsor","","Not a sponsor","Unlikeable","",""
"R00064","email",43,"Male","Bachelor or equivalent","Mexico","North America","Not in labour force","Information and communication","Boonta Eve Classic","Anakin Skywalker",10,"Likely","Very good","Good","Good","Good","Good","Good","For the speed and the thrill","To support a favourite driver","","A day out with friends and family","Boonta Eve tradition","Not a sponsor","Very unlikeable","Don't know this brand","Likeable","Not a sponsor","Likeable","","The atmosphere during driver introductions was genuinely moving."
"R00065","email",16,"Male","Upper secondary","Mexico","North America","Employed full-time","Financial and insurance","Vinta Harvest Classic","Anakin Skywalker",8,"Unlikely","Ok","Bad","Very bad","Bad","Ok","Ok","For the speed and the thrill","To support a favourite driver","","","","Sponsor","Very likeable","Not a sponsor","Very likeable","Not a sponsor","","","Boonta Eve Classic had its moments, though the dust kicked up by the pods was honestly hard to manage."
"R00066","panel",34,"Male","Lower secondary","France","Europe","Student","Education","Mos Espa Circuit","Sebulba",8,"Very likely","Good","Good","Good","Very good","Good","Very good","For the speed and the thrill","To support a favourite driver","For the betting and the wupiupi","","","Don't know this brand","","Don't know this brand","Very likeable","Don't know this brand","Unlikeable","","The vendors could've used more variety in their offerings, that much is certain."
"R00067","in_app",50,"","Lower secondary","Germany","Europe","Employed full-time","Manufacturing","Mos Espa Circuit","Ody Mandrell",8,"Likely","Bad","Ok","Good","Good","Bad","Very good","For the speed and the thrill","To support a favourite driver","For the betting and the wupiupi","","Boonta Eve tradition","Sponsor","","Sponsor","Likeable","","Very unlikeable","",""
"R00068","panel",30,"Male","Upper secondary","United States","North America","Employed full-time","Education","Phoebos Memorial Run","Gasgano",9,"Very likely","Good","Ok","Good","Very good","Good","Good","For the speed and the thrill","","","","Boonta Eve tradition","Not a sponsor","","Not a sponsor","Very unlikeable","Don't know this brand","Likeable","",""
"R00069","email",24,"Female","","United States","North America","Unemployed","Other services","Boonta Eve Classic","Anakin Skywalker",9,"Very likely","Good","Ok","Very good","Good","Good","Good","For the speed and the thrill","","","A day out with friends and family","Boonta Eve tradition","","","Not a sponsor","Unlikeable","Don't know this brand","Likeable","",""
"R00070","panel",30,"Male","Bachelor or equivalent","France","Europe","Not in labour force","Other services","Mos Espa Circuit","Ratts Tyerell",9,"Very likely","Good","Ok","Bad","Good","Very good","Ok","For the speed and the thrill","","For the betting and the wupiupi","A day out with friends and family","","Sponsor","","Don't know this brand","","Sponsor","Very unlikeable","Fode's jokes during the commentary made me laugh out loud repeatedly.","Ody Mandrell was forgetful in the way only reliable mediocrity achieves."
"R00071","socials",16,"Male","Bachelor or equivalent","United Kingdom","Europe","Employed full-time","Manufacturing","Boonta Eve Classic","Sebulba",7,"Very unlikely","Very bad","Bad","Bad","Bad","Ok","Very bad","For the speed and the thrill","","For the betting and the wupiupi","A day out with friends and family","Boonta Eve tradition","Not a sponsor","Unlikeable","Sponsor","Likeable","Not a sponsor","Very unlikeable","",""
"R00072","socials",18,"Male","Short-cycle tertiary","Brazil","Latin America","Student","Public administration","Boonta Eve Classic","Ben Quadinaros",7,"Likely","Good","Bad","Bad","Good","Bad","Bad","For the speed and the thrill","","","","","Not a sponsor","","Sponsor","Unlikeable","Don't know this brand","Very likeable","",""
"R00073","socials",31,"Male","Upper secondary","Japan","Asia","Student","Public administration","Andobi Mountain Run","Dud Bolt",8,"Likely","Good","Ok","Very good","Very good","Good","Ok","For the speed and the thrill","To support a favourite driver","For the betting and the wupiupi","","Boonta Eve tradition","Sponsor","","Not a sponsor","Unlikeable","Don't know this brand","Likeable","",""
"R00074","panel",42,"Female","Lower secondary","Mexico","North America","Student","Arts and entertainment","Boonta Eve Classic","",7,"Not sure","Ok","Bad","Bad","Bad","Bad","Good","For the speed and the thrill","To support a favourite driver","For the betting and the wupiupi","","Boonta Eve tradition","Sponsor","Very unlikeable","Sponsor","Unlikeable","Not a sponsor","Unlikeable","","The bathrooms were filthy and kept running out of supplies."
"R00075","email",35,"Male","Short-cycle tertiary","Germany","Europe","Unemployed","Information and communication","Boonta Eve Classic","Anakin Skywalker",5,"Not sure","Good","Bad","Ok","Very good","Ok","Ok","For the speed and the thrill","","For the betting and the wupiupi","","","Don't know this brand","","Sponsor","Very likeable","Not a sponsor","Likeable","I've seen better races in amateur local circuits.",""
"R00076","email",40,"Female","Bachelor or equivalent","Germany","Europe","Student","Arts and entertainment","Andobi Mountain Run","Gasgano",10,"Likely","Very good","Ok","Ok","Good","Ok","Good","","To support a favourite driver","","","","","Unlikeable","","Unlikeable","Sponsor","Likeable","I brought my elderly father and he had the best day in years.",""
"R00077","socials",20,"Prefer not to answer","Bachelor or equivalent","United States","North America","Employed full-time","","Boonta Eve Classic","Sebulba",7,"Not sure","Ok","Very good","Bad","Ok","Bad","Ok","","","For the betting and the wupiupi","A day out with friends and family","","Not a sponsor","Very unlikeable","Sponsor","Unlikeable","Sponsor","Unlikeable","",""
"R00078","panel",50,"Female","Bachelor or equivalent","Japan","Asia","Student","Information and communication","Phoebos Memorial Run","Sebulba",9,"Very likely","Ok","Ok","Good","Very good","Ok","Good","For the speed and the thrill","To support a favourite driver","For the betting and the wupiupi","","","Sponsor","Likeable","Sponsor","","Sponsor","Very likeable","","The overall organization suggested previous experience hosting these events."
"R00079","email",46,"Female","Upper secondary","United States","North America","Student","Wholesale and retail trade","Vinta Harvest Classic","Mawhonic",8,"Not sure","Ok","Very bad","Bad","Ok","Very bad","Ok","For the speed and the thrill","","","","","Sponsor","Very unlikeable","Don't know this brand","Likeable","Don't know this brand","Unlikeable","",""
"R00080","socials",39,"","Lower secondary","Germany","Europe","Employed part-time","Information and communication","Boonta Eve Classic","Anakin Skywalker",4,"Very unlikely","Ok","Bad","Bad","Bad","Very bad","Bad","For the speed and the thrill","To support a favourite driver","","","","Sponsor","Likeable","Not a sponsor","","Not a sponsor","Unlikeable","The entire operation feels disrespectful to customers.","The atmosphere built perfectly towards the final race of the day."
"R00081","panel",30,"Female","Master or equivalent","United States","North America","Employed full-time","Other services","Boonta Eve Classic","Gasgano",8,"Very likely","Ok","Good","Very good","Very good","Very good","Good","For the speed and the thrill","To support a favourite driver","","","Boonta Eve tradition","Not a sponsor","Likeable","Not a sponsor","Very likeable","Not a sponsor","Very likeable","","Dud Bolt proved determination can compete with experience."
"R00082","socials",42,"Male","Upper secondary","United States","North America","Employed full-time","Public administration","Mos Espa Circuit","Anakin Skywalker",10,"Not sure","Ok","Very bad","Bad","Good","Good","Bad","For the speed and the thrill","To support a favourite driver","","","","Sponsor","Very likeable","Sponsor","Likeable","Sponsor","Likeable","Dud Bolt came from nowhere to grab the podium, fantastic drive.",""
"R00083","email",25,"Female","Upper secondary","United States","North America","Student","Information and communication","Mos Espa Circuit","Sebulba",7,"Likely","Good","Ok","Ok","Good","Ok","Ok","","To support a favourite driver","","","Boonta Eve tradition","Sponsor","Likeable","Sponsor","Likeable","Sponsor","Unlikeable","","Gasgano's reflexes in the close sections were truly superhuman."
"R00084","email",21,"Male","","Brazil","Latin America","Employed full-time","Other services","Vinta Harvest Classic","Anakin Skywalker",8,"Unlikely","Ok","Ok","Ok","Ok","Ok","Good","For the speed and the thrill","","","A day out with friends and family","","Sponsor","","Sponsor","Very unlikeable","Not a sponsor","Unlikeable","",""
"R00085","panel",16,"Female","Bachelor or equivalent","United States","North America","Employed full-time","Public administration","Phoebos Memorial Run","Anakin Skywalker",10,"Very unlikely","Very bad","Good","Bad","Ok","Bad","Very bad","For the speed and the thrill","To support a favourite driver","","A day out with friends and family","Boonta Eve tradition","Don't know this brand","Very likeable","Sponsor","Unlikeable","Don't know this brand","Likeable","",""
"R00086","panel",34,"","Master or equivalent","United States","North America","Unemployed","Other services","Boonta Eve Classic","Sebulba",9,"Very likely","Good","Good","Very good","Good","Good","Ok","For the speed and the thrill","To support a favourite driver","","A day out with friends and family","Boonta Eve tradition","Don't know this brand","Likeable","Not a sponsor","Unlikeable","Not a sponsor","","",""
"R00087","panel",16,"Female","Bachelor or equivalent","United States","North America","Employed full-time","Human health and social work","Andobi Mountain Run","Sebulba",8,"Not sure","Bad","Very bad","Ok","Ok","Good","Good","For the speed and the thrill","To support a favourite driver","","","","Don't know this brand","Unlikeable","Sponsor","","Not a sponsor","Likeable","",""
"R00088","panel",32,"Male","Upper secondary","United States","North America","Employed full-time","Education","Boonta Eve Classic","Ratts Tyerell",6,"Not sure","Good","Ok","Ok","Very good","Ok","Good","For the speed and the thrill","To support a favourite driver","","","","Not a sponsor","Unlikeable","Sponsor","Likeable","Sponsor","Likeable","",""
"R00089","email",37,"Female","Doctoral or equivalent","Canada","North America","Not in labour force","Human health and social work","Vinta Harvest Classic","Ratts Tyerell",10,"Very likely","Very good","Ok","Very good","Ok","Good","Ok","For the speed and the thrill","To support a favourite driver","","","","Sponsor","","Don't know this brand","Very likeable","Not a sponsor","Very unlikeable","",""
"R00090","in_app",41,"Male","Bachelor or equivalent","United States","North America","Employed full-time","Financial and insurance","Boonta Eve Classic","Anakin Skywalker",7,"Likely","Very good","Bad","Very good","Very good","Ok","Good","","To support a favourite driver","For the betting and the wupiupi","","","Not a sponsor","Likeable","Not a sponsor","Very unlikeable","Don't know this brand","Very likeable","",""
"R00091","email",44,"Female","Short-cycle tertiary","Canada","North America","Unemployed","Education","Vinta Harvest Classic","Sebulba",10,"Not sure","Very good","Good","Good","Ok","Very good","Very good","For the speed and the thrill","","","","Boonta Eve tradition","Not a sponsor","Very likeable","Don't know this brand","Very likeable","Not a sponsor","Unlikeable","My eight-year-old wants to learn everything about pod racing now.",""
"R00092","in_app",39,"Female","Upper secondary","Mexico","North America","Employed part-time","Other services","Mos Espa Circuit","Dud Bolt",5,"Unlikely","Ok","Ok","Ok","Good","Ok","Bad","For the speed and the thrill","","","A day out with friends and family","Boonta Eve tradition","Not a sponsor","Likeable","Sponsor","Likeable","Not a sponsor","Very likeable","Security was more interested in harassment than actual safety.",""
"R00093","panel",22,"Male","Upper secondary","United Kingdom","Europe","Employed full-time","Arts and entertainment","Boonta Eve Classic","Sebulba",7,"Very likely","Good","Bad","Good","Very good","Ok","Ok","","","","","","Sponsor","","Sponsor","Likeable","","Likeable","","Sebulba's competitive spirit is what makes pod racing great."
"R00094","email",43,"Female","Bachelor or equivalent","United Kingdom","Europe","Student","Human health and social work","Andobi Mountain Run","Mawhonic",9,"Likely","Very good","Bad","Very good","Good","Good","Very good","For the speed and the thrill","","For the betting and the wupiupi","","","Not a sponsor","Very unlikeable","Don't know this brand","Very likeable","Don't know this brand","","",""
"R00095","socials",33,"Female","Master or equivalent","United States","North America","Student","Education","Phoebos Memorial Run","Ody Mandrell",7,"Likely","Very bad","Bad","Ok","Very bad","Very bad","Very bad","For the speed and the thrill","","For the betting and the wupiupi","","","Don't know this brand","Very likeable","","","Sponsor","Likeable","",""
"R00096","socials",16,"Female","Upper secondary","Canada","North America","Employed full-time","Information and communication","Boonta Eve Classic","Ratts Tyerell",8,"Likely","Ok","Good","Bad","Ok","Bad","Ok","For the speed and the thrill","","","A day out with friends and family","Boonta Eve tradition","Don't know this brand","Likeable","Sponsor","Very likeable","Sponsor","Likeable","",""
"R00097","panel",31,"Male","Bachelor or equivalent","United States","North America","Not in labour force","Manufacturing","Boonta Eve Classic","Ody Mandrell",7,"Very unlikely","Very bad","Very bad","Bad","Ok","Very bad","Bad","For the speed and the thrill","To support a favourite driver","","","","Sponsor","Likeable","Sponsor","Unlikeable","","Likeable","",""
"R00098","panel",16,"Female","Lower secondary","United States","North America","Student","Wholesale and retail trade","Boonta Eve Classic","Sebulba",4,"Not sure","Bad","Bad","Very bad","Good","Bad","Ok","","","","","","Don't know this brand","","Sponsor","","Not a sponsor","Likeable","",""
"R00099","panel",19,"","Master or equivalent","Brazil","Latin America","Employed full-time","Wholesale and retail trade","Vinta Harvest Classic","Boles Roor",7,"Likely","Good","Bad","Good","Ok","Good","Ok","For the speed and the thrill","To support a favourite driver","","A day out with friends and family","","Not a sponsor","Unlikeable","Not a sponsor","","Not a sponsor","Very unlikeable","","The crowd atmosphere during the final lap was absolutely electric."
"R00100","socials",25,"Female","Bachelor or equivalent","Germany","Europe","Employed full-time","Other services","Phoebos Memorial Run","Ben Quadinaros",8,"Very likely","Good","Bad","Good","Very good","Good","Very good","For the speed and the thrill","","For the betting and the wupiupi","A day out with friends and family","Boonta Eve tradition","Sponsor","Likeable","Sponsor","Likeable","Not a sponsor","","","Ody Mandrell's car control through the high-speed sections was incredible."
"R00101","socials",25,"Male","Upper secondary","Mexico","North America","","Financial and insurance","Phoebos Memorial Run","Boles Roor",8,"Very likely","Very good","Ok","Very bad","Good","Ok","Good","For the speed and the thrill","To support a favourite driver","For the betting and the wupiupi","","Boonta Eve tradition","Sponsor","Likeable","Not a sponsor","Very likeable","Not a sponsor","Likeable","",""
"R00102","panel",43,"Female","Doctoral or equivalent","United Kingdom","Europe","Employed full-time","Other services","Mos Espa Circuit","Ratts Tyerell",9,"Very likely","Ok","Very good","Good","Ok","Good","Good","For the speed and the thrill","To support a favourite driver","","","","Not a sponsor","Likeable","Sponsor","","Don't know this brand","Likeable","",""
"R00103","email",31,"Female","Primary or less","Brazil","Latin America","Employed part-time","Wholesale and retail trade","Mos Espa Circuit","Anakin Skywalker",7,"Unlikely","Bad","Bad","Ok","Bad","Bad","Ok","For the speed and the thrill","","For the betting and the wupiupi","","","Don't know this brand","Likeable","Not a sponsor","Very likeable","Sponsor","","","Mawhonic's engineering showcases what top-level technology achieves."
"R00104","panel",21,"Male","Lower secondary","Mexico","North America","Employed part-time","Financial and insurance","Vinta Harvest Classic","Anakin Skywalker",10,"Very likely","Very good","Good","Very good","Very good","Very good","Very good","For the speed and the thrill","","","A day out with friends and family","","Sponsor","Very unlikeable","Sponsor","Likeable","Not a sponsor","Unlikeable","Dud Bolt drove like his career depended on it, inspiring stuff.",""
"R00105","email",24,"Male","Short-cycle tertiary","Germany","Europe","Employed full-time","Education","Boonta Eve Classic","Mawhonic",8,"Likely","Good","Very bad","Ok","Ok","Bad","Very bad","For the speed and the thrill","To support a favourite driver","","","Boonta Eve tradition","Sponsor","Likeable","Not a sponsor","Very likeable","Not a sponsor","Very likeable","",""
"R00106","email",25,"Female","Upper secondary","United States","North America","Unemployed","Information and communication","Mos Espa Circuit","Anakin Skywalker",8,"Not sure","Bad","Bad","Ok","Good","Bad","Bad","For the speed and the thrill","To support a favourite driver","For the betting and the wupiupi","A day out with friends and family","Boonta Eve tradition","Sponsor","Likeable","Not a sponsor","Likeable","Sponsor","Likeable","","Beed was equally bad, both commentators were unbearable."
"R00107","panel",34,"Male","Bachelor or equivalent","Canada","North America","Employed part-time","Manufacturing","Boonta Eve Classic","Teemto Pagalies",7,"Not sure","Good","Ok","Bad","Bad","Very bad","Good","For the speed and the thrill","","","A day out with friends and family","","Sponsor","Likeable","Don't know this brand","","Not a sponsor","Very likeable","","Concession staff were dismissive of legitimate complaints."
"R00108","socials",38,"Male","Upper secondary","France","Europe","Employed full-time","Human health and social work","Boonta Eve Classic","Mawhonic",8,"Unlikely","Ok","Bad","Bad","Good","Ok","Ok","For the speed and the thrill","","For the betting and the wupiupi","A day out with friends and family","Boonta Eve tradition","Not a sponsor","Very unlikeable","Not a sponsor","Likeable","Sponsor","","","Boles Roor's energy conservation strategy was masterful."
"R00109","panel",27,"Male","Upper secondary","Brazil","Latin America","Employed full-time","Human health and social work","Boonta Eve Classic","",8,"Likely","Good","Bad","Bad","Ok","Good","Ok","For the speed and the thrill","To support a favourite driver","For the betting and the wupiupi","","Boonta Eve tradition","Sponsor","","Don't know this brand","Likeable","Don't know this brand","Unlikeable","",""
"R00110","panel",28,"Female","Upper secondary","Germany","Europe","","Manufacturing","Andobi Mountain Run","Anakin Skywalker",8,"Not sure","Very good","Bad","Ok","Good","Bad","Ok","For the speed and the thrill","To support a favourite driver","For the betting and the wupiupi","","Boonta Eve tradition","Not a sponsor","","Sponsor","Likeable","Sponsor","","","The food vendors were charging insane prices for terrible quality."
"R00111","panel",38,"Female","Master or equivalent","Brazil","Latin America","Student","Financial and insurance","Phoebos Memorial Run","Ody Mandrell",7,"Likely","Ok","Very bad","Bad","Good","Ok","Bad","For the speed and the thrill","","","A day out with friends and family","","Sponsor","Likeable","Sponsor","Likeable","Not a sponsor","Unlikeable","","Boles Roor pulled out and nobody offered refunds obviously."
"R00112","panel",22,"Male","Master or equivalent","Sweden","Europe","Employed full-time","Education","Boonta Eve Classic","Anakin Skywalker",8,"Likely","Good","Ok","Ok","Bad","Good","Ok","For the speed and the thrill","","","","","Sponsor","Likeable","Not a sponsor","Likeable","Don't know this brand","","","Not entirely a waste of my afternoon, though I could've spent the truguts elsewhere."
"R00113","socials",30,"Prefer not to answer","Upper secondary","Brazil","Latin America","Employed full-time","Human health and social work","Mos Espa Circuit","Dud Bolt",6,"Very likely","Ok","Bad","Bad","Good","Bad","Bad","For the speed and the thrill","","For the betting and the wupiupi","","","Not a sponsor","Likeable","Not a sponsor","Likeable","Not a sponsor","Likeable","Track maintenance was clearly neglected for multiple seasons.",""
"R00114","socials",30,"","Master or equivalent","Sweden","Europe","Employed part-time","Human health and social work","Phoebos Memorial Run","Anakin Skywalker",7,"Unlikely","Bad","Ok","Good","Good","Bad","Ok","For the speed and the thrill","To support a favourite driver","","","","Sponsor","Very likeable","Sponsor","Likeable","Sponsor","Likeable","",""
"R00115","email",23,"Male","","Japan","Asia","Employed full-time","Other services","Boonta Eve Classic","Ben Quadinaros",6,"Not sure","Bad","Very bad","Very bad","Bad","Bad","Bad","","","","","","Sponsor","","Sponsor","Very likeable","Sponsor","Very likeable","Security presence was too aggressive and unfriendly.","Ratts Tyerell seemed content just to finish, which told you something about competitive prospects."
"R00116","in_app",24,"Female","Lower secondary","Canada","North America","Employed full-time","Other services","Boonta Eve Classic","Dud Bolt",5,"Not sure","Ok","Very bad","Good","Good","Bad","Bad","For the speed and the thrill","","","A day out with friends and family","Boonta Eve tradition","Sponsor","Likeable","Sponsor","Very likeable","Sponsor","Unlikeable","",""
"R00117","panel",28,"Female","Short-cycle tertiary","United States","North America","Employed part-time","Financial and insurance","Boonta Eve Classic","Anakin Skywalker",6,"Unlikely","Ok","Bad","Ok","Very good","Very bad","Bad","For the speed and the thrill","To support a favourite driver","","","","Not a sponsor","Likeable","Sponsor","Likeable","Sponsor","Unlikeable","",""
"R00118","email",21,"Male","Bachelor or equivalent","United States","North America","Unemployed","Education","Vinta Harvest Classic","Anakin Skywalker",10,"Very likely","Very good","Very good","Very good","Very good","Very good","Very good","","To support a favourite driver","","A day out with friends and family","Boonta Eve tradition","Not a sponsor","Unlikeable","Sponsor","Unlikeable","","Unlikeable","",""
"R00119","socials",31,"Male","Short-cycle tertiary","Japan","Asia","Student","Information and communication","Boonta Eve Classic","Dud Bolt",4,"Not sure","Bad","Bad","Very bad","Bad","Very bad","Bad","For the speed and the thrill","","","A day out with friends and family","","Sponsor","Very unlikeable","Sponsor","Unlikeable","Sponsor","Likeable","The race officiating was inconsistent and clearly biased.","Boles Roor's consistent performance was neither impressive nor troubling."
"R00120","panel",17,"Female","Lower secondary","Germany","Europe","Student","Manufacturing","Phoebos Memorial Run","Anakin Skywalker",9,"Likely","Good","Good","Ok","Good","Bad","Ok","For the speed and the thrill","","","","Boonta Eve tradition","Not a sponsor","Very unlikeable","","Unlikeable","","Likeable","Boonta Eve Classic never disappoints, the crowd energy is incredible.","Ratts Tyerell's ancient pod deserved more credit than his finishes suggested."
"R00121","socials",37,"Male","Bachelor or equivalent","United Kingdom","Europe","Employed full-time","Other services","Boonta Eve Classic","Ratts Tyerell",5,"Likely","Very bad","Very bad","Very bad","Bad","Very bad","Ok","For the speed and the thrill","","For the betting and the wupiupi","A day out with friends and family","Boonta Eve tradition","Not a sponsor","Very likeable","Not a sponsor","Unlikeable","Don't know this brand","Likeable","","Snack options were limited to terrible choices only."
"R00122","email",26,"Female","Bachelor or equivalent","United States","North America","Employed full-time","Information and communication","Boonta Eve Classic","Ody Mandrell",6,"Unlikely","Ok","Very bad","Very bad","Bad","Very bad","Bad","","","","","Boonta Eve tradition","Sponsor","","Sponsor","Very unlikeable","Not a sponsor","Very likeable","Mawhonic's pod caught fire during the race.",""
"R00123","email",42,"Female","Upper secondary","Germany","Europe","Student","Financial and insurance","Boonta Eve Classic","Teemto Pagalies",8,"Not sure","Ok","Very bad","Good","Very bad","Bad","Good","","","For the betting and the wupiupi","","Boonta Eve tradition","Not a sponsor","","Sponsor","","Sponsor","Likeable","",""
"R00124","socials",37,"Female","Master or equivalent","Japan","Asia","Student","Manufacturing","Phoebos Memorial Run","Dud Bolt",4,"Not sure","Bad","Ok","Good","Bad","Bad","Very bad","","To support a favourite driver","","","","Sponsor","Very likeable","","","Don't know this brand","Very likeable","Anakin Skywalker should face investigation for equipment violations.","Andobi Mountain Run is clearly on the racing calendar for a reason."
"R00125","email",26,"Male","","Germany","Europe","Employed part-time","Wholesale and retail trade","Boonta Eve Classic","Anakin Skywalker",6,"Very likely","Ok","Good","Bad","Good","Ok","Good","For the speed and the thrill","To support a favourite driver","For the betting and the wupiupi","A day out with friends and family","","Don't know this brand","Unlikeable","Don't know this brand","Unlikeable","Don't know this brand","Likeable","",""
"R00126","panel",28,"Male","Master or equivalent","Australia","Oceania","Employed full-time","Manufacturing","Andobi Mountain Run","Ody Mandrell",7,"Very unlikely","Very good","Bad","Ok","Very good","Bad","Ok","For the speed and the thrill","","","A day out with friends and family","","Sponsor","Very unlikeable","Sponsor","","Sponsor","Unlikeable","","Mawhonic's vehicle had some interesting modifications, though raw speed wasn't one of them."
"R00127","in_app",39,"Female","Upper secondary","United States","North America","Employed part-time","Other services","Mos Espa Circuit","Ratts Tyerell",7,"Not sure","Ok","Ok","Bad","Bad","Bad","Ok","","","","A day out with friends and family","Boonta Eve tradition","Don't know this brand","Likeable","Not a sponsor","Very likeable","Sponsor","Very unlikeable","",""
"R00128","panel",41,"","Lower secondary","United States","North America","Employed full-time","Education","Boonta Eve Classic","Boles Roor",5,"Unlikely","Bad","Very bad","Very bad","Bad","Very bad","Good","For the speed and the thrill","","For the betting and the wupiupi","","","Don't know this brand","","Don't know this brand","Likeable","Don't know this brand","Unlikeable","",""
"R00129","socials",38,"Non-binary","Upper secondary","United States","North America","Employed full-time","Information and communication","Mos Espa Circuit","",7,"Not sure","Bad","Bad","Bad","Ok","Bad","Bad","For the speed and the thrill","","For the betting and the wupiupi","","","Don't know this brand","Likeable","Sponsor","Very likeable","Not a sponsor","Very likeable","",""
"R00130","in_app",36,"Female","Bachelor or equivalent","Germany","Europe","Employed full-time","Manufacturing","Phoebos Memorial Run","Sebulba",6,"Likely","Good","Good","Ok","Ok","Very good","Very bad","","To support a favourite driver","For the betting and the wupiupi","","","Not a sponsor","Very likeable","Don't know this brand","Likeable","Not a sponsor","","I left halfway through because my feet were absolutely killing me.",""
"R00131","in_app",16,"Male","Upper secondary","United Kingdom","Europe","Employed full-time","Manufacturing","Boonta Eve Classic","Ratts Tyerell",8,"Likely","Very good","Ok","Ok","Good","Bad","Bad","For the speed and the thrill","","","A day out with friends and family","","Sponsor","Likeable","Don't know this brand","Unlikeable","Don't know this brand","Unlikeable","","Vinta Harvest Classic offers superior spectator facilities."
"R00132","in_app",33,"Male","Upper secondary","United States","North America","Student","Information and communication","Phoebos Memorial Run","Anakin Skywalker",8,"Not sure","Good","Very bad","Ok","Good","Bad","Ok","For the speed and the thrill","To support a favourite driver","For the betting and the wupiupi","","","Sponsor","Likeable","Sponsor","Unlikeable","Don't know this brand","Very likeable","",""
"R00133","email",16,"Male","Master or equivalent","Germany","Europe","Student","Public administration","Phoebos Memorial Run","Sebulba",8,"Likely","Good","Bad","Ok","Very good","Ok","Very good","For the speed and the thrill","To support a favourite driver","","","Boonta Eve tradition","Not a sponsor","","Sponsor","","Sponsor","Likeable","","Mawhonic caused at least three serious crashes during the races."
"R00134","panel",33,"Non-binary","Doctoral or equivalent","France","Europe","Employed part-time","Manufacturing","Boonta Eve Classic","Sebulba",10,"Very likely","Very good","Bad","Good","Very good","Very good","Good","For the speed and the thrill","To support a favourite driver","","","","Don't know this brand","","Don't know this brand","Likeable","Not a sponsor","Very unlikeable","",""
"R00135","in_app",24,"Female","Upper secondary","United States","North America","Employed full-time","Human health and social work","Boonta Eve Classic","Anakin Skywalker",10,"Very likely","Very good","Bad","Good","Very good","Very good","Good","For the speed and the thrill","To support a favourite driver","","","","Sponsor","Likeable","Not a sponsor","Unlikeable","Sponsor","Likeable","",""
"R00136","panel",31,"Female","Upper secondary","Brazil","Latin America","Student","Human health and social work","Boonta Eve Classic","Gasgano",8,"Not sure","Bad","Very bad","Bad","Ok","Bad","Ok","For the speed and the thrill","To support a favourite driver","","","","Not a sponsor","Likeable","Sponsor","","Don't know this brand","Likeable","",""
"R00137","email",18,"Female","Short-cycle tertiary","Brazil","Latin America","Student","Human health and social work","Phoebos Memorial Run","",6,"Likely","Ok","Ok","Very good","Good","Ok","Very bad","For the speed and the thrill","To support a favourite driver","For the betting and the wupiupi","","","Sponsor","","Not a sponsor","Very likeable","Sponsor","Unlikeable","We left after two hours because the sun was just too intense.","Teemto Pagalies delivered exactly what you'd expect from a journeyman racer."
"R00138","email",30,"Non-binary","Master or equivalent","Australia","Oceania","Employed full-time","Human health and social work","Mos Espa Circuit","Ratts Tyerell",8,"Very likely","Very good","Ok","Good","Good","Ok","Good","For the speed and the thrill","To support a favourite driver","For the betting and the wupiupi","","Boonta Eve tradition","Sponsor","Very unlikeable","Don't know this brand","Likeable","Not a sponsor","Likeable","",""
"R00139","socials",50,"Male","Lower secondary","United States","North America","Student","Information and communication","Andobi Mountain Run","Ben Quadinaros",6,"Unlikely","Ok","Ok","Bad","Ok","Bad","Very good","For the speed and the thrill","","For the betting and the wupiupi","","Boonta Eve tradition","Sponsor","Likeable","Sponsor","Likeable","Sponsor","Likeable","Beed's commentary adds nothing but noise pollution daily.",""
"R00140","email",54,"Female","Upper secondary","United States","North America","Employed part-time","Education","Boonta Eve Classic","Dud Bolt",9,"Not sure","Good","Ok","Ok","Good","Good","Bad","For the speed and the thrill","To support a favourite driver","","","Boonta Eve tradition","Don't know this brand","Unlikeable","Sponsor","Very likeable","Not a sponsor","","",""
"R00141","email",16,"Female","Bachelor or equivalent","Japan","Asia","Employed full-time","Information and communication","Vinta Harvest Classic","Sebulba",10,"Likely","Very good","Ok","Bad","Very good","Ok","Good","For the speed and the thrill","To support a favourite driver","For the betting and the wupiupi","","","","Likeable","Sponsor","","Sponsor","Likeable","Dud Bolt's underdog story was genuinely inspiring.",""
"R00142","email",16,"Male","Short-cycle tertiary","Mexico","North America","Employed full-time","Arts and entertainment","Andobi Mountain Run","Anakin Skywalker",6,"Very unlikely","Bad","Bad","Good","Bad","Very bad","Very bad","For the speed and the thrill","To support a favourite driver","For the betting and the wupiupi","A day out with friends and family","","Not a sponsor","Likeable","Not a sponsor","Very likeable","Don't know this brand","Unlikeable","","Boles Roor is only here because of connections not talent."
"R00143","panel",16,"Male","Upper secondary","Mexico","North America","Student","Education","Mos Espa Circuit","Sebulba",6,"Very unlikely","Bad","Good","Ok","Ok","Ok","Bad","For the speed and the thrill","To support a favourite driver","For the betting and the wupiupi","","","Not a sponsor","Likeable","Sponsor","Unlikeable","Sponsor","Unlikeable","Andobi Mountain Run has way better facilities overall.","The start line drama was genuinely nail-biting."
"R00144","panel",17,"Female","Short-cycle tertiary","United States","North America","Student","Education","Mos Espa Circuit","Teemto Pagalies",6,"Not sure","Bad","Ok","Ok","Good","Ok","Bad","For the speed and the thrill","To support a favourite driver","","","","Not a sponsor","","Sponsor","","Sponsor","Likeable","Dud Bolt's engine failed right at the start and ruined the spectacle.",""
"R00145","socials",57,"Female","Upper secondary","United States","North America","Employed part-time","Education","Mos Espa Circuit","",8,"Unlikely","Bad","Good","Ok","Good","Very bad","Ok","For the speed and the thrill","","","","","Not a sponsor","","Sponsor","Very unlikeable","Not a sponsor","Likeable","",""
"R00146","socials",44,"Female","Lower secondary","France","Europe","Employed full-time","Manufacturing","Vinta Harvest Classic","Anakin Skywalker",10,"Likely","Ok","Good","Ok","Good","Very good","Good","For the speed and the thrill","To support a favourite driver","","","","Not a sponsor","Likeable","Sponsor","Very likeable","Not a sponsor","","","Social media reviews from today will be quite negative."
"R00147","in_app",31,"Male","Short-cycle tertiary","Mexico","North America","Employed part-time","Public administration","Andobi Mountain Run","Sebulba",7,"Unlikely","Very good","Ok","Bad","Ok","Ok","Ok","","To support a favourite driver","","","","Sponsor","Unlikeable","","Very unlikeable","Don't know this brand","Likeable","","The announcements were clear and kept us informed throughout the day."
"R00148","socials",44,"Male","Upper secondary","Australia","Oceania","","Public administration","Boonta Eve Classic","Mawhonic",5,"Very unlikely","Good","Very bad","Bad","Very bad","Ok","Ok","","To support a favourite driver","","A day out with friends and family","","Not a sponsor","Unlikeable","Not a sponsor","Unlikeable","","Unlikeable","The event organizers don't care about customer satisfaction.",""
"R00149","email",59,"Female","Upper secondary","Mexico","North America","Student","Manufacturing","Mos Espa Circuit","Anakin Skywalker",7,"Likely","Very good","Bad","Very good","Good","Ok","Good","For the speed and the thrill","To support a favourite driver","For the betting and the wupiupi","A day out with friends and family","","Don't know this brand","Very unlikeable","Sponsor","Very unlikeable","Sponsor","Very unlikeable","","Public transit access is minimal to nonexistent."
"R00150","email",40,"Male","Lower secondary","United States","North America","Employed full-time","Other services","Andobi Mountain Run","Anakin Skywalker",6,"Unlikely","Very bad","Bad","Very bad","Bad","Bad","Bad","For the speed and the thrill","To support a favourite driver","","A day out with friends and family","","Don't know this brand","","Sponsor","Very likeable","Sponsor","Likeable","Beed speaks so fast I couldn't understand half of what was said.","Teemto Pagalies' determination shows promise for the future."
"R00151","in_app",53,"Female","Primary or less","France","Europe","Employed full-time","","Mos Espa Circuit","Anakin Skywalker",10,"Not sure","Good","Bad","Good","Ok","Good","Bad","For the speed and the thrill","To support a favourite driver","","A day out with friends and family","Boonta Eve tradition","Sponsor","Very unlikeable","Not a sponsor","Likeable","Not a sponsor","Very likeable","Teemto Pagalies showed he belongs at this level.","The commentators really knew their stuff about each driver's tactics."
"R00152","email",18,"Male","Doctoral or equivalent","Brazil","Latin America","Employed full-time","Human health and social work","Boonta Eve Classic","Ratts Tyerell",5,"Very unlikely","Very bad","Bad","Bad","Bad","Very bad","Ok","For the speed and the thrill","","","","","Not a sponsor","Very likeable","Sponsor","Very unlikeable","Sponsor","Likeable","","The Phoebos Memorial Run was serviceable as a secondary event."
"R00153","email",19,"Male","Master or equivalent","United Kingdom","Europe","Employed full-time","Manufacturing","Boonta Eve Classic","Ben Quadinaros",10,"Very likely","Good","Bad","Bad","Very good","Good","Ok","For the speed and the thrill","","For the betting and the wupiupi","A day out with friends and family","","","Very unlikeable","Not a sponsor","Unlikeable","Sponsor","Unlikeable","","Ben Quadinaros' racecraft improvements this season are evident."
"R00154","panel",45,"Male","Bachelor or equivalent","United States","North America","Employed part-time","Other services","Boonta Eve Classic","Ben Quadinaros",8,"Not sure","Ok","Ok","Ok","Good","Bad","Very good","For the speed and the thrill","To support a favourite driver","","A day out with friends and family","","Not a sponsor","Likeable","Sponsor","Very likeable","Sponsor","","",""
"R00155","socials",43,"Female","Lower secondary","United States","North America","Employed full-time","Other services","Vinta Harvest Classic","Ben Quadinaros",5,"Unlikely","Good","Bad","Ok","Ok","Ok","Ok","For the speed and the thrill","To support a favourite driver","","","","Don't know this brand","Very unlikeable","Sponsor","Very likeable","Don't know this brand","","",""
"R00156","email",42,"Male","Upper secondary","Brazil","Latin America","Not in labour force","Information and communication","Vinta Harvest Classic","Sebulba",7,"Unlikely","Bad","Very bad","Very bad","Bad","Bad","Bad","For the speed and the thrill","To support a favourite driver","","","","Not a sponsor","Likeable","Sponsor","","Sponsor","Very likeable","",""
"R00157","panel",38,"Female","Upper secondary","United States","North America","Student","Human health and social work","Phoebos Memorial Run","Sebulba",9,"Likely","Ok","Bad","Ok","Good","Good","Bad","For the speed and the thrill","","","A day out with friends and family","","Don't know this brand","Unlikeable","Don't know this brand","Likeable","Don't know this brand","","",""
"R00158","socials",26,"Female","Upper secondary","United States","North America","Unemployed","Wholesale and retail trade","Boonta Eve Classic","Anakin Skywalker",8,"Not sure","Bad","Bad","Ok","Very bad","Bad","Ok","For the speed and the thrill","To support a favourite driver","","A day out with friends and family","","Not a sponsor","Likeable","Not a sponsor","Likeable","Sponsor","","","Ody Mandrell's pit work was organized, though the racer himself lacked the killer instinct."
"R00159","email",43,"Female","Upper secondary","United States","North America","Employed full-time","Wholesale and retail trade","Vinta Harvest Classic","Anakin Skywalker",5,"Very unlikely","Ok","Ok","Ok","Ok","Ok","Ok","For the speed and the thrill","To support a favourite driver","For the betting and the wupiupi","A day out with friends and family","","Not a sponsor","Unlikeable","Not a sponsor","Likeable","Not a sponsor","Likeable","",""
"R00160","panel",54,"Female","Upper secondary","Sweden","Europe","Student","Information and communication","Phoebos Memorial Run","Boles Roor",9,"Very likely","Ok","Good","Ok","Good","Good","Good","For the speed and the thrill","To support a favourite driver","","","","Not a sponsor","Very unlikeable","Sponsor","Unlikeable","Not a sponsor","Very likeable","The track surface texture looks perfect for racing.","Profit extraction was the clear priority all day."
"R00161","panel",47,"Female","Short-cycle tertiary","Brazil","Latin America","Unemployed","Information and communication","Mos Espa Circuit","Dud Bolt",10,"Not sure","Bad","Bad","Ok","Ok","Ok","Ok","","To support a favourite driver","","","Boonta Eve tradition","Not a sponsor","Unlikeable","Sponsor","Very likeable","Sponsor","Likeable","The medical tent staff were clearly highly trained.",""
"R00162","email",16,"Male","Short-cycle tertiary","Sweden","Europe","Not in labour force","Arts and entertainment","Boonta Eve Classic","Anakin Skywalker",4,"Not sure","Bad","Bad","Bad","Ok","Very bad","Bad","For the speed and the thrill","","For the betting and the wupiupi","","Boonta Eve tradition","Sponsor","Very likeable","Sponsor","Likeable","Sponsor","","","Ody Mandrell wouldn't make anyone's highlight reel, but he was solid."
"R00163","panel",38,"Male","Bachelor or equivalent","United Kingdom","Europe","Employed full-time","Financial and insurance","Vinta Harvest Classic","Anakin Skywalker",7,"Not sure","Very good","Good","Bad","Ok","Ok","Ok","","To support a favourite driver","","A day out with friends and family","","Don't know this brand","Unlikeable","","Very likeable","Don't know this brand","Unlikeable","",""
"R00164","panel",32,"Male","Master or equivalent","France","Europe","Not in labour force","","Phoebos Memorial Run","Ody Mandrell",8,"Not sure","Ok","Very bad","Ok","Ok","Very bad","Bad","For the speed and the thrill","To support a favourite driver","","","","Not a sponsor","Likeable","Don't know this brand","Likeable","Don't know this brand","Very likeable","",""
"R00165","socials",33,"Female","Short-cycle tertiary","United States","North America","Employed full-time","Wholesale and retail trade","Phoebos Memorial Run","Teemto Pagalies",9,"Very likely","Ok","Good","Good","Ok","Ok","Ok","For the speed and the thrill","","For the betting and the wupiupi","A day out with friends and family","Boonta Eve tradition","","Likeable","Not a sponsor","Unlikeable","Sponsor","Very likeable","Sebulba's sportsmanship in victory would have been graceful too.",""
"R00166","in_app",30,"Male","Upper secondary","Germany","Europe","","Financial and insurance","Mos Espa Circuit","Ody Mandrell",10,"Very likely","Very good","Good","Ok","Very good","Good","Ok","For the speed and the thrill","","","A day out with friends and family","","Sponsor","","Don't know this brand","Very likeable","Sponsor","","Phoebos Memorial Run exceeded all our expectations going in.","The track layout encourages genuine racing not just speed."
"R00167","in_app",17,"Male","Bachelor or equivalent","United States","North America","Unemployed","Arts and entertainment","Boonta Eve Classic","Anakin Skywalker",5,"Unlikely","Very bad","Very bad","Bad","Good","Very bad","Bad","","","","A day out with friends and family","","Sponsor","Unlikeable","Sponsor","Very unlikeable","Sponsor","Likeable","Andobi Mountain Run features more competitive racing overall.",""
"R00168","panel",36,"Male","Primary or less","Canada","North America","Employed full-time","Information and communication","Vinta Harvest Classic","Boles Roor",9,"Very likely","Very good","Very bad","Good","Ok","Ok","Bad","For the speed and the thrill","","","","Boonta Eve tradition","Sponsor","Likeable","Not a sponsor","Likeable","","Very likeable","Vinta Harvest Classic is now on our must-do list.",""
"R00169","panel",48,"Male","Bachelor or equivalent","Mexico","North America","Employed full-time","Manufacturing","Boonta Eve Classic","Ben Quadinaros",6,"Very likely","Very good","Good","Bad","Ok","Good","Ok","For the speed and the thrill","","","","","Sponsor","Likeable","Don't know this brand","Likeable","Sponsor","","Boles Roor never should have entered this race.",""
"R00170","panel",52,"Male","Short-cycle tertiary","United States","North America","Not in labour force","Manufacturing","Boonta Eve Classic","Teemto Pagalies",9,"Likely","Very good","Bad","Ok","Very good","Good","Good","For the speed and the thrill","To support a favourite driver","For the betting and the wupiupi","","","","Very likeable","Sponsor","Likeable","Sponsor","Likeable","",""
"R00171","panel",38,"Female","Doctoral or equivalent","United States","North America","Employed full-time","Manufacturing","Phoebos Memorial Run","Ody Mandrell",7,"Not sure","Ok","Bad","Ok","Good","Very bad","Ok","","To support a favourite driver","For the betting and the wupiupi","A day out with friends and family","","Sponsor","","Sponsor","Unlikeable","Sponsor","Unlikeable","",""
"R00172","panel",23,"Male","Upper secondary","United States","North America","Student","Education","Boonta Eve Classic","Anakin Skywalker",8,"Likely","Very good","Ok","Ok","Very good","Very good","Very good","For the speed and the thrill","To support a favourite driver","For the betting and the wupiupi","A day out with friends and family","","Don't know this brand","Likeable","Not a sponsor","Unlikeable","Not a sponsor","Likeable","","The security sweeps meant everyone felt safe."
"R00173","panel",25,"Female","Short-cycle tertiary","United Kingdom","Europe","Employed full-time","Human health and social work","Andobi Mountain Run","Gasgano",6,"Very unlikely","Ok","Very bad","Bad","Bad","Very bad","Very bad","For the speed and the thrill","","For the betting and the wupiupi","","Boonta Eve tradition","Not a sponsor","","Not a sponsor","Unlikeable","Don't know this brand","Unlikeable","Ratts Tyerell needs to retire due to mechanical unreliability.","Phoebos Memorial Run has an energy unlike any other event I've attended."
"R00174","socials",25,"Female","","Mexico","North America","Employed full-time","Public administration","Boonta Eve Classic","Sebulba",10,"Very likely","Very good","Good","Ok","Very good","Very good","Very good","For the speed and the thrill","To support a favourite driver","","","","Sponsor","","Don't know this brand","Very likeable","Not a sponsor","Very likeable","","Dud Bolt's qualifying run was solid, though the main event didn't go to plan."
"R00175","panel",39,"","Upper secondary","United States","North America","Employed full-time","Arts and entertainment","Boonta Eve Classic","Sebulba",10,"Very likely","Very good","Good","Good","Ok","Good","Good","For the speed and the thrill","To support a favourite driver","","","","Sponsor","Very likeable","Not a sponsor","Unlikeable","Don't know this brand","Likeable","","Truguts for beverages were absolutely marked up beyond reason."
"R00176","email",29,"Male","Master or equivalent","United States","North America","Employed full-time","Financial and insurance","Boonta Eve Classic","Teemto Pagalies",8,"Unlikely","Bad","Bad","Ok","Good","Bad","Bad","For the speed and the thrill","","","A day out with friends and family","","Don't know this brand","Unlikeable","Sponsor","","Sponsor","Likeable","","Mawhonic drove recklessly and injured another pilot, no consequences."
"R00177","socials",67,"Female","Short-cycle tertiary","United States","North America","Employed full-time","Manufacturing","Phoebos Memorial Run","Dud Bolt",5,"Unlikely","Very bad","Bad","Ok","Bad","Bad","Ok","","To support a favourite driver","","","","","","Sponsor","","Sponsor","Likeable","Security personnel were undertrained and unprofessional entirely.","Race penalties were inconsistent and often favored certain drivers."
"R00178","panel",29,"Male","Upper secondary","United States","North America","Employed full-time","Arts and entertainment","Boonta Eve Classic","Sebulba",10,"Likely","Very good","Good","Ok","Very good","Good","Good","For the speed and the thrill","","","A day out with friends and family","","Sponsor","Unlikeable","Not a sponsor","Likeable","Sponsor","Likeable","The vendor selection was diverse, something for everyone.",""
"R00179","socials",34,"Male","Upper secondary","France","Europe","Employed full-time","Public administration","Andobi Mountain Run","Dud Bolt",10,"Likely","Good","Bad","Good","Ok","Ok","Good","For the speed and the thrill","To support a favourite driver","","A day out with friends and family","","Don't know this brand","Likeable","Don't know this brand","Likeable","Sponsor","Likeable","","Boles Roor proved that clever driving beats sheer horsepower."
"R00180","panel",30,"Male","Bachelor or equivalent","United Kingdom","Europe","Employed full-time","Information and communication","Boonta Eve Classic","Ody Mandrell",9,"Not sure","Bad","Ok","Ok","Ok","Very good","Ok","For the speed and the thrill","","For the betting and the wupiupi","A day out with friends and family","Boonta Eve tradition","Not a sponsor","Likeable","Sponsor","Unlikeable","Sponsor","Likeable","",""
"R00181","socials",24,"Male","Bachelor or equivalent","United States","North America","Student","Education","Boonta Eve Classic","Ratts Tyerell",9,"Very likely","Very good","Ok","Good","Bad","Ok","Bad","For the speed and the thrill","","","","","Not a sponsor","","Don't know this brand","Very likeable","","","",""
"R00182","in_app",42,"Male","Bachelor or equivalent","Australia","Oceania","Employed full-time","Public administration","Andobi Mountain Run","Boles Roor",7,"Likely","Good","Very bad","Bad","Bad","Bad","Bad","For the speed and the thrill","To support a favourite driver","For the betting and the wupiupi","","","Don't know this brand","Likeable","Sponsor","Very unlikeable","","Unlikeable","",""
"R00183","socials",26,"","Primary or less","Germany","Europe","Not in labour force","Human health and social work","Boonta Eve Classic","Boles Roor",10,"Not sure","Ok","Bad","Good","Ok","Bad","Ok","For the speed and the thrill","","","","Boonta Eve tradition","Not a sponsor","","","Likeable","Not a sponsor","Very likeable","",""
"R00184","socials",32,"Male","","France","Europe","Employed full-time","Education","Vinta Harvest Classic","Dud Bolt",8,"Likely","Good","Ok","Good","Very good","Ok","Ok","For the speed and the thrill","To support a favourite driver","","","","Sponsor","Very unlikeable","Don't know this brand","Very likeable","Not a sponsor","Likeable","",""
"R00185","panel",29,"Male","Primary or less","United States","North America","Employed full-time","Arts and entertainment","Boonta Eve Classic","Anakin Skywalker",8,"Not sure","Good","Bad","Bad","Ok","Bad","Good","For the speed and the thrill","","","A day out with friends and family","","Not a sponsor","","Don't know this brand","Very likeable","Don't know this brand","Likeable","","The opening lap action was genuinely thrilling."
"R00186","email",16,"Female","Upper secondary","Canada","North America","Employed full-time","Financial and insurance","Boonta Eve Classic","Mawhonic",6,"Not sure","Bad","Very bad","Very bad","Very bad","Very bad","Good","","To support a favourite driver","For the betting and the wupiupi","","Boonta Eve tradition","Sponsor","Likeable","Sponsor","Likeable","Sponsor","Likeable","","Boles Roor's strategy of going wide in turn three paid off massively."
"R00187","email",40,"Male","Upper secondary","United States","North America","Employed full-time","Education","Phoebos Memorial Run","Anakin Skywalker",8,"Likely","Very good","Ok","Bad","Very good","Good","Good","For the speed and the thrill","To support a favourite driver","","","","","Likeable","Don't know this brand","Very likeable","Sponsor","Likeable","","Gasgano's conservative early-race strategy paid dividends."
"R00188","panel",34,"Male","Upper secondary","United States","North America","Student","Financial and insurance","Vinta Harvest Classic","Sebulba",9,"Very likely","Ok","Good","Ok","Very good","Very good","Good","For the speed and the thrill","To support a favourite driver","","A day out with friends and family","","Sponsor","Unlikeable","Sponsor","Unlikeable","Not a sponsor","Likeable","The pit crews had everything under control, impressive teamwork.","The Mos Espa Circuit's design favors aggressive racers, which benefited some more than others."
"R00189","socials",22,"Female","Upper secondary","Mexico","North America","Not in labour force","Information and communication","Boonta Eve Classic","Boles Roor",5,"Not sure","Ok","Bad","Very bad","Ok","Very bad","Bad","","To support a favourite driver","For the betting and the wupiupi","","Boonta Eve tradition","Sponsor","Very likeable","Don't know this brand","","Sponsor","Likeable","Fode made so many mistakes calling the race, it was embarrassing to watch.",""
"R00190","panel",48,"Female","Upper secondary","Australia","Oceania","Employed full-time","Wholesale and retail trade","Boonta Eve Classic","Anakin Skywalker",5,"Unlikely","Very bad","Ok","Ok","Ok","Very bad","Very bad","For the speed and the thrill","To support a favourite driver","For the betting and the wupiupi","","Boonta Eve tradition","Don't know this brand","Unlikeable","Not a sponsor","Unlikeable","Sponsor","Likeable","","Dud Bolt's crash sparked a fire that scared everyone nearby."
"R00191","email",17,"Male","Master or equivalent","Mexico","North America","Employed full-time","Human health and social work","Boonta Eve Classic","Ody Mandrell",7,"Not sure","Ok","Ok","Ok","Ok","Bad","Ok","For the speed and the thrill","To support a favourite driver","","A day out with friends and family","","Sponsor","Likeable","Sponsor","Unlikeable","Not a sponsor","Likeable","",""
"R00192","panel",16,"Female","Bachelor or equivalent","United Kingdom","Europe","Not in labour force","Manufacturing","Boonta Eve Classic","",6,"Likely","Good","Bad","Bad","Good","Ok","Very good","For the speed and the thrill","To support a favourite driver","For the betting and the wupiupi","A day out with friends and family","Boonta Eve tradition","Sponsor","Unlikeable","Sponsor","Very unlikeable","Don't know this brand","Likeable","Security kicked people out for minor things but ignored real problems.",""
"R00193","panel",24,"Male","Upper secondary","Australia","Oceania","Student","Human health and social work","Mos Espa Circuit","Dud Bolt",8,"Very likely","Good","Ok","Bad","Bad","Very good","Bad","For the speed and the thrill","","","","Boonta Eve tradition","Don't know this brand","Unlikeable","Sponsor","Likeable","Not a sponsor","Likeable","","Ody Mandrell's performance was unremarkable, though his engineering was clearly competent."
"R00194","email",18,"Male","Bachelor or equivalent","Japan","Asia","Employed full-time","Public administration","Boonta Eve Classic","Sebulba",4,"Not sure","Bad","Ok","Bad","Bad","Very bad","Bad","For the speed and the thrill","To support a favourite driver","","","Boonta Eve tradition","Not a sponsor","Very unlikeable","Not a sponsor","Likeable","Not a sponsor","Likeable","I definitely would not return to this event ever again.","Anakin's dominance was comprehensive and complete."
"R00195","panel",41,"Female","Bachelor or equivalent","Mexico","North America","Employed part-time","Financial and insurance","Vinta Harvest Classic","Ody Mandrell",6,"Unlikely","Bad","Very bad","Very bad","Good","Very bad","Ok","For the speed and the thrill","To support a favourite driver","","A day out with friends and family","","Not a sponsor","Likeable","Sponsor","Very unlikeable","Sponsor","Likeable","Ride-sharing was impossible due to location factors.",""
"R00196","panel",33,"Female","Bachelor or equivalent","United States","North America","Employed full-time","Human health and social work","Boonta Eve Classic","Ratts Tyerell",9,"Very likely","Very good","Good","Good","Ok","Very good","Ok","For the speed and the thrill","To support a favourite driver","For the betting and the wupiupi","","","Sponsor","Likeable","Not a sponsor","Very likeable","Not a sponsor","","Boles Roor's brake management into turn one was textbook precision.",""
"R00197","in_app",28,"Male","Lower secondary","United Kingdom","Europe","Unemployed","","Andobi Mountain Run","Anakin Skywalker",7,"Likely","Ok","Good","Bad","Ok","Ok","Good","For the speed and the thrill","To support a favourite driver","","A day out with friends and family","","","","Not a sponsor","Likeable","Not a sponsor","Likeable","",""
"R00198","panel",32,"Female","Lower secondary","United Kingdom","Europe","Student","Public administration","Phoebos Memorial Run","Anakin Skywalker",7,"Likely","Good","Very good","Ok","Good","Good","Ok","For the speed and the thrill","To support a favourite driver","For the betting and the wupiupi","","Boonta Eve tradition","Sponsor","Likeable","Don't know this brand","Very likeable","Not a sponsor","Likeable","",""
"R00199","panel",21,"Male","","Sweden","Europe","Student","Arts and entertainment","Boonta Eve Classic","Dud Bolt",10,"Very likely","Good","Bad","Good","Good","Very good","Good","For the speed and the thrill","To support a favourite driver","For the betting and the wupiupi","A day out with friends and family","","Not a sponsor","Likeable","Sponsor","Unlikeable","Not a sponsor","Likeable","Can't believe how well organised the marshals were, felt completely safe the whole race.","Mawhonic's crew had speed but not luck on their side that day."
"R00200","in_app",34,"Female","Bachelor or equivalent","Germany","Europe","Employed full-time","Education","Vinta Harvest Classic","Mawhonic",8,"Not sure","Ok","Bad","Very good","Very good","Ok","Good","For the speed and the thrill","To support a favourite driver","","","Boonta Eve tradition","Not a sponsor","Unlikeable","Sponsor","Unlikeable","Don't know this brand","Very unlikeable","","Fode called the wrong winner, had to be corrected."
"R00201","email",34,"Female","Upper secondary","United States","North America","Employed full-time","Manufacturing","Vinta Harvest Classic","Mawhonic",4,"Unlikely","Very bad","Bad","Very bad","Bad","Very bad","Bad","For the speed and the thrill","","","","","Don't know this brand","Likeable","","Likeable","Sponsor","","",""
"R00202","panel",31,"Female","Short-cycle tertiary","Brazil","Latin America","Employed full-time","Education","Boonta Eve Classic","Anakin Skywalker",8,"Not sure","Good","Bad","Ok","Very good","Bad","Good","For the speed and the thrill","","","A day out with friends and family","","Sponsor","","Not a sponsor","Unlikeable","Sponsor","Unlikeable","",""
"R00203","in_app",32,"Male","Bachelor or equivalent","United States","North America","Not in labour force","Wholesale and retail trade","Vinta Harvest Classic","Anakin Skywalker",8,"Very likely","Ok","Good","Ok","Good","Very good","Good","For the speed and the thrill","To support a favourite driver","","","Boonta Eve tradition","","Very likeable","Sponsor","","Not a sponsor","Unlikeable","","Dud Bolt's qualifying performance raised expectations he couldn't maintain."
"R00204","panel",19,"Prefer not to answer","Master or equivalent","United States","North America","Employed full-time","Wholesale and retail trade","Phoebos Memorial Run","Anakin Skywalker",10,"Very likely","Very good","Very good","Bad","Very good","Good","Good","","To support a favourite driver","","A day out with friends and family","","Not a sponsor","","Not a sponsor","Very likeable","Sponsor","Unlikeable","Teemto Pagalies had us on the edge of our seats the whole race.",""
"R00205","socials",43,"Female","Short-cycle tertiary","United States","North America","Employed full-time","Financial and insurance","Mos Espa Circuit","Sebulba",4,"Not sure","Bad","Bad","Ok","Ok","Very bad","Ok","","To support a favourite driver","","","","Sponsor","Very unlikeable","Not a sponsor","Very likeable","Sponsor","Unlikeable","Gasgano's cheating is so obvious that it's offensive to real racers.",""
"R00206","panel",16,"Female","Lower secondary","Brazil","Latin America","Student","Manufacturing","Boonta Eve Classic","Anakin Skywalker",7,"Not sure","Bad","Very bad","Ok","Bad","Bad","Good","For the speed and the thrill","","","","Boonta Eve tradition","Not a sponsor","Very likeable","Not a sponsor","","Not a sponsor","Likeable","",""
"R00207","email",59,"Female","Master or equivalent","United Kingdom","Europe","Employed part-time","Human health and social work","Andobi Mountain Run","Sebulba",4,"Unlikely","Good","Ok","Ok","Ok","Ok","Ok","For the speed and the thrill","","","","","Not a sponsor","Likeable","Not a sponsor","Likeable","Sponsor","Likeable","",""
"R00208","panel",51,"Female","Short-cycle tertiary","United States","North America","Student","Manufacturing","Phoebos Memorial Run","Teemto Pagalies",4,"Unlikely","Bad","Very bad","Bad","Ok","Very bad","Bad","For the speed and the thrill","To support a favourite driver","","A day out with friends and family","Boonta Eve tradition","Sponsor","","Sponsor","Likeable","Not a sponsor","Very unlikeable","Boonta Eve Classic has lost all its charm and prestige.",""
"R00209","socials",38,"Female","Short-cycle tertiary","Brazil","Latin America","Student","Public administration","Mos Espa Circuit","Gasgano",7,"Not sure","Ok","Bad","Very bad","Good","Bad","Good","For the speed and the thrill","To support a favourite driver","For the betting and the wupiupi","A day out with friends and family","Boonta Eve tradition","Sponsor","Likeable","Sponsor","Likeable","Don't know this brand","Unlikeable","","The overall pricing strategy is predatory."
"R00210","socials",16,"Male","Bachelor or equivalent","United States","North America","Employed full-time","Information and communication","Boonta Eve Classic","Sebulba",6,"Not sure","Ok","Ok","Ok","Good","Bad","Ok","For the speed and the thrill","","For the betting and the wupiupi","A day out with friends and family","Boonta Eve tradition","Sponsor","","Not a sponsor","Very likeable","Don't know this brand","Very unlikeable","",""
"R00211","in_app",37,"Male","Upper secondary","Brazil","Latin America","Employed full-time","Wholesale and retail trade","Boonta Eve Classic","Anakin Skywalker",7,"Unlikely","Bad","Good","Very bad","Bad","Ok","Bad","For the speed and the thrill","","","A day out with friends and family","","Not a sponsor","","Not a sponsor","","Not a sponsor","Very likeable","","Racing at its finest, these drivers are genuinely talented."
"R00212","panel",16,"Male","Upper secondary","United Kingdom","Europe","Employed full-time","Manufacturing","Phoebos Memorial Run","Gasgano",10,"Very likely","Very good","Bad","Ok","Ok","Very good","Good","For the speed and the thrill","","","","Boonta Eve tradition","Sponsor","Very unlikeable","Sponsor","Unlikeable","Sponsor","Likeable","","Sebulba's dominance made for a predictable narrative arc."
"R00213","email",29,"Female","Master or equivalent","United Kingdom","Europe","Employed full-time","Information and communication","Phoebos Memorial Run","Anakin Skywalker",9,"Likely","Good","Ok","Bad","Bad","Bad","Ok","For the speed and the thrill","To support a favourite driver","","A day out with friends and family","","Sponsor","Unlikeable","Don't know this brand","Likeable","Not a sponsor","Very likeable","","The race format was confusing and poorly explained to spectators."
"R00214","email",41,"Female","Bachelor or equivalent","Mexico","North America","Employed full-time","Information and communication","Boonta Eve Classic","Ratts Tyerell",7,"Not sure","Ok","Bad","Ok","Good","Bad","Bad","For the speed and the thrill","To support a favourite driver","","A day out with friends and family","","Not a sponsor","","Not a sponsor","","Not a sponsor","Very unlikeable","",""
"R00215","panel",42,"Female","Short-cycle tertiary","United States","North America","Student","Wholesale and retail trade","Andobi Mountain Run","Ody Mandrell",9,"Not sure","Good","Bad","Bad","Good","Good","Ok","For the speed and the thrill","To support a favourite driver","","A day out with friends and family","Boonta Eve tradition","Not a sponsor","","Sponsor","Very likeable","Not a sponsor","Likeable","Ody Mandrell's engineering team deserves credit too.",""
"R00216","panel",32,"Male","Upper secondary","United States","North America","Employed full-time","Financial and insurance","Boonta Eve Classic","Anakin Skywalker",8,"Not sure","Very good","Ok","Bad","Good","Ok","Good","For the speed and the thrill","","","","","Don't know this brand","Likeable","Not a sponsor","Unlikeable","Don't know this brand","Unlikeable","","Mawhonic's telemetry data must show incredible consistency."
"R00217","in_app",29,"Male","Primary or less","Australia","Oceania","Student","Arts and entertainment","Boonta Eve Classic","Gasgano",8,"Not sure","Good","Ok","Bad","Ok","Bad","Very bad","For the speed and the thrill","","","","","Don't know this brand","Very likeable","Don't know this brand","Very unlikeable","Not a sponsor","Very likeable","",""
"R00218","in_app",35,"Female","Lower secondary","United States","North America","Not in labour force","Arts and entertainment","Vinta Harvest Classic","Anakin Skywalker",10,"Very likely","Very good","Ok","Good","Very good","Good","Good","","To support a favourite driver","","A day out with friends and family","","Don't know this brand","Very unlikeable","Sponsor","","Not a sponsor","Unlikeable","",""
"R00219","in_app",16,"Female","Upper secondary","France","Europe","Unemployed","Financial and insurance","Boonta Eve Classic","Anakin Skywalker",8,"Not sure","Good","Ok","Very bad","Bad","Good","Ok","For the speed and the thrill","","","","","Sponsor","","","Likeable","Not a sponsor","","",""
"R00220","socials",27,"Female","Short-cycle tertiary","Mexico","North America","Employed full-time","Information and communication","Phoebos Memorial Run","Ben Quadinaros",5,"Unlikely","Ok","Bad","Ok","Bad","Ok","Ok","For the speed and the thrill","","","","","","","Sponsor","Unlikeable","Not a sponsor","Unlikeable","","Ratts Tyerell's aggression was tempered with good judgment."
"R00221","panel",54,"Female","Upper secondary","United States","North America","Employed full-time","Arts and entertainment","Phoebos Memorial Run","Anakin Skywalker",8,"Not sure","Ok","Bad","Ok","Ok","Ok","Bad","For the speed and the thrill","To support a favourite driver","","","","Not a sponsor","Very likeable","","Very likeable","Not a sponsor","Very likeable","",""
"R00222","panel",16,"Male","Doctoral or equivalent","Mexico","North America","Employed full-time","Public administration","Mos Espa Circuit","Anakin Skywalker",9,"Likely","Good","Ok","Ok","Ok","Ok","Ok","For the speed and the thrill","","For the betting and the wupiupi","","","Don't know this brand","Likeable","Don't know this brand","Unlikeable","Sponsor","","Sebulba showed sportsmanship in the post-race interviews.",""
"R00223","socials",52,"Male","Lower secondary","Canada","North America","Employed full-time","Human health and social work","Andobi Mountain Run","Sebulba",7,"Not sure","Bad","Very bad","Bad","Ok","Very bad","Ok","For the speed and the thrill","To support a favourite driver","For the betting and the wupiupi","A day out with friends and family","Boonta Eve tradition","Not a sponsor","Unlikeable","Sponsor","Likeable","Not a sponsor","Unlikeable","",""
"R00224","socials",38,"Male","Bachelor or equivalent","United States","North America","Not in labour force","Other services","Boonta Eve Classic","Ben Quadinaros",7,"Unlikely","Bad","Very bad","Very bad","Ok","Very bad","Very bad","For the speed and the thrill","","","","","Sponsor","Unlikeable","Don't know this brand","Unlikeable","Sponsor","Likeable","","Fode's voice acting is completely overwrought and obnoxious."
"R00225","email",28,"Male","Short-cycle tertiary","Brazil","Latin America","Employed full-time","Arts and entertainment","Boonta Eve Classic","Teemto Pagalies",8,"Likely","Good","Bad","Ok","Very good","Good","Good","For the speed and the thrill","","For the betting and the wupiupi","","Boonta Eve tradition","Not a sponsor","Very likeable","Sponsor","","Sponsor","Likeable","",""
"R00226","panel",59,"Female","Bachelor or equivalent","United States","North America","Not in labour force","Other services","Vinta Harvest Classic","Teemto Pagalies",9,"Likely","Ok","Bad","Good","Very good","Bad","Ok","For the speed and the thrill","","","A day out with friends and family","Boonta Eve tradition","Sponsor","Very likeable","Not a sponsor","Very likeable","Don't know this brand","Likeable","The family packages represented genuine value for money.",""
"R00227","socials",32,"Male","Master or equivalent","France","Europe","Student","Financial and insurance","Boonta Eve Classic","Teemto Pagalies",9,"Not sure","Ok","Good","Good","Very good","Ok","Ok","For the speed and the thrill","To support a favourite driver","","","","Sponsor","","Don't know this brand","Very likeable","Sponsor","Likeable","",""
"R00228","panel",55,"Female","Master or equivalent","United Kingdom","Europe","Not in labour force","Human health and social work","Phoebos Memorial Run","Ratts Tyerell",7,"Unlikely","Good","Good","Ok","Good","Bad","Ok","For the speed and the thrill","To support a favourite driver","","","","Sponsor","Likeable","Not a sponsor","Unlikeable","Not a sponsor","Very likeable","","The restroom queues were well-managed."
"R00229","socials",32,"Female","Upper secondary","Germany","Europe","Employed full-time","Public administration","Boonta Eve Classic","Sebulba",7,"Unlikely","Good","Bad","Ok","Good","Bad","Bad","For the speed and the thrill","To support a favourite driver","","","","Sponsor","","Sponsor","Very likeable","Sponsor","Unlikeable","",""
"R00230","socials",39,"Male","Bachelor or equivalent","Germany","Europe","Student","Financial and insurance","Boonta Eve Classic","Sebulba",9,"Very likely","Very good","Good","Bad","Ok","Good","Ok","","To support a favourite driver","","A day out with friends and family","Boonta Eve tradition","","Likeable","Not a sponsor","Unlikeable","","","The air quality at the venue was surprisingly clear today.",""
"R00231","email",25,"Male","Bachelor or equivalent","United States","North America","Employed full-time","Other services","Boonta Eve Classic","Anakin Skywalker",8,"Not sure","Ok","Ok","Ok","Good","Bad","Good","For the speed and the thrill","To support a favourite driver","","A day out with friends and family","","Not a sponsor","","Sponsor","Likeable","Not a sponsor","","","Boles Roor's race was forgettable in the best sense - no drama, just driving."
"R00232","email",21,"Male","Upper secondary","France","Europe","Employed part-time","Arts and entertainment","Boonta Eve Classic","Gasgano",9,"Very likely","Very good","Bad","Very good","Good","Ok","Very good","For the speed and the thrill","To support a favourite driver","","","","Not a sponsor","Unlikeable","Don't know this brand","Unlikeable","Sponsor","","",""
"R00233","socials",16,"Male","Upper secondary","Canada","North America","Employed part-time","Human health and social work","Andobi Mountain Run","Sebulba",6,"Unlikely","Ok","Bad","Very bad","Ok","Bad","Ok","For the speed and the thrill","","For the betting and the wupiupi","","","Not a sponsor","Likeable","Don't know this brand","Likeable","Don't know this brand","","Malastare drivers dominated the field too much, no real competition.",""
"R00234","panel",25,"Male","Upper secondary","Brazil","Latin America","","Arts and entertainment","Vinta Harvest Classic","",9,"Likely","Good","Ok","Ok","Bad","Ok","Bad","For the speed and the thrill","","","","","Don't know this brand","Likeable","Don't know this brand","Likeable","Sponsor","Very likeable","The sponsorship activation areas didn't interfere with spectator enjoyment.",""
"R00235","panel",41,"Female","Bachelor or equivalent","United States","North America","Employed full-time","Arts and entertainment","Boonta Eve Classic","Sebulba",9,"Likely","Good","Bad","Bad","Bad","Ok","Bad","For the speed and the thrill","To support a favourite driver","","A day out with friends and family","Boonta Eve tradition","Sponsor","Likeable","Not a sponsor","Very likeable","Don't know this brand","Very unlikeable","The crowd management was excellent, never felt uncomfortable or crowded.",""
"R00236","socials",19,"Female","Upper secondary","Japan","Asia","Student","","Andobi Mountain Run","Ody Mandrell",6,"Not sure","Ok","Bad","Ok","Very good","Very bad","Ok","","To support a favourite driver","","","Boonta Eve tradition","Don't know this brand","Very likeable","Not a sponsor","Likeable","Sponsor","Very likeable","Race equipment inspection standards are way too lenient.",""
"R00237","panel",18,"Male","Upper secondary","Brazil","Latin America","Employed part-time","Information and communication","Andobi Mountain Run","Sebulba",9,"Likely","Very good","Bad","Good","Very good","Very good","Good","For the speed and the thrill","","","A day out with friends and family","","Don't know this brand","Likeable","Sponsor","Likeable","Sponsor","Unlikeable","",""
"R00238","panel",27,"Female","Upper secondary","Mexico","North America","Student","Manufacturing","Boonta Eve Classic","Anakin Skywalker",8,"Not sure","Ok","Bad","Ok","Good","Very good","Bad","","To support a favourite driver","For the betting and the wupiupi","","","Sponsor","Unlikeable","Not a sponsor","Very likeable","Don't know this brand","Very likeable","",""
"R00239","socials",34,"Female","","Japan","Asia","Unemployed","Human health and social work","Boonta Eve Classic","Sebulba",7,"Not sure","Very good","Good","Ok","Good","Ok","Ok","","To support a favourite driver","","A day out with friends and family","","Sponsor","Likeable","Sponsor","Likeable","Not a sponsor","Very unlikeable","","Gasgano's unsportsmanlike conduct should have gotten him banned."
"R00240","panel",26,"Female","Short-cycle tertiary","Australia","Oceania","Not in labour force","Arts and entertainment","Andobi Mountain Run","Ben Quadinaros",5,"Very unlikely","Ok","Ok","Ok","Bad","Very bad","Ok","For the speed and the thrill","To support a favourite driver","","","","","Very likeable","Not a sponsor","Unlikeable","Sponsor","","The merchandise is overpriced junk with low quality materials.",""
"R00241","email",47,"Male","Master or equivalent","United States","North America","Employed full-time","Information and communication","Vinta Harvest Classic","Sebulba",9,"Unlikely","Very good","Bad","Ok","Ok","Very bad","Good","For the speed and the thrill","","","","","Don't know this brand","Unlikeable","Not a sponsor","Very likeable","Don't know this brand","Very likeable","Gasgano's car balance shifts between early and late race phases.","Food poisoning from the hot dog stand is a real possibility."
"R00242","in_app",36,"Non-binary","Bachelor or equivalent","United States","North America","Employed full-time","Wholesale and retail trade","Vinta Harvest Classic","Anakin Skywalker",10,"Very likely","Ok","Ok","Good","Very good","Ok","Ok","For the speed and the thrill","To support a favourite driver","","","","Sponsor","Likeable","Sponsor","Likeable","Sponsor","Likeable","",""
"R00243","email",32,"Male","Doctoral or equivalent","Japan","Asia","Not in labour force","Wholesale and retail trade","Vinta Harvest Classic","Anakin Skywalker",10,"Very likely","Very good","Ok","Bad","Very good","Good","Good","For the speed and the thrill","","","A day out with friends and family","Boonta Eve tradition","Sponsor","Likeable","Sponsor","Very likeable","Sponsor","","",""
"R00244","panel",19,"Male","Bachelor or equivalent","United States","North America","Student","Wholesale and retail trade","Vinta Harvest Classic","Ratts Tyerell",10,"Very likely","Good","Ok","Good","Good","Good","Very good","For the speed and the thrill","To support a favourite driver","","","Boonta Eve tradition","Sponsor","Likeable","Sponsor","Very likeable","Sponsor","Very likeable","Mawhonic's pit stops were quicker than I thought possible.",""
"R00245","panel",21,"Male","Upper secondary","Australia","Oceania","Employed part-time","Public administration","Andobi Mountain Run","Ratts Tyerell",5,"Not sure","Bad","Very bad","Very bad","Ok","Bad","Bad","For the speed and the thrill","To support a favourite driver","","","","Not a sponsor","Likeable","Not a sponsor","Unlikeable","Don't know this brand","","Vinta Harvest Classic shows how events should be run.",""
"R00246","email",38,"Male","Bachelor or equivalent","United States","North America","Employed full-time","Manufacturing","Mos Espa Circuit","Teemto Pagalies",10,"Very likely","Very good","Ok","Very good","Very good","Ok","Good","","To support a favourite driver","","","","Sponsor","Likeable","Sponsor","Likeable","Sponsor","Likeable","The track became more dangerous as the day went on but the marshals adapted.","Sebulba's aggression works in his favor so long as officials permit it."
"R00247","panel",28,"Male","Upper secondary","United States","North America","Not in labour force","Wholesale and retail trade","Boonta Eve Classic","Anakin Skywalker",10,"Very likely","Ok","Bad","Good","Very good","Good","Bad","For the speed and the thrill","To support a favourite driver","","","","Sponsor","Likeable","Don't know this brand","Unlikeable","Don't know this brand","Unlikeable","The ticket prices were fair given the quality of entertainment.","The event commentary team clearly communicates technical details well."
"R00248","panel",45,"Male","Master or equivalent","United States","North America","Employed full-time","Financial and insurance","Boonta Eve Classic","Anakin Skywalker",9,"Unlikely","Good","Good","Ok","Ok","Bad","Bad","For the speed and the thrill","To support a favourite driver","","A day out with friends and family","","Sponsor","Likeable","Sponsor","","Sponsor","Very likeable","The track surface was excellently maintained throughout.",""
"R00249","email",16,"Female","Bachelor or equivalent","United Kingdom","Europe","Employed part-time","Human health and social work","Boonta Eve Classic","Anakin Skywalker",8,"Likely","Good","Bad","Ok","Good","Good","Good","For the speed and the thrill","To support a favourite driver","For the betting and the wupiupi","","","Not a sponsor","Likeable","Sponsor","Very likeable","Not a sponsor","Unlikeable","","Anakin's victory was deserved, he drove brilliantly from start to finish."
"R00250","email",36,"Female","Upper secondary","Mexico","North America","Student","Human health and social work","Boonta Eve Classic","Gasgano",5,"Very likely","Good","Bad","Ok","Bad","Bad","Bad","","To support a favourite driver","","","","","","Not a sponsor","Likeable","Don't know this brand","Very likeable","Overbooked, overpriced, and over it all.","Teemto Pagalies' improvement over recent weeks shows real growth."
"R00251","panel",26,"Male","Upper secondary","United States","North America","Student","Human health and social work","Phoebos Memorial Run","Sebulba",9,"Not sure","Bad","Ok","Very bad","Good","Bad","Bad","For the speed and the thrill","To support a favourite driver","For the betting and the wupiupi","A day out with friends and family","Boonta Eve tradition","Sponsor","Very likeable","Sponsor","Likeable","Sponsor","Likeable","Boles Roor's overtake move in lap seven was executed perfectly.",""
"R00252","socials",50,"Female","Lower secondary","United States","North America","Employed full-time","Public administration","Boonta Eve Classic","Ratts Tyerell",10,"Likely","Very good","Very bad","Ok","Good","Bad","Good","For the speed and the thrill","To support a favourite driver","For the betting and the wupiupi","A day out with friends and family","Boonta Eve tradition","Don't know this brand","Likeable","Don't know this brand","Likeable","Sponsor","Unlikeable","The opening ceremony set the right tone perfectly.",""
"R00253","email",37,"Male","Upper secondary","United States","North America","Unemployed","Wholesale and retail trade","Boonta Eve Classic","Mawhonic",7,"Likely","Bad","Bad","Bad","Ok","Very bad","Ok","","","","A day out with friends and family","","Don't know this brand","Unlikeable","Not a sponsor","Very unlikeable","Don't know this brand","Very likeable","","Phoebos Memorial Run set the bar extremely high for other events."
"R00254","socials",20,"Male","Bachelor or equivalent","France","Europe","Student","Manufacturing","Phoebos Memorial Run","Dud Bolt",9,"Very likely","Very good","Ok","Good","Ok","Good","Very bad","For the speed and the thrill","","","","Boonta Eve tradition","Not a sponsor","Likeable","Don't know this brand","Very likeable","Not a sponsor","Likeable","Teemto Pagalies came of age as a driver today.",""
"R00255","email",16,"Male","Short-cycle tertiary","Brazil","Latin America","Employed full-time","Education","Mos Espa Circuit","Sebulba",8,"Very likely","Very good","Bad","Good","Very good","Very good","Very good","For the speed and the thrill","To support a favourite driver","For the betting and the wupiupi","A day out with friends and family","","Sponsor","Likeable","","Likeable","Sponsor","Unlikeable","","The pit radio communications showed trust between driver and crew."
"R00256","email",35,"Female","Short-cycle tertiary","Germany","Europe","Employed full-time","Information and communication","Boonta Eve Classic","",7,"Not sure","Ok","Very bad","Ok","Ok","Very bad","Good","","","","A day out with friends and family","Boonta Eve tradition","Don't know this brand","","Don't know this brand","Unlikeable","Sponsor","Likeable","","The ticket prices were absolutely ridiculous for what we got."
"R00257","email",28,"Male","Upper secondary","United States","North America","Employed full-time","Financial and insurance","Phoebos Memorial Run","Mawhonic",6,"Unlikely","Ok","Ok","Very bad","Ok","Very bad","Bad","For the speed and the thrill","","","A day out with friends and family","","Sponsor","Unlikeable","Don't know this brand","","Sponsor","Likeable","Mos Espa Circuit lacks basic infrastructure for this many people.",""
"R00258","panel",31,"Prefer not to answer","Lower secondary","Brazil","Latin America","Employed full-time","Arts and entertainment","Mos Espa Circuit","Anakin Skywalker",8,"Unlikely","Good","Very good","Bad","Ok","Good","Bad","For the speed and the thrill","To support a favourite driver","","","","Don't know this brand","Very likeable","","","Don't know this brand","Likeable","",""
"R00259","socials",30,"Male","Bachelor or equivalent","United Kingdom","Europe","Student","Public administration","Phoebos Memorial Run","Sebulba",3,"Unlikely","Bad","Ok","Bad","Good","Very bad","Bad","For the speed and the thrill","","","","Boonta Eve tradition","Sponsor","Likeable","Sponsor","Likeable","Don't know this brand","Likeable","Teemto Pagalies was trembling before the race started.",""
"R00260","panel",40,"Male","Master or equivalent","Mexico","North America","Student","Manufacturing","Phoebos Memorial Run","Mawhonic",8,"Not sure","Ok","Very bad","Ok","Bad","Bad","Ok","For the speed and the thrill","To support a favourite driver","","","Boonta Eve tradition","Not a sponsor","Unlikeable","Don't know this brand","Very unlikeable","Not a sponsor","Unlikeable","",""
"R00261","email",19,"Male","Lower secondary","United Kingdom","Europe","Employed full-time","Arts and entertainment","Vinta Harvest Classic","Sebulba",9,"Very likely","Good","Ok","Good","Very good","Ok","Ok","For the speed and the thrill","","For the betting and the wupiupi","A day out with friends and family","","Sponsor","Unlikeable","Not a sponsor","Very unlikeable","Sponsor","Very likeable","Anakin is genuinely the most exciting driver on the circuit.","The weather protection for spectators in the upper seating was appreciated."
"R00262","socials",70,"Male","Master or equivalent","Japan","Asia","Employed full-time","Wholesale and retail trade","Andobi Mountain Run","Anakin Skywalker",8,"Very likely","Very good","Ok","Good","Very good","Good","Good","For the speed and the thrill","","","A day out with friends and family","Boonta Eve tradition","Sponsor","Very likeable","Sponsor","Very likeable","Don't know this brand","","","Those pod engines are louder than anything I've heard, and I loved every second."
"R00263","email",36,"Male","Master or equivalent","Germany","Europe","Not in labour force","Education","Mos Espa Circuit","Anakin Skywalker",8,"Likely","Good","Bad","Ok","Good","Bad","Very bad","For the speed and the thrill","","","A day out with friends and family","","Don't know this brand","Very unlikeable","Not a sponsor","Likeable","Sponsor","Very unlikeable","",""
"R00264","socials",26,"Male","Bachelor or equivalent","Mexico","North America","Employed part-time","Other services","Vinta Harvest Classic","Anakin Skywalker",3,"Unlikely","Very bad","Bad","Very bad","Bad","Bad","Bad","","To support a favourite driver","","","Boonta Eve tradition","Sponsor","","Sponsor","Very likeable","Sponsor","Very likeable","Gasgano's cheating tactics went completely unpunished.","The environmental setup of Mos Espa Circuit is stunning."
"R00265","email",30,"Male","Upper secondary","Mexico","North America","Employed full-time","Manufacturing","Andobi Mountain Run","Sebulba",7,"Likely","Ok","Good","Good","Good","Ok","Good","For the speed and the thrill","To support a favourite driver","","","Boonta Eve tradition","Not a sponsor","","Not a sponsor","Likeable","Sponsor","Likeable","","Ben Quadinaros doesn't deserve his current win record at all."
"R00266","socials",39,"Male","Bachelor or equivalent","Brazil","Latin America","Employed full-time","Education","Phoebos Memorial Run","Anakin Skywalker",10,"Very likely","Very good","Bad","Good","Very good","Very good","Good","For the speed and the thrill","To support a favourite driver","","","","Sponsor","","Sponsor","Very likeable","Don't know this brand","Very likeable","",""
"R00267","socials",40,"Male","Lower secondary","Japan","Asia","Not in labour force","Information and communication","Vinta Harvest Classic","Anakin Skywalker",9,"Likely","Good","Ok","Good","Very good","Ok","Ok","For the speed and the thrill","","For the betting and the wupiupi","","Boonta Eve tradition","Not a sponsor","","Sponsor","","Not a sponsor","Very likeable","Gasgano handled the pressure situations like a true professional.","Beed's voice is perfect for race commentary, very authoritative yet entertaining."
"R00268","panel",16,"Male","Doctoral or equivalent","United States","North America","Employed full-time","Arts and entertainment","Phoebos Memorial Run","Anakin Skywalker",8,"Not sure","Very good","Bad","Ok","Ok","Ok","Ok","For the speed and the thrill","","","","","Not a sponsor","Very likeable","Sponsor","Likeable","Don't know this brand","Very likeable","",""
"R00269","socials",16,"Female","Short-cycle tertiary","United States","North America","Employed full-time","Education","Boonta Eve Classic","Sebulba",3,"Very unlikely","Bad","Very bad","Very bad","Very bad","Very bad","Bad","For the speed and the thrill","","For the betting and the wupiupi","A day out with friends and family","Boonta Eve tradition","Not a sponsor","Very likeable","Sponsor","Unlikeable","Don't know this brand","Likeable","Air quality from dust was genuinely hazardous to breathe.",""
"R00270","socials",31,"Female","","France","Europe","Student","Education","Phoebos Memorial Run","Anakin Skywalker",10,"Not sure","Very good","Very bad","Ok","Good","Ok","Ok","","","For the betting and the wupiupi","","Boonta Eve tradition","Don't know this brand","Very likeable","Don't know this brand","Likeable","Not a sponsor","Unlikeable","Ratts Tyerell's last lap push showed real class and ability.","Teemto Pagalies showed nerves of steel in that final corner."
"R00271","in_app",42,"Male","Master or equivalent","United States","North America","Employed full-time","Other services","Vinta Harvest Classic","Anakin Skywalker",7,"Likely","Good","Ok","Very good","Good","Good","Ok","For the speed and the thrill","To support a favourite driver","For the betting and the wupiupi","A day out with friends and family","Boonta Eve tradition","Not a sponsor","","Sponsor","Likeable","Not a sponsor","Likeable","",""
"R00272","in_app",34,"Male","Primary or less","United Kingdom","Europe","Employed part-time","Public administration","Phoebos Memorial Run","Gasgano",9,"Likely","Ok","Ok","Bad","Good","Bad","Bad","For the speed and the thrill","To support a favourite driver","For the betting and the wupiupi","A day out with friends and family","","Not a sponsor","Very unlikeable","Sponsor","Likeable","Don't know this brand","Likeable","",""
"R00273","panel",44,"","Bachelor or equivalent","Canada","North America","Unemployed","Information and communication","Vinta Harvest Classic","Gasgano",9,"Likely","Good","Ok","Bad","Good","Bad","Ok","For the speed and the thrill","","","A day out with friends and family","Boonta Eve tradition","Sponsor","Likeable","Sponsor","Very likeable","Don't know this brand","Likeable","Dud Bolt's qualifying lap shocked everyone.","Sebulba crashed into three other drivers without penalty."
"R00274","email",37,"Female","Upper secondary","United States","North America","Not in labour force","Human health and social work","Boonta Eve Classic","Anakin Skywalker",8,"Very likely","Good","Ok","Bad","Very good","Ok","Good","","","","A day out with friends and family","","Not a sponsor","Likeable","Not a sponsor","Likeable","Don't know this brand","Very likeable","","The crowd composition was diverse in betting interests, if nothing else."
"R00275","panel",37,"Female","Upper secondary","Mexico","North America","Student","Arts and entertainment","Vinta Harvest Classic","Boles Roor",8,"Likely","Bad","Bad","Ok","Bad","Ok","Ok","For the speed and the thrill","To support a favourite driver","","A day out with friends and family","Boonta Eve tradition","Sponsor","Very likeable","Sponsor","Likeable","Not a sponsor","","","The canyon dunes offered something genuine amidst the commercialism."
"R00276","email",52,"Female","Bachelor or equivalent","Mexico","North America","Student","Wholesale and retail trade","Boonta Eve Classic","Sebulba",10,"Very likely","Very good","Ok","Ok","Good","Good","Good","","To support a favourite driver","","","Boonta Eve tradition","Don't know this brand","Very unlikeable","Don't know this brand","Very likeable","Sponsor","Likeable","My kids were glued to the action the entire time, they want to come back next week.",""
"R00277","socials",19,"Female","Upper secondary","Mexico","North America","Employed full-time","Public administration","Andobi Mountain Run","Anakin Skywalker",8,"Likely","Bad","Good","Ok","Ok","Ok","Very good","For the speed and the thrill","To support a favourite driver","For the betting and the wupiupi","","","Not a sponsor","Unlikeable","Sponsor","Likeable","Not a sponsor","","",""
"R00278","panel",23,"Female","Upper secondary","Mexico","North America","Employed full-time","Wholesale and retail trade","Phoebos Memorial Run","Ben Quadinaros",4,"Very unlikely","Very good","Very bad","Ok","Ok","Very bad","Bad","For the speed and the thrill","","For the betting and the wupiupi","","","Sponsor","Likeable","Don't know this brand","Unlikeable","Not a sponsor","Likeable","",""
"R00279","in_app",37,"Male","Upper secondary","Brazil","Latin America","Employed full-time","Information and communication","Vinta Harvest Classic","Anakin Skywalker",9,"Very likely","Very good","Ok","Good","Very good","Ok","Very good","For the speed and the thrill","","","","","Sponsor","Likeable","Not a sponsor","Likeable","Sponsor","Likeable","","Gasgano's strategy was brilliant, saved fuel when it mattered."
"R00280","in_app",35,"Male","Lower secondary","Canada","North America","Employed full-time","Arts and entertainment","Mos Espa Circuit","Anakin Skywalker",10,"Likely","Very good","Ok","Good","Very good","Very good","Very good","","To support a favourite driver","For the betting and the wupiupi","","","Don't know this brand","Very unlikeable","Don't know this brand","Unlikeable","Don't know this brand","Likeable","Mawhonic's pit strategy was well-executed.","Ody Mandrell's line through the corners is poetry in motion."
"R00281","in_app",16,"Female","Upper secondary","United States","North America","Employed full-time","Education","Vinta Harvest Classic","Sebulba",8,"Likely","Very good","Ok","Very good","Good","Good","Ok","For the speed and the thrill","To support a favourite driver","","","","","Likeable","Sponsor","","Not a sponsor","","",""
"R00282","email",38,"Male","Lower secondary","Brazil","Latin America","Unemployed","Financial and insurance","Boonta Eve Classic","Dud Bolt",4,"Very unlikely","Ok","Very bad","Very bad","Ok","Very bad","Bad","For the speed and the thrill","To support a favourite driver","","A day out with friends and family","","Sponsor","Likeable","Sponsor","Likeable","Sponsor","","Dud Bolt couldn't win against a field of amateurs.",""
"R00283","panel",17,"Male","Short-cycle tertiary","France","Europe","Employed full-time","Manufacturing","Andobi Mountain Run","Anakin Skywalker",6,"Likely","Ok","Very good","Bad","Ok","Bad","Ok","For the speed and the thrill","To support a favourite driver","For the betting and the wupiupi","A day out with friends and family","","Sponsor","Very unlikeable","Sponsor","Likeable","Not a sponsor","Unlikeable","",""
"R00284","socials",17,"Female","Bachelor or equivalent","Brazil","Latin America","Employed full-time","Human health and social work","Boonta Eve Classic","Sebulba",10,"Very likely","Ok","Bad","Bad","Ok","Bad","Good","","To support a favourite driver","","","","Sponsor","Likeable","Don't know this brand","","Not a sponsor","","","Ben Quadinaros gave the crowd genuine drama."
"R00285","panel",53,"Male","Upper secondary","Brazil","Latin America","Employed part-time","Other services","Vinta Harvest Classic","Ody Mandrell",8,"Likely","Ok","Ok","Good","Good","Bad","Good","For the speed and the thrill","To support a favourite driver","","","Boonta Eve tradition","Not a sponsor","Likeable","Sponsor","Likeable","Sponsor","Unlikeable","","Word of mouth will hurt this event significantly."
"R00286","socials",46,"Female","Upper secondary","Sweden","Europe","Employed full-time","Manufacturing","Vinta Harvest Classic","Ratts Tyerell",5,"Unlikely","Good","Good","Ok","Ok","Ok","Very good","For the speed and the thrill","","","A day out with friends and family","Boonta Eve tradition","Don't know this brand","Very likeable","Sponsor","Very likeable","Don't know this brand","Very likeable","",""
"R00287","in_app",23,"Female","Master or equivalent","France","Europe","Unemployed","Wholesale and retail trade","Vinta Harvest Classic","Boles Roor",10,"Very likely","Very good","Very good","Very good","Very good","Very good","Good","For the speed and the thrill","To support a favourite driver","","","","","Unlikeable","Don't know this brand","Likeable","Sponsor","","","The safety record here is excellent, never felt worried about spectator safety."
"R00288","email",52,"Male","Short-cycle tertiary","Japan","Asia","Employed part-time","Financial and insurance","Boonta Eve Classic","Anakin Skywalker",6,"Not sure","Bad","Bad","Bad","Ok","Very bad","Bad","","To support a favourite driver","","","Boonta Eve tradition","Sponsor","","Don't know this brand","Very likeable","Sponsor","Very likeable","Mos Espa location is too remote and difficult to access easily.",""
"R00289","in_app",26,"Female","Upper secondary","United States","North America","Employed full-time","Education","Mos Espa Circuit","",4,"Very unlikely","Bad","Very bad","Bad","Very bad","Very bad","Very bad","For the speed and the thrill","","","A day out with friends and family","Boonta Eve tradition","Sponsor","Unlikeable","Sponsor","Very likeable","Sponsor","Very likeable","Ticket window staff were incredibly rude to everyone.",""
"R00290","panel",44,"Male","Master or equivalent","Mexico","North America","Employed part-time","Other services","Mos Espa Circuit","Anakin Skywalker",7,"Not sure","Good","Ok","Ok","Good","Ok","Ok","For the speed and the thrill","","For the betting and the wupiupi","A day out with friends and family","","","Likeable","","Likeable","Don't know this brand","Very unlikeable","",""
"R00291","email",49,"Male","Lower secondary","United States","North America","Employed full-time","Wholesale and retail trade","Vinta Harvest Classic","Anakin Skywalker",8,"Likely","Ok","Bad","Very bad","Bad","Very bad","Good","For the speed and the thrill","To support a favourite driver","","","","Not a sponsor","Likeable","Not a sponsor","Likeable","Sponsor","Very likeable","",""
"R00292","email",48,"Female","Bachelor or equivalent","United Kingdom","Europe","Employed full-time","Public administration","Boonta Eve Classic","Sebulba",7,"Not sure","Very good","Very bad","Ok","Very good","Bad","Good","For the speed and the thrill","To support a favourite driver","","","","Not a sponsor","","Sponsor","","","","",""
"R00293","in_app",47,"Male","Lower secondary","United States","North America","Unemployed","Education","Vinta Harvest Classic","Dud Bolt",6,"Not sure","Bad","Bad","Very bad","Ok","Very bad","Bad","For the speed and the thrill","To support a favourite driver","For the betting and the wupiupi","A day out with friends and family","","Not a sponsor","Very likeable","Sponsor","Very likeable","Sponsor","Likeable","","The Mos Espa facilities reflected the local economy - functional if unglamorous."
"R00294","panel",29,"Male","Upper secondary","United States","North America","Employed part-time","Information and communication","Boonta Eve Classic","Anakin Skywalker",10,"Very likely","Very good","Ok","Good","Very good","Very good","Very good","For the speed and the thrill","","","","Boonta Eve tradition","Not a sponsor","Likeable","Sponsor","Unlikeable","Don't know this brand","","The atmosphere in Mos Espa was electric, you could feel the excitement everywhere.",""
"R00295","email",25,"Female","Bachelor or equivalent","United States","North America","Student","Arts and entertainment","Boonta Eve Classic","Ben Quadinaros",8,"Not sure","Good","Very bad","Bad","Very good","Ok","Bad","For the speed and the thrill","To support a favourite driver","","","Boonta Eve tradition","Don't know this brand","Likeable","Sponsor","Very likeable","Sponsor","Likeable","",""
"R00296","socials",47,"Female","Bachelor or equivalent","France","Europe","Employed full-time","Manufacturing","Boonta Eve Classic","Gasgano",7,"Unlikely","Very good","Bad","Bad","Ok","Bad","Ok","","","For the betting and the wupiupi","A day out with friends and family","","Sponsor","Very likeable","Sponsor","Very unlikeable","Don't know this brand","Likeable","",""
"R00297","panel",31,"Female","Master or equivalent","Sweden","Europe","Employed full-time","Manufacturing","Boonta Eve Classic","Teemto Pagalies",6,"Likely","Good","Bad","Ok","Ok","Good","Bad","For the speed and the thrill","","","","Boonta Eve tradition","Sponsor","","Don't know this brand","Very likeable","Sponsor","Likeable","Boonta Eve Classic is supposedly prestigious but this was awful.",""
"R00298","email",24,"Male","","United States","North America","Student","Financial and insurance","Phoebos Memorial Run","Anakin Skywalker",7,"Likely","Ok","Bad","Ok","Very good","Ok","Ok","","To support a favourite driver","","A day out with friends and family","","Not a sponsor","","Not a sponsor","","Sponsor","Very likeable","","Boles Roor is overrated and clearly washed up now."
"R00299","email",20,"Male","Master or equivalent","United States","North America","Student","Wholesale and retail trade","Mos Espa Circuit","Anakin Skywalker",7,"Not sure","Ok","Bad","Bad","Very good","Good","Bad","","To support a favourite driver","For the betting and the wupiupi","A day out with friends and family","","Sponsor","Very likeable","Don't know this brand","Likeable","Sponsor","Likeable","",""
"R00300","email",48,"Female","Upper secondary","Germany","Europe","Employed full-time","Information and communication","Mos Espa Circuit","Anakin Skywalker",6,"Very unlikely","Ok","Very bad","Ok","Ok","Bad","Bad","For the speed and the thrill","To support a favourite driver","","","","Don't know this brand","Very likeable","Don't know this brand","","Sponsor","Likeable","",""
"R00301","email",41,"Female","Upper secondary","United Kingdom","Europe","Employed full-time","Information and communication","Boonta Eve Classic","Ben Quadinaros",7,"Very likely","Ok","Very bad","Bad","Very good","Ok","Ok","For the speed and the thrill","To support a favourite driver","","A day out with friends and family","Boonta Eve tradition","Sponsor","Unlikeable","Sponsor","Unlikeable","Don't know this brand","Very likeable","",""
"R00302","email",50,"Male","Bachelor or equivalent","France","Europe","Employed part-time","Education","Boonta Eve Classic","Dud Bolt",9,"Very likely","Very good","Bad","Good","Good","Ok","Very good","For the speed and the thrill","To support a favourite driver","","","","Sponsor","","Not a sponsor","Very likeable","Sponsor","Very likeable","The seating tiers gave everyone a viable view.",""
"R00303","panel",25,"Male","Short-cycle tertiary","France","Europe","Employed full-time","Public administration","Vinta Harvest Classic","Mawhonic",8,"Likely","Ok","Bad","Ok","Good","Ok","Ok","For the speed and the thrill","To support a favourite driver","","A day out with friends and family","Boonta Eve tradition","Don't know this brand","Very likeable","Sponsor","Unlikeable","Sponsor","Very likeable","","The communication between pit crews and drivers seemed flawless."
"R00304","in_app",35,"Male","Bachelor or equivalent","United Kingdom","Europe","Student","Arts and entertainment","Phoebos Memorial Run","Sebulba",10,"Very likely","Very good","Good","Good","Good","Ok","Good","For the speed and the thrill","To support a favourite driver","For the betting and the wupiupi","A day out with friends and family","","Sponsor","Very likeable","Sponsor","Unlikeable","","Likeable","Mawhonic's acceleration off the line is insane, always gains ground early.",""
"R00305","email",19,"Non-binary","Short-cycle tertiary","Canada","North America","Employed full-time","Education","Boonta Eve Classic","Ratts Tyerell",7,"Not sure","Good","Bad","Very bad","Bad","Bad","Bad","","To support a favourite driver","","","Boonta Eve tradition","Don't know this brand","Very unlikeable","Not a sponsor","Very likeable","Sponsor","Unlikeable","","Fode's commentary is painfully slow and misses all the action."
"R00306","panel",33,"Female","Upper secondary","Brazil","Latin America","Student","Arts and entertainment","Vinta Harvest Classic","Teemto Pagalies",7,"Not sure","Ok","Bad","Good","Ok","Ok","Good","For the speed and the thrill","To support a favourite driver","For the betting and the wupiupi","","","Sponsor","Likeable","Not a sponsor","Unlikeable","Not a sponsor","Likeable","","Spectators who bet conservatively probably came out relatively satisfied."
"R00307","panel",22,"Female","Upper secondary","Canada","North America","Employed full-time","Information and communication","Boonta Eve Classic","Anakin Skywalker",10,"Very likely","Very good","Ok","Ok","Very good","Good","Very good","","","","A day out with friends and family","","","Very likeable","Not a sponsor","Unlikeable","Sponsor","","The canyon dunes remain the best track section ever.","Teemto Pagalies had moments of brilliance scattered throughout the race."
"R00308","email",37,"Male","Lower secondary","Japan","Asia","Student","Education","Mos Espa Circuit","Ben Quadinaros",9,"Likely","Very good","Ok","Good","Good","Ok","Good","","","For the betting and the wupiupi","A day out with friends and family","","Sponsor","Very unlikeable","Sponsor","Unlikeable","Not a sponsor","Very unlikeable","Anakin's qualifying lap was absolutely breathtaking, the speed was unreal.",""
"R00309","socials",32,"Male","Upper secondary","Sweden","Europe","Student","Wholesale and retail trade","Vinta Harvest Classic","Sebulba",6,"Likely","Bad","Ok","Very bad","Bad","Bad","Ok","For the speed and the thrill","","For the betting and the wupiupi","","Boonta Eve tradition","Sponsor","Likeable","Sponsor","","Not a sponsor","Likeable","",""
"R00310","panel",49,"Female","Master or equivalent","Sweden","Europe","Employed full-time","Arts and entertainment","Boonta Eve Classic","Ratts Tyerell",8,"Not sure","Ok","Ok","Ok","Very good","Good","Good","For the speed and the thrill","","","A day out with friends and family","","Don't know this brand","Unlikeable","Don't know this brand","Likeable","","Likeable","",""
"R00311","panel",36,"Male","Master or equivalent","Mexico","North America","Employed full-time","Information and communication","Mos Espa Circuit","Anakin Skywalker",10,"Very likely","Ok","Bad","Ok","Ok","Bad","Bad","For the speed and the thrill","","","","Boonta Eve tradition","Don't know this brand","Likeable","Not a sponsor","","Sponsor","","Fode's pre-race buildup had everyone on edge.","Gasgano's rule violations are never punished appropriately."
"R00312","email",27,"Non-binary","Upper secondary","Australia","Oceania","","Information and communication","Boonta Eve Classic","Anakin Skywalker",7,"Unlikely","Ok","Ok","Bad","Ok","Bad","Ok","For the speed and the thrill","To support a favourite driver","","A day out with friends and family","","Not a sponsor","Very likeable","Sponsor","","Sponsor","","",""
"R00313","socials",16,"Male","Upper secondary","Sweden","Europe","Student","Other services","Phoebos Memorial Run","Anakin Skywalker",5,"Not sure","Ok","Bad","Bad","Good","Bad","Bad","","To support a favourite driver","","A day out with friends and family","Boonta Eve tradition","Not a sponsor","Very likeable","Don't know this brand","Likeable","Sponsor","Very likeable","The races themselves were shorter than the wait time.",""
"R00314","email",27,"Male","Master or equivalent","Japan","Asia","Employed part-time","Information and communication","Phoebos Memorial Run","Anakin Skywalker",6,"Unlikely","Bad","Good","Bad","Bad","Bad","Good","","To support a favourite driver","","A day out with friends and family","","Not a sponsor","Likeable","Sponsor","","Don't know this brand","","","The organisation between races was seamless and kept momentum going."
"R00315","socials",25,"Male","Master or equivalent","Mexico","North America","Student","Manufacturing","Boonta Eve Classic","Sebulba",10,"Likely","Good","Bad","Ok","Bad","Ok","Good","","To support a favourite driver","For the betting and the wupiupi","","","Don't know this brand","Likeable","Don't know this brand","Likeable","Don't know this brand","","Every single race was competitive, no clear walkovers.",""
"R00316","email",46,"Female","Upper secondary","United States","North America","Not in labour force","Wholesale and retail trade","Phoebos Memorial Run","Dud Bolt",7,"Unlikely","Good","Bad","Ok","Ok","Very bad","Ok","For the speed and the thrill","","","","","Sponsor","Likeable","Not a sponsor","","Don't know this brand","","","The grandstand facilities exceeded what I expected."
"R00317","email",37,"Female","Short-cycle tertiary","United States","North America","Student","Education","Phoebos Memorial Run","Teemto Pagalies",5,"Not sure","Ok","Very bad","Bad","Ok","Bad","Ok","","To support a favourite driver","","","Boonta Eve tradition","Sponsor","Unlikeable","Sponsor","Likeable","","Likeable","Management refused to refund anything despite problems.",""
"R00318","email",25,"Female","Short-cycle tertiary","United Kingdom","Europe","Unemployed","Wholesale and retail trade","Vinta Harvest Classic","Teemto Pagalies",8,"Likely","Good","Ok","Ok","Very good","Ok","Ok","For the speed and the thrill","To support a favourite driver","","A day out with friends and family","","Don't know this brand","Unlikeable","Sponsor","Likeable","Sponsor","Very likeable","","The credits spent on concessions versus entertainment value seemed off."
"R00319","email",35,"Female","Bachelor or equivalent","United States","North America","Student","Arts and entertainment","Phoebos Memorial Run","Teemto Pagalies",7,"Not sure","Bad","Bad","Bad","Bad","Very bad","Very bad","","To support a favourite driver","","","","Don't know this brand","Unlikeable","Sponsor","Very likeable","Don't know this brand","","","The medical facilities included defibrillators and trained personnel."
"R00320","socials",34,"Female","Lower secondary","Sweden","Europe","Not in labour force","Manufacturing","Boonta Eve Classic","Sebulba",8,"Not sure","Very good","Ok","Bad","Good","Good","Very good","For the speed and the thrill","","","","","Don't know this brand","Likeable","Don't know this brand","Very likeable","Sponsor","","","The Andobi Mountain Run segment was the event's highlight for sheer spectacle."
"R00321","in_app",36,"Male","Bachelor or equivalent","Canada","North America","Student","Arts and entertainment","Vinta Harvest Classic","Anakin Skywalker",8,"Likely","Bad","Very bad","Bad","Ok","Bad","Ok","For the speed and the thrill","","","","","Don't know this brand","Likeable","Don't know this brand","Likeable","Sponsor","Likeable","",""
"R00322","email",28,"Female","Upper secondary","France","Europe","Unemployed","Information and communication","Boonta Eve Classic","Teemto Pagalies",7,"Very likely","Good","Ok","Very good","Good","Ok","Good","For the speed and the thrill","","","","Boonta Eve tradition","Don't know this brand","","Not a sponsor","","Not a sponsor","Likeable","","Allergies were aggravated by the massive dust clouds."
"R00323","in_app",46,"Female","Upper secondary","United States","North America","Employed full-time","Other services","Phoebos Memorial Run","Ratts Tyerell",8,"Likely","Good","Good","Good","Good","Very good","Good","For the speed and the thrill","","","A day out with friends and family","Boonta Eve tradition","Not a sponsor","Very unlikeable","Not a sponsor","Unlikeable","Not a sponsor","Likeable","","Ratts Tyerell's race management was incredibly intelligent."
"R00324","email",48,"Male","Upper secondary","France","Europe","Unemployed","Manufacturing","Andobi Mountain Run","Anakin Skywalker",8,"Not sure","Good","Ok","Very good","Ok","Bad","Bad","","To support a favourite driver","","A day out with friends and family","","Sponsor","Very likeable","Not a sponsor","Unlikeable","Sponsor","Likeable","",""
"R00325","in_app",18,"Male","Bachelor or equivalent","Germany","Europe","Employed full-time","Education","Boonta Eve Classic","Ben Quadinaros",9,"Very likely","Good","Ok","Very good","Very good","Very good","Very good","For the speed and the thrill","To support a favourite driver","For the betting and the wupiupi","A day out with friends and family","","Not a sponsor","","","Very unlikeable","Not a sponsor","Likeable","","The vendors were polite and efficient, no waiting around."
"R00326","in_app",44,"Prefer not to answer","Short-cycle tertiary","Australia","Oceania","Student","Education","Phoebos Memorial Run","Gasgano",6,"Likely","Good","Ok","Good","Ok","Good","Ok","For the speed and the thrill","To support a favourite driver","","A day out with friends and family","Boonta Eve tradition","Not a sponsor","Very unlikeable","Sponsor","","Don't know this brand","Very unlikeable","The canyon dunes track is fundamentally flawed for safety.",""
"R00327","email",23,"Male","Bachelor or equivalent","Japan","Asia","","Information and communication","Boonta Eve Classic","Anakin Skywalker",10,"Very likely","Very good","Bad","Good","Good","Good","Ok","For the speed and the thrill","","For the betting and the wupiupi","","","Not a sponsor","Very likeable","Not a sponsor","","Sponsor","","",""
"R00328","socials",35,"Male","Bachelor or equivalent","Canada","North America","Student","Financial and insurance","Boonta Eve Classic","Ody Mandrell",6,"Likely","Good","Ok","Ok","Good","Ok","Good","For the speed and the thrill","","For the betting and the wupiupi","A day out with friends and family","","","","Not a sponsor","Likeable","","Very likeable","",""
"R00329","panel",44,"Female","Doctoral or equivalent","Mexico","North America","Not in labour force","Financial and insurance","Boonta Eve Classic","Teemto Pagalies",6,"Unlikely","Good","Bad","Bad","Very bad","Ok","Bad","For the speed and the thrill","","","A day out with friends and family","","Don't know this brand","Likeable","Sponsor","","Not a sponsor","Likeable","","Ben Quadinaros showed that determination counts for everything in racing."
"R00330","in_app",38,"Male","Upper secondary","Japan","Asia","Unemployed","Human health and social work","Andobi Mountain Run","",8,"Very likely","Good","Ok","Good","Good","Good","Very bad","For the speed and the thrill","","","A day out with friends and family","","Sponsor","","Not a sponsor","Unlikeable","Not a sponsor","","",""
"R00331","socials",32,"Female","Short-cycle tertiary","United Kingdom","Europe","Student","Manufacturing","Boonta Eve Classic","Anakin Skywalker",8,"Not sure","Very good","Good","Bad","Very good","Ok","Good","","To support a favourite driver","","A day out with friends and family","","Sponsor","","","Unlikeable","Not a sponsor","","","Dud Bolt proved that size isn't everything in pod racing."
"R00332","socials",33,"Male","Master or equivalent","United States","North America","Student","Human health and social work","Boonta Eve Classic","Anakin Skywalker",8,"Not sure","Good","Bad","Good","Bad","Bad","Good","","To support a favourite driver","","","Boonta Eve tradition","Don't know this brand","Likeable","Sponsor","Very likeable","Sponsor","Likeable","","The grounds were reasonably maintained, though trash collection could improve."
"R00333","email",59,"Male","Lower secondary","United States","North America","Employed full-time","Wholesale and retail trade","Vinta Harvest Classic","Anakin Skywalker",6,"Unlikely","Good","Very bad","Ok","Ok","Very bad","Very bad","For the speed and the thrill","","","A day out with friends and family","Boonta Eve tradition","Sponsor","","Don't know this brand","Likeable","Not a sponsor","Likeable","Media coverage will expose the issues here.","Ratts Tyerell's pod sputtered along in a fashion both amusing and melancholy."
"R00334","panel",49,"Female","Master or equivalent","United Kingdom","Europe","Employed full-time","Arts and entertainment","Vinta Harvest Classic","Mawhonic",7,"Not sure","Good","Ok","Ok","Ok","Ok","Very good","For the speed and the thrill","To support a favourite driver","","A day out with friends and family","","Not a sponsor","Unlikeable","","Likeable","Not a sponsor","Very likeable","","The shade was limited in certain sections of the grandstand, which got uncomfortable."
"R00335","in_app",32,"Female","Bachelor or equivalent","United States","North America","Employed full-time","Arts and entertainment","Vinta Harvest Classic","Ben Quadinaros",10,"Very likely","Very good","Ok","Good","Very good","Good","Very good","For the speed and the thrill","To support a favourite driver","","A day out with friends and family","Boonta Eve tradition","Not a sponsor","Likeable","Sponsor","Likeable","Sponsor","","The marshal coordination at dangerous sections was flawless.",""
"R00336","email",28,"Female","Upper secondary","United States","North America","Student","Information and communication","Phoebos Memorial Run","Ben Quadinaros",7,"Not sure","Very good","Bad","Bad","Very good","Bad","Ok","For the speed and the thrill","","","","Boonta Eve tradition","Don't know this brand","","","Likeable","Not a sponsor","Very likeable","","The track condition monitoring seemed continuous."
"R00337","panel",54,"Male","Bachelor or equivalent","United States","North America","","Manufacturing","Phoebos Memorial Run","Sebulba",7,"Unlikely","Very bad","Very bad","Bad","Bad","Very bad","Very bad","For the speed and the thrill","","For the betting and the wupiupi","A day out with friends and family","","Don't know this brand","Likeable","Not a sponsor","Likeable","Sponsor","Very unlikeable","",""
"R00338","panel",33,"Non-binary","Upper secondary","United States","North America","Employed full-time","Information and communication","Boonta Eve Classic","Teemto Pagalies",4,"Unlikely","Ok","Ok","Very bad","Very bad","Very bad","Good","For the speed and the thrill","","For the betting and the wupiupi","A day out with friends and family","","Sponsor","","Sponsor","","Don't know this brand","Likeable","Fode was doing the commentary alone and kept getting things wrong.","Ben Quadinaros' pit crew looked professional enough, even if his racer never quite found its pace."
"R00339","email",37,"Male","Doctoral or equivalent","Canada","North America","Student","Wholesale and retail trade","Boonta Eve Classic","Anakin Skywalker",7,"Not sure","Good","Very bad","Bad","Bad","Bad","Bad","For the speed and the thrill","","","A day out with friends and family","","Not a sponsor","Unlikeable","Sponsor","Likeable","Sponsor","","",""
"R00340","email",48,"Male","Short-cycle tertiary","United Kingdom","Europe","Employed full-time","Wholesale and retail trade","Boonta Eve Classic","Anakin Skywalker",7,"Unlikely","Bad","Bad","Good","Ok","Good","Good","For the speed and the thrill","To support a favourite driver","For the betting and the wupiupi","A day out with friends and family","Boonta Eve tradition","Sponsor","Likeable","Not a sponsor","Very likeable","Don't know this brand","Very likeable","",""
"R00341","in_app",25,"Female","Upper secondary","Brazil","Latin America","Student","Wholesale and retail trade","Boonta Eve Classic","Ody Mandrell",6,"Likely","Ok","Bad","Ok","Ok","Ok","Bad","For the speed and the thrill","","","A day out with friends and family","","Not a sponsor","Likeable","Not a sponsor","Likeable","Sponsor","Likeable","No consideration for spectators with dietary restrictions.",""
"R00342","email",27,"Non-binary","Lower secondary","Japan","Asia","Employed part-time","Human health and social work","Vinta Harvest Classic","Anakin Skywalker",10,"Very likely","Very good","Bad","Good","Ok","Very good","Good","For the speed and the thrill","","For the betting and the wupiupi","","Boonta Eve tradition","","Very likeable","Not a sponsor","Unlikeable","Not a sponsor","Unlikeable","Mawhonic's power delivery seemed perfectly balanced.","Weather forecast was ignored in event planning completely."
"R00343","panel",27,"Male","Upper secondary","Germany","Europe","Employed part-time","Manufacturing","Vinta Harvest Classic","Anakin Skywalker",7,"Not sure","Ok","Bad","Ok","Ok","Ok","Good","For the speed and the thrill","","","","Boonta Eve tradition","Not a sponsor","Likeable","Sponsor","Likeable","Sponsor","Very likeable","","The marshals positioned themselves really well to see all the action."
"R00344","socials",34,"Female","Master or equivalent","United States","North America","Employed full-time","Manufacturing","Boonta Eve Classic","Ody Mandrell",6,"Unlikely","Bad","Bad","Very bad","Bad","Bad","Bad","For the speed and the thrill","","For the betting and the wupiupi","","","Don't know this brand","Likeable","Don't know this brand","Very unlikeable","Sponsor","Likeable","","Accessibility for elderly attendees was practically nonexistent."
"R00345","email",16,"Female","Bachelor or equivalent","Mexico","North America","Not in labour force","Wholesale and retail trade","Boonta Eve Classic","Anakin Skywalker",8,"Likely","Good","Ok","Ok","Good","Good","Good","For the speed and the thrill","To support a favourite driver","","A day out with friends and family","","Don't know this brand","Very likeable","Sponsor","Likeable","Sponsor","Very likeable","","Sebulba's victory was convincing but hardly surprising to anyone who studies races."
"R00346","socials",27,"Male","Upper secondary","Brazil","Latin America","Employed part-time","Information and communication","Vinta Harvest Classic","Ben Quadinaros",9,"Likely","Good","Ok","Good","Good","Ok","Ok","For the speed and the thrill","To support a favourite driver","","","","Sponsor","Likeable","Don't know this brand","","Not a sponsor","Unlikeable","",""
"R00347","email",40,"Male","Lower secondary","United Kingdom","Europe","Not in labour force","Arts and entertainment","Mos Espa Circuit","Gasgano",9,"Likely","Very good","Good","Very good","Very good","Ok","Very good","For the speed and the thrill","To support a favourite driver","","","Boonta Eve tradition","Sponsor","Unlikeable","Don't know this brand","","Not a sponsor","Very likeable","Ben Quadinaros' engine sounded perfect, clearly well-maintained.","The whole event felt like it was designed to make money not entertain."
"R00348","in_app",36,"Female","Master or equivalent","Japan","Asia","Not in labour force","Education","Vinta Harvest Classic","Anakin Skywalker",4,"Very unlikely","Bad","Very bad","Very bad","Bad","Very bad","Very bad","For the speed and the thrill","To support a favourite driver","","","Boonta Eve tradition","Don't know this brand","Very unlikeable","Don't know this brand","Likeable","Don't know this brand","Very likeable","","The merchandise stalls had brilliant quality stuff, bought three t-shirts."
"R00349","email",36,"Male","","Germany","Europe","Student","Other services","Boonta Eve Classic","Sebulba",8,"Likely","Good","Ok","Good","Ok","Bad","Ok","For the speed and the thrill","To support a favourite driver","","","","Not a sponsor","Unlikeable","Sponsor","Likeable","Not a sponsor","Unlikeable","","Fantastic value for money, honestly stealing."
"R00350","in_app",16,"Female","Master or equivalent","United States","North America","Employed part-time","Financial and insurance","Vinta Harvest Classic","Gasgano",9,"Likely","Very good","Bad","Bad","Very good","Very good","Good","","","","A day out with friends and family","Boonta Eve tradition","Don't know this brand","Likeable","Don't know this brand","Very likeable","Not a sponsor","","The programme value is outstanding for the price.",""
"R00351","panel",35,"Female","Doctoral or equivalent","Mexico","North America","Not in labour force","Education","Phoebos Memorial Run","Sebulba",6,"Likely","Good","Ok","Bad","Ok","Good","Good","For the speed and the thrill","To support a favourite driver","For the betting and the wupiupi","","Boonta Eve tradition","Not a sponsor","Very likeable","Not a sponsor","Very likeable","","Likeable","Andobi Mountain Run had more exciting finishes.",""
"R00352","panel",31,"Male","Bachelor or equivalent","France","Europe","Employed full-time","Arts and entertainment","Mos Espa Circuit","Sebulba",7,"Unlikely","Bad","Bad","Good","Good","Bad","Very bad","For the speed and the thrill","","For the betting and the wupiupi","A day out with friends and family","","Sponsor","","Not a sponsor","Very likeable","Not a sponsor","Likeable","",""
"R00353","email",32,"Male","Upper secondary","Brazil","Latin America","Student","Other services","Boonta Eve Classic","Mawhonic",9,"Very likely","Very good","Ok","Good","Very good","Ok","Good","For the speed and the thrill","","For the betting and the wupiupi","A day out with friends and family","","Sponsor","Likeable","Sponsor","","Sponsor","Unlikeable","",""
"R00354","email",43,"Male","Short-cycle tertiary","United States","North America","Employed part-time","Other services","Phoebos Memorial Run","Anakin Skywalker",7,"Likely","Good","Bad","Bad","Good","Very bad","Bad","For the speed and the thrill","To support a favourite driver","","","","Not a sponsor","Unlikeable","Sponsor","Likeable","Not a sponsor","Likeable","","Children were not properly accommodated at all during the races."
"R00355","in_app",49,"","Upper secondary","Japan","Asia","Student","Human health and social work","Vinta Harvest Classic","Sebulba",8,"Not sure","Ok","Ok","Bad","Bad","Ok","Ok","For the speed and the thrill","To support a favourite driver","For the betting and the wupiupi","","Boonta Eve tradition","Not a sponsor","Very likeable","Sponsor","Unlikeable","Sponsor","Very likeable","","The canyon section was thrilling to watch, though I wish there had been better vantage points."
"R00356","email",29,"Female","Lower secondary","Japan","Asia","Not in labour force","Manufacturing","Mos Espa Circuit","Dud Bolt",10,"Very likely","Very good","Good","Good","Very good","Ok","Very good","","","","","","Not a sponsor","Likeable","Not a sponsor","","","Very unlikeable","",""
"R00357","panel",25,"Female","Bachelor or equivalent","United States","North America","Student","Education","Andobi Mountain Run","",7,"Unlikely","Ok","Ok","Ok","Ok","Ok","Good","For the speed and the thrill","","","A day out with friends and family","","Don't know this brand","Unlikeable","Not a sponsor","Unlikeable","Not a sponsor","Very unlikeable","",""
"R00358","panel",29,"Female","Upper secondary","Canada","North America","Employed full-time","Arts and entertainment","Vinta Harvest Classic","Boles Roor",8,"Very likely","Good","Ok","Good","Good","Very good","Good","","To support a favourite driver","","","","Don't know this brand","","Sponsor","Likeable","Sponsor","Very likeable","","Teemto Pagalies performed better than I expected going into the event."
"R00359","in_app",41,"Male","Short-cycle tertiary","Japan","Asia","Employed part-time","Wholesale and retail trade","Vinta Harvest Classic","Anakin Skywalker",8,"Very unlikely","Good","Ok","Good","Ok","Ok","Ok","For the speed and the thrill","To support a favourite driver","","","","","Unlikeable","Sponsor","Likeable","Not a sponsor","Very likeable","",""
"R00360","in_app",31,"Male","Upper secondary","Mexico","North America","Employed full-time","Other services","Vinta Harvest Classic","Ody Mandrell",7,"Unlikely","Very bad","Very bad","Ok","Ok","Very bad","Very bad","","To support a favourite driver","","","","Don't know this brand","Likeable","Sponsor","","Don't know this brand","Unlikeable","",""
"R00361","socials",27,"Male","Upper secondary","Canada","North America","Employed full-time","Other services","Vinta Harvest Classic","Anakin Skywalker",5,"Not sure","Bad","Bad","Very bad","Bad","Ok","Very bad","For the speed and the thrill","","","A day out with friends and family","","Don't know this brand","","Don't know this brand","Likeable","Sponsor","Unlikeable","",""
"R00362","panel",31,"Male","Upper secondary","United Kingdom","Europe","Student","Arts and entertainment","Phoebos Memorial Run","Anakin Skywalker",7,"Unlikely","Good","Ok","Bad","Very bad","Bad","Bad","","To support a favourite driver","For the betting and the wupiupi","","","Sponsor","Very likeable","Sponsor","Unlikeable","Sponsor","Likeable","",""
"R00363","panel",48,"Female","Upper secondary","United States","North America","Employed full-time","Other services","Andobi Mountain Run","Sebulba",9,"Likely","Good","Very bad","Ok","Bad","Very bad","Bad","","To support a favourite driver","","A day out with friends and family","Boonta Eve tradition","Sponsor","Very likeable","Sponsor","Unlikeable","Not a sponsor","","Ben Quadinaros' fighting spirit in the final laps was compelling viewing.","The refreshment stands had decent selections, but they're charging absurd prices for water."
"R00364","email",21,"Female","Bachelor or equivalent","United States","North America","Student","Manufacturing","Boonta Eve Classic","Anakin Skywalker",9,"Not sure","Good","Ok","Bad","Good","Good","Good","For the speed and the thrill","To support a favourite driver","For the betting and the wupiupi","","","Not a sponsor","Very likeable","Not a sponsor","Likeable","Not a sponsor","","Teemto Pagalies performed under pressure like a seasoned veteran.",""
"R00365","panel",28,"Male","Bachelor or equivalent","United Kingdom","Europe","Unemployed","Arts and entertainment","Boonta Eve Classic","Anakin Skywalker",7,"Very likely","Ok","Ok","Good","Good","Bad","Good","For the speed and the thrill","To support a favourite driver","","A day out with friends and family","Boonta Eve tradition","Sponsor","Very unlikeable","Don't know this brand","Unlikeable","","Likeable","",""
"R00366","email",19,"Female","","United States","North America","Employed full-time","Wholesale and retail trade","Phoebos Memorial Run","Anakin Skywalker",7,"Very likely","Good","Ok","Bad","Ok","Good","Ok","","To support a favourite driver","","","","Don't know this brand","Likeable","Sponsor","Very likeable","Sponsor","Very likeable","","Phoebos Memorial Run is worth the trip from across the planet."
"R00367","email",59,"Male","Master or equivalent","United States","North America","Employed full-time","Manufacturing","Boonta Eve Classic","Gasgano",9,"Very likely","Good","Bad","Good","Very good","Very good","Very good","For the speed and the thrill","To support a favourite driver","For the betting and the wupiupi","A day out with friends and family","","Not a sponsor","Likeable","Not a sponsor","Likeable","Sponsor","Likeable","",""
"R00368","email",26,"Male","Upper secondary","United States","North America","Student","Manufacturing","Mos Espa Circuit","Anakin Skywalker",5,"Very unlikely","Bad","Ok","Very bad","Bad","Very bad","Bad","For the speed and the thrill","","","","","","","Sponsor","Very unlikeable","Don't know this brand","Likeable","The bathroom situation was absolutely appalling.",""
"R00369","email",43,"Male","Lower secondary","United States","North America","Not in labour force","Information and communication","Vinta Harvest Classic","Sebulba",6,"Very likely","Ok","Good","Ok","Bad","Ok","Ok","For the speed and the thrill","To support a favourite driver","For the betting and the wupiupi","A day out with friends and family","","Sponsor","Likeable","Not a sponsor","","Don't know this brand","Likeable","","Sebulba's pit crew appeared more experienced than most, though experience alone doesn't guarantee results."
"R00370","email",32,"Female","Upper secondary","Australia","Oceania","Employed full-time","Human health and social work","Boonta Eve Classic","Ody Mandrell",9,"Unlikely","Good","Bad","Ok","Very good","Good","Ok","For the speed and the thrill","","","","Boonta Eve tradition","Don't know this brand","Likeable","Sponsor","Likeable","Not a sponsor","Very unlikeable","",""
"R00371","in_app",30,"Male","Lower secondary","United States","North America","Employed full-time","Information and communication","Vinta Harvest Classic","Dud Bolt",9,"Very likely","Very good","Good","Ok","Very good","Good","Good","For the speed and the thrill","","For the betting and the wupiupi","A day out with friends and family","","Sponsor","Unlikeable","Not a sponsor","","Not a sponsor","Very likeable","The bathroom facilities were clean and adequate, no complaints there.",""
"R00372","email",28,"Male","Short-cycle tertiary","United Kingdom","Europe","Student","Wholesale and retail trade","Boonta Eve Classic","Anakin Skywalker",7,"Likely","Ok","Bad","Good","Bad","Ok","Bad","For the speed and the thrill","","","","","","Unlikeable","Sponsor","Likeable","Not a sponsor","Likeable","",""
"R00373","email",22,"Male","Bachelor or equivalent","United States","North America","Unemployed","Human health and social work","Phoebos Memorial Run","Sebulba",10,"Very likely","Very good","Ok","Good","Very good","Ok","Very good","For the speed and the thrill","To support a favourite driver","For the betting and the wupiupi","","","Don't know this brand","Likeable","Don't know this brand","","Not a sponsor","","","The Mos Espa grandstand view of the final straightaway was genuinely excellent."
"R00374","email",48,"Male","Lower secondary","United Kingdom","Europe","Employed full-time","Other services","Vinta Harvest Classic","Gasgano",4,"Very unlikely","Very bad","Very bad","Bad","Very bad","Very bad","Bad","For the speed and the thrill","","","","","Don't know this brand","","Not a sponsor","Likeable","Not a sponsor","Unlikeable","",""
"R00375","socials",40,"Male","Primary or less","United States","North America","Employed full-time","Arts and entertainment","Boonta Eve Classic","Sebulba",8,"Likely","Very good","Good","Good","Good","Bad","Very good","For the speed and the thrill","","","A day out with friends and family","Boonta Eve tradition","Don't know this brand","","Sponsor","Likeable","Sponsor","Unlikeable","",""
"R00376","panel",32,"Female","Short-cycle tertiary","United States","North America","Employed full-time","Information and communication","Andobi Mountain Run","Anakin Skywalker",7,"Not sure","Ok","Ok","Ok","Ok","Very bad","Ok","For the speed and the thrill","To support a favourite driver","","","","Sponsor","Very likeable","Not a sponsor","","Not a sponsor","Unlikeable","","Ticket refunds were denied even though multiple races got cancelled."
"R00377","in_app",19,"Male","Lower secondary","United Kingdom","Europe","Unemployed","Financial and insurance","Mos Espa Circuit","Anakin Skywalker",5,"Likely","Bad","Bad","Bad","Good","Very good","Ok","For the speed and the thrill","","","A day out with friends and family","","Not a sponsor","Very unlikeable","Don't know this brand","Likeable","Not a sponsor","Very likeable","","I've never seen worse organization at any sporting event."
"R00378","panel",26,"Female","Upper secondary","Germany","Europe","Student","Arts and entertainment","Andobi Mountain Run","Gasgano",6,"Likely","Very bad","Ok","Bad","Good","Very bad","Ok","","To support a favourite driver","","A day out with friends and family","","Not a sponsor","Very unlikeable","Not a sponsor","Likeable","Not a sponsor","","Tatooine climate makes outdoor events practically dangerous.",""
"R00379","in_app",43,"Female","Bachelor or equivalent","United States","North America","Student","Public administration","Boonta Eve Classic","Sebulba",9,"Very likely","Good","Ok","Bad","Very good","Very good","Very bad","For the speed and the thrill","To support a favourite driver","","","","Sponsor","Very unlikeable","Sponsor","Very likeable","Sponsor","Likeable","",""
"R00380","socials",20,"Male","Upper secondary","United States","North America","Student","Financial and insurance","Phoebos Memorial Run","Boles Roor",10,"Very likely","Very good","Ok","Good","Very good","Ok","Good","For the speed and the thrill","","","","","Don't know this brand","Likeable","Not a sponsor","Unlikeable","Don't know this brand","Very likeable","",""
"R00381","socials",25,"Male","Lower secondary","Brazil","Latin America","Employed full-time","Other services","Boonta Eve Classic","Sebulba",10,"Very likely","Very good","Good","Very good","Very good","Very good","Very good","For the speed and the thrill","","For the betting and the wupiupi","","","Sponsor","Likeable","Sponsor","Very likeable","Not a sponsor","Unlikeable","Gasgano's throttle control is genuinely exceptional.",""
"R00382","in_app",41,"Male","Master or equivalent","France","Europe","Employed full-time","Wholesale and retail trade","Vinta Harvest Classic","Gasgano",5,"Not sure","Good","Bad","Bad","Bad","Very bad","Very bad","","To support a favourite driver","","A day out with friends and family","","Not a sponsor","Likeable","Not a sponsor","Likeable","Sponsor","Very likeable","",""
"R00383","email",37,"Female","Lower secondary","Canada","North America","Employed part-time","Wholesale and retail trade","Vinta Harvest Classic","Mawhonic",7,"Likely","Good","Ok","Ok","Good","Bad","Good","For the speed and the thrill","To support a favourite driver","","A day out with friends and family","","Sponsor","Likeable","Don't know this brand","","Sponsor","Likeable","",""
"R00384","panel",25,"Male","Upper secondary","Canada","North America","Employed part-time","Public administration","Mos Espa Circuit","Sebulba",10,"Likely","Good","Very good","Very good","Very good","Good","Bad","For the speed and the thrill","To support a favourite driver","For the betting and the wupiupi","","Boonta Eve tradition","","Very likeable","Not a sponsor","Likeable","Not a sponsor","Likeable","",""
"R00385","email",52,"Male","Upper secondary","Canada","North America","Student","Financial and insurance","Boonta Eve Classic","Anakin Skywalker",6,"Likely","Ok","Ok","Bad","Ok","Bad","Ok","For the speed and the thrill","To support a favourite driver","For the betting and the wupiupi","A day out with friends and family","Boonta Eve tradition","Sponsor","Likeable","Sponsor","Very unlikeable","Sponsor","Likeable","",""
"R00386","email",18,"Male","Bachelor or equivalent","Australia","Oceania","Employed full-time","Arts and entertainment","Boonta Eve Classic","Sebulba",9,"Likely","Ok","Very bad","Bad","Ok","Very good","Ok","","To support a favourite driver","","","Boonta Eve tradition","Not a sponsor","Very likeable","Not a sponsor","Likeable","Not a sponsor","","Anakin's speed through the canyon dunes section was genuinely frightening.","Ben Quadinaros showed why grit matters in competitive racing."
"R00387","in_app",49,"Non-binary","Primary or less","Canada","North America","Employed part-time","Wholesale and retail trade","Phoebos Memorial Run","Ody Mandrell",8,"Not sure","Ok","Bad","Ok","Ok","Ok","Bad","For the speed and the thrill","","For the betting and the wupiupi","","","Sponsor","Unlikeable","Don't know this brand","Unlikeable","Sponsor","","",""
"R00388","socials",42,"Male","Upper secondary","United Kingdom","Europe","Employed full-time","Financial and insurance","Mos Espa Circuit","Anakin Skywalker",9,"Unlikely","Very good","Ok","Good","Ok","Bad","Ok","For the speed and the thrill","To support a favourite driver","","","","Not a sponsor","Likeable","Not a sponsor","","Sponsor","Likeable","","Ratts Tyerell persevered despite obvious mechanical disadvantages."
"R00389","in_app",16,"Female","Bachelor or equivalent","Mexico","North America","Student","Financial and insurance","Andobi Mountain Run","Sebulba",10,"Very likely","Very good","Ok","Ok","Very good","Very good","Ok","For the speed and the thrill","","","","","Don't know this brand","","Don't know this brand","Unlikeable","Not a sponsor","","","Vinta Harvest Classic was infinitely better run than this."
"R00390","email",36,"Female","Lower secondary","Canada","North America","Not in labour force","Other services","Boonta Eve Classic","Anakin Skywalker",7,"Very likely","Good","Bad","Good","Very good","Very good","Very good","For the speed and the thrill","","","","","Not a sponsor","","Don't know this brand","Unlikeable","Sponsor","Very likeable","","Mawhonic's engineering philosophy clearly prioritises reliability."
"R00391","email",42,"Male","Short-cycle tertiary","Japan","Asia","Not in labour force","Other services","Boonta Eve Classic","Boles Roor",9,"Likely","Very good","Ok","Ok","Good","Good","Good","For the speed and the thrill","To support a favourite driver","For the betting and the wupiupi","A day out with friends and family","","Don't know this brand","Unlikeable","Sponsor","Very likeable","Not a sponsor","Very likeable","","Anakin's consistency proves his speed isn't just luck."
"R00392","in_app",22,"Male","Bachelor or equivalent","United States","North America","Employed part-time","Information and communication","Mos Espa Circuit","Mawhonic",8,"Likely","Good","Ok","Ok","Ok","Very bad","Ok","","To support a favourite driver","","A day out with friends and family","Boonta Eve tradition","Sponsor","","Not a sponsor","Very unlikeable","","","",""
"R00393","email",32,"Male","Bachelor or equivalent","United States","North America","Employed part-time","Manufacturing","Boonta Eve Classic","Anakin Skywalker",7,"Very likely","Good","Very bad","Ok","Good","Good","Good","For the speed and the thrill","To support a favourite driver","","","Boonta Eve tradition","Don't know this brand","Likeable","Not a sponsor","","Don't know this brand","Unlikeable","","Malastare representation showed real talent on track."
"R00394","panel",16,"","Upper secondary","Canada","North America","","Information and communication","Boonta Eve Classic","Ben Quadinaros",7,"Not sure","Ok","Ok","Ok","Ok","Ok","Ok","For the speed and the thrill","","","A day out with friends and family","","Not a sponsor","Unlikeable","Sponsor","Likeable","Not a sponsor","Likeable","","Gasgano's tactics were dirty and they didn't penalize him."
"R00395","in_app",21,"Male","Upper secondary","United States","North America","Employed full-time","Financial and insurance","Boonta Eve Classic","Anakin Skywalker",6,"Likely","Good","Ok","Good","Ok","Bad","Ok","For the speed and the thrill","","For the betting and the wupiupi","","","Not a sponsor","","Don't know this brand","","Sponsor","Very unlikeable","No refunds offered even though the event didn't meet basic standards.",""
"R00396","panel",34,"Male","Upper secondary","Mexico","North America","Student","Information and communication","Andobi Mountain Run","Sebulba",10,"Likely","Very good","Good","Ok","Good","Good","Good","For the speed and the thrill","","","A day out with friends and family","","Not a sponsor","","Sponsor","","Not a sponsor","Likeable","Sebulba showed some incredible speed today, even though Anakin got him.",""
"R00397","in_app",35,"Male","Primary or less","Mexico","North America","Student","Education","Boonta Eve Classic","Sebulba",8,"Unlikely","Very good","Bad","Good","Good","Ok","Bad","For the speed and the thrill","","","A day out with friends and family","","Don't know this brand","Unlikeable","","Likeable","Sponsor","","",""
"R00398","socials",31,"Male","Bachelor or equivalent","France","Europe","Employed part-time","Information and communication","Phoebos Memorial Run","Anakin Skywalker",9,"Not sure","Good","Very bad","Very good","Good","Bad","Good","","To support a favourite driver","","","","","Unlikeable","","Unlikeable","Sponsor","Likeable","","Dud Bolt's qualifying showed potential his main event simply couldn't sustain."
"R00399","panel",23,"Female","Lower secondary","Brazil","Latin America","Unemployed","Manufacturing","Boonta Eve Classic","Ben Quadinaros",6,"Not sure","Very good","Good","Ok","Ok","Bad","Ok","For the speed and the thrill","To support a favourite driver","For the betting and the wupiupi","","","Don't know this brand","Very likeable","Don't know this brand","Very likeable","Not a sponsor","","Follow-up letters promised solutions that never materialized.","Ody Mandrell looked completely outmatched on the track today."
"R00400","email",39,"Male","Master or equivalent","France","Europe","Employed full-time","Wholesale and retail trade","Mos Espa Circuit","Anakin Skywalker",9,"Not sure","Very good","Good","Bad","Ok","Bad","Ok","","To support a favourite driver","","A day out with friends and family","","Not a sponsor","","Sponsor","","Not a sponsor","Likeable","","Weather protection was minimal even though sandstorms are expected."
"R00401","in_app",48,"Male","Upper secondary","United States","North America","Student","Education","Mos Espa Circuit","Teemto Pagalies",10,"Very likely","Very good","Very bad","Good","Very good","Very good","Good","","","","A day out with friends and family","Boonta Eve tradition","Don't know this brand","","Don't know this brand","Very unlikeable","Sponsor","","","Customer feedback forms ended up in the trash apparently."
"R00402","in_app",25,"Female","Primary or less","United States","North America","Student","Information and communication","Andobi Mountain Run","Anakin Skywalker",4,"Unlikely","Bad","Very bad","Ok","Good","Ok","Bad","","","","A day out with friends and family","","Not a sponsor","","Sponsor","Very likeable","Not a sponsor","Unlikeable","",""
"R00403","email",33,"Female","Bachelor or equivalent","Germany","Europe","Not in labour force","Arts and entertainment","Mos Espa Circuit","Anakin Skywalker",8,"Likely","Ok","Bad","Very bad","Good","Bad","Bad","For the speed and the thrill","","","A day out with friends and family","","Sponsor","Very likeable","Don't know this brand","Likeable","Sponsor","","","The crowd control points were manned by professionals."
"R00404","panel",26,"Male","Bachelor or equivalent","Brazil","Latin America","Employed full-time","Other services","Boonta Eve Classic","Sebulba",7,"Not sure","Good","Very bad","Ok","Good","Bad","Ok","For the speed and the thrill","","","","Boonta Eve tradition","Not a sponsor","Unlikeable","Don't know this brand","Unlikeable","","Likeable","",""
"R00405","panel",31,"Female","Short-cycle tertiary","Mexico","North America","Not in labour force","Education","Boonta Eve Classic","Gasgano",6,"Likely","Ok","Good","Ok","Bad","Bad","Very bad","For the speed and the thrill","","","","Boonta Eve tradition","Don't know this brand","Very likeable","Not a sponsor","Likeable","Not a sponsor","Likeable","No value whatsoever for the money we spent today.",""
"R00406","email",34,"Female","Upper secondary","Sweden","Europe","Student","Wholesale and retail trade","Boonta Eve Classic","Sebulba",7,"Not sure","Good","Ok","Bad","Good","Bad","Bad","For the speed and the thrill","To support a favourite driver","For the betting and the wupiupi","A day out with friends and family","","","Very likeable","Don't know this brand","Very likeable","Not a sponsor","Likeable","","Fode's voice was so grating by the end of the day."
"R00407","in_app",31,"Male","Upper secondary","Mexico","North America","Student","Wholesale and retail trade","Boonta Eve Classic","Anakin Skywalker",9,"Very likely","Good","Ok","Bad","Ok","Very good","Good","","","","A day out with friends and family","Boonta Eve tradition","Sponsor","","Sponsor","","Not a sponsor","Unlikeable","",""
"R00408","socials",28,"","Doctoral or equivalent","United States","North America","Employed full-time","Other services","Vinta Harvest Classic","Gasgano",7,"Not sure","Very good","Ok","Good","Very good","Ok","Good","","","","","","Sponsor","","Sponsor","Unlikeable","Not a sponsor","Very likeable","",""
"R00409","email",26,"Male","Bachelor or equivalent","France","Europe","Employed part-time","Wholesale and retail trade","Boonta Eve Classic","Ody Mandrell",10,"Very likely","Good","Ok","Good","Good","Good","Very good","","","","","Boonta Eve tradition","Sponsor","","Don't know this brand","","Not a sponsor","Likeable","Ratts Tyerell's focus was laser-sharp all day.","I came for Gasgano specifically, and he did put in effort, though the results were disappointing."
"R00410","panel",32,"Male","Master or equivalent","Canada","North America","Not in labour force","Wholesale and retail trade","Boonta Eve Classic","Anakin Skywalker",3,"Very unlikely","Very bad","Very bad","Very bad","Bad","Bad","Bad","For the speed and the thrill","","","","","","Unlikeable","Don't know this brand","Unlikeable","Not a sponsor","","Anakin Skywalker's pod modifications are probably not street legal.","Truguts were the currency of regret when the concessions bill arrived."
"R00411","socials",30,"","Short-cycle tertiary","France","Europe","Employed full-time","Wholesale and retail trade","Mos Espa Circuit","Dud Bolt",8,"Not sure","Very bad","Bad","Very bad","Ok","Very bad","Bad","For the speed and the thrill","","","A day out with friends and family","","Not a sponsor","Very likeable","Sponsor","Likeable","Not a sponsor","","","Ody Mandrell recovered from a bad start to finish strong, that's true grit."
"R00412","in_app",25,"Male","Bachelor or equivalent","Germany","Europe","Employed full-time","Financial and insurance","Boonta Eve Classic","Anakin Skywalker",7,"Unlikely","Good","Good","Ok","Ok","Bad","Ok","For the speed and the thrill","To support a favourite driver","","A day out with friends and family","Boonta Eve tradition","Don't know this brand","","Sponsor","Likeable","Don't know this brand","Very unlikeable","",""
"R00413","in_app",37,"Male","Bachelor or equivalent","United States","North America","Student","Education","Phoebos Memorial Run","Gasgano",6,"Unlikely","Ok","Very bad","Ok","Ok","Very bad","Very bad","For the speed and the thrill","","","A day out with friends and family","","Not a sponsor","Likeable","Sponsor","Likeable","Sponsor","","","The race protocol was confusing and nobody knew what was happening."
"R00414","panel",37,"Male","Doctoral or equivalent","Germany","Europe","Unemployed","Manufacturing","Boonta Eve Classic","Anakin Skywalker",5,"Not sure","Very bad","Ok","Bad","Bad","Ok","Bad","For the speed and the thrill","To support a favourite driver","","","","Sponsor","Very unlikeable","Sponsor","Very likeable","Not a sponsor","Very likeable","This was my first and last time coming to an event here.","Teemto Pagalies showed poise under genuine pressure."
"R00415","in_app",34,"Non-binary","Upper secondary","Japan","Asia","Unemployed","Education","Phoebos Memorial Run","Sebulba",8,"Likely","Ok","Ok","Very bad","Ok","Ok","Ok","For the speed and the thrill","","","A day out with friends and family","","Not a sponsor","Very likeable","","Very likeable","","Very likeable","","The canyon dunes offered genuine spectacle, even if safety concerns were present."
"R00416","panel",19,"Female","Master or equivalent","Canada","North America","Employed full-time","Other services","Boonta Eve Classic","Anakin Skywalker",6,"Unlikely","Good","Bad","Ok","Ok","Very bad","Bad","","To support a favourite driver","","A day out with friends and family","","Sponsor","Likeable","Don't know this brand","","Don't know this brand","","Safety protocols are inadequate for crowd size here.","Ratts Tyerell's overtaking moves were aggressive but fair."
"R00417","email",37,"Female","Upper secondary","Brazil","Latin America","Student","Wholesale and retail trade","Boonta Eve Classic","Anakin Skywalker",3,"Unlikely","Bad","Bad","Very bad","Bad","Bad","Bad","","","","","Boonta Eve tradition","Sponsor","Likeable","Not a sponsor","Likeable","Not a sponsor","Likeable","",""
"R00418","in_app",37,"Male","","France","Europe","Employed full-time","Other services","Boonta Eve Classic","Ben Quadinaros",8,"Very likely","Very good","Bad","Ok","Good","Very good","Good","","To support a favourite driver","For the betting and the wupiupi","A day out with friends and family","Boonta Eve tradition","Not a sponsor","Likeable","Sponsor","Likeable","Don't know this brand","Very likeable","","My partner loved it as much as I did, we were both on our feet cheering."
"R00419","email",29,"Non-binary","Upper secondary","United States","North America","Not in labour force","Other services","Boonta Eve Classic","Anakin Skywalker",5,"Unlikely","Ok","Very bad","Bad","Ok","Very bad","Ok","For the speed and the thrill","","","A day out with friends and family","","Don't know this brand","Likeable","Sponsor","Likeable","Don't know this brand","Unlikeable","I could have streamed this from home for free honestly.","My kids have talked about nothing else since we got home."
"R00420","in_app",39,"Male","Bachelor or equivalent","United States","North America","Employed full-time","Wholesale and retail trade","Boonta Eve Classic","Anakin Skywalker",8,"Very likely","Good","Good","Good","Very good","Very good","Good","","","","","Boonta Eve tradition","Sponsor","Likeable","Sponsor","Very likeable","Don't know this brand","Likeable","",""
"R00421","panel",47,"Male","Master or equivalent","United States","North America","Employed full-time","Other services","Boonta Eve Classic","Ratts Tyerell",9,"Likely","Very good","Ok","Very good","Very good","Good","Ok","For the speed and the thrill","To support a favourite driver","For the betting and the wupiupi","","","Don't know this brand","","Sponsor","Likeable","Sponsor","","The pre-race entertainment was actually really enjoyable.","Ratts Tyerell's smile after finishing suggested he knew his real limitations."
"R00422","panel",36,"Male","Bachelor or equivalent","Mexico","North America","Student","Financial and insurance","Andobi Mountain Run","Anakin Skywalker",7,"Unlikely","Bad","Bad","Good","Ok","Very bad","Very bad","For the speed and the thrill","To support a favourite driver","","","","Sponsor","Likeable","Don't know this brand","Likeable","Not a sponsor","Likeable","",""
"R00423","panel",41,"Female","Upper secondary","France","Europe","Employed full-time","Manufacturing","Boonta Eve Classic","Sebulba",8,"Likely","Ok","Good","Good","Bad","Ok","Ok","For the speed and the thrill","","For the betting and the wupiupi","","","Sponsor","Very likeable","Don't know this brand","Unlikeable","Don't know this brand","Very likeable","",""
"R00424","panel",47,"Female","Lower secondary","Canada","North America","Employed part-time","Manufacturing","Boonta Eve Classic","Anakin Skywalker",7,"Very unlikely","Ok","Bad","Very good","Ok","Very bad","Bad","For the speed and the thrill","","For the betting and the wupiupi","","Boonta Eve tradition","Sponsor","Likeable","Don't know this brand","Unlikeable","Sponsor","Very likeable","","Gasgano's racer handled the turns better than I anticipated for a rookie field."
"R00425","socials",52,"Female","Short-cycle tertiary","Mexico","North America","Employed full-time","Human health and social work","Vinta Harvest Classic","Anakin Skywalker",10,"Very likely","Good","Good","Very good","Good","Very good","Very good","For the speed and the thrill","","","A day out with friends and family","","Sponsor","Likeable","Don't know this brand","Likeable","Not a sponsor","Likeable","The sponsor activations didn't overshadow the racing at all.","The Mos Espa Circuit is serviceable, though the seating arrangement could be rethought."
"R00426","panel",26,"Male","Short-cycle tertiary","United States","North America","Student","Arts and entertainment","Phoebos Memorial Run","Anakin Skywalker",8,"Likely","Ok","Ok","Ok","Ok","Good","Good","For the speed and the thrill","To support a favourite driver","","","Boonta Eve tradition","Don't know this brand","Likeable","Sponsor","","","Likeable","",""
"R00427","email",27,"Female","Lower secondary","France","Europe","Employed full-time","Other services","Boonta Eve Classic","Ratts Tyerell",6,"Not sure","Good","Ok","Bad","Ok","Bad","Very good","","To support a favourite driver","For the betting and the wupiupi","A day out with friends and family","","Sponsor","","Sponsor","Unlikeable","Don't know this brand","Very likeable","",""
"R00428","in_app",28,"Female","Short-cycle tertiary","Japan","Asia","Student","Manufacturing","Vinta Harvest Classic","Ody Mandrell",9,"Very likely","Bad","Ok","Ok","Good","Bad","Ok","For the speed and the thrill","","","A day out with friends and family","","Not a sponsor","","Sponsor","Unlikeable","Sponsor","","Ody Mandrell's success reflects consistent approach.",""
"R00429","socials",45,"Non-binary","Bachelor or equivalent","Germany","Europe","Employed full-time","Education","Boonta Eve Classic","Anakin Skywalker",8,"Likely","Good","Ok","Bad","Good","Very bad","Very good","For the speed and the thrill","To support a favourite driver","","","","Sponsor","Likeable","Don't know this brand","","Not a sponsor","","","The photography displays of previous races were genuinely informative."
"R00430","in_app",39,"Female","Bachelor or equivalent","United States","North America","Student","Education","Boonta Eve Classic","Ratts Tyerell",7,"Likely","Very good","Bad","Ok","Ok","Very bad","Ok","For the speed and the thrill","","","A day out with friends and family","Boonta Eve tradition","Don't know this brand","Very likeable","Sponsor","Very likeable","","Likeable","",""
"R00431","socials",43,"Female","Lower secondary","United Kingdom","Europe","Employed part-time","Wholesale and retail trade","Vinta Harvest Classic","Sebulba",10,"Very likely","Very good","Ok","Very good","Very good","Good","Very good","For the speed and the thrill","","For the betting and the wupiupi","A day out with friends and family","Boonta Eve tradition","Not a sponsor","Likeable","Sponsor","Likeable","Sponsor","Very likeable","","The heat and dust combined made conditions challenging for both racers and watchers."
"R00432","panel",36,"Male","Upper secondary","Sweden","Europe","Employed part-time","Wholesale and retail trade","Boonta Eve Classic","Ody Mandrell",7,"Likely","Good","Ok","Bad","Good","Ok","Good","For the speed and the thrill","","For the betting and the wupiupi","","","Don't know this brand","Unlikeable","Sponsor","Likeable","Sponsor","Likeable","","Teemto Pagalies drives too tentatively for this level of competition."
"R00433","email",29,"Female","Lower secondary","Sweden","Europe","Student","Human health and social work","Phoebos Memorial Run","Gasgano",6,"Not sure","Ok","Bad","Ok","Good","Very bad","Good","For the speed and the thrill","To support a favourite driver","For the betting and the wupiupi","","Boonta Eve tradition","Not a sponsor","Likeable","Sponsor","Likeable","Not a sponsor","Likeable","","Ben Quadinaros needed a better ride to truly compete at this level."
"R00434","panel",16,"Male","Upper secondary","Germany","Europe","Student","Public administration","Vinta Harvest Classic","Ben Quadinaros",3,"Unlikely","Bad","Bad","Bad","Good","Bad","Ok","For the speed and the thrill","To support a favourite driver","","","","Not a sponsor","Unlikeable","Don't know this brand","Unlikeable","Sponsor","Very likeable","","Tatooine location was always a mistake for this event."
"R00435","panel",16,"Female","Bachelor or equivalent","United States","North America","Employed full-time","Human health and social work","Phoebos Memorial Run","Anakin Skywalker",7,"Very likely","Good","Bad","Bad","Bad","Bad","Very bad","For the speed and the thrill","To support a favourite driver","For the betting and the wupiupi","A day out with friends and family","","Sponsor","","","Likeable","","Likeable","","Ratts Tyerell's pod was in no condition to race competitively."
"R00436","in_app",56,"Male","Short-cycle tertiary","United States","North America","Not in labour force","Financial and insurance","Boonta Eve Classic","Sebulba",8,"Very likely","Good","Ok","Good","Very good","Good","Good","For the speed and the thrill","","","","","Sponsor","Unlikeable","Don't know this brand","Unlikeable","","Unlikeable","",""
"R00437","panel",32,"Male","Bachelor or equivalent","Brazil","Latin America","Not in labour force","Wholesale and retail trade","Boonta Eve Classic","Anakin Skywalker",5,"Very unlikely","Good","Ok","Very bad","Bad","Very bad","Good","","","","A day out with friends and family","","Don't know this brand","Likeable","Sponsor","Likeable","Sponsor","","","Ratts Tyerell had some clever tactical moves, nice to see strategy alongside speed."
"R00438","socials",39,"Male","Bachelor or equivalent","Japan","Asia","Unemployed","Financial and insurance","Mos Espa Circuit","Ody Mandrell",7,"Unlikely","Bad","Very bad","Bad","Very bad","Bad","Ok","For the speed and the thrill","To support a favourite driver","","","","Don't know this brand","Very likeable","Sponsor","","Don't know this brand","","","Shade structures were insufficient for the extreme heat levels."
"R00439","email",40,"Female","Bachelor or equivalent","Mexico","North America","","Arts and entertainment","Boonta Eve Classic","Ody Mandrell",5,"Unlikely","Bad","Ok","Bad","Ok","Bad","Bad","For the speed and the thrill","","","","","","Likeable","","Unlikeable","Not a sponsor","Unlikeable","","The race was essentially decided before it even started."
"R00440","panel",49,"Female","Upper secondary","Germany","Europe","Student","Information and communication","Mos Espa Circuit","Anakin Skywalker",9,"Very likely","Very good","Ok","Ok","Very good","Good","Ok","For the speed and the thrill","To support a favourite driver","","","Boonta Eve tradition","Sponsor","Likeable","Sponsor","Likeable","Not a sponsor","Very likeable","The pit equipment looked state-of-the-art.",""
"R00441","panel",40,"Female","Upper secondary","Brazil","Latin America","Employed full-time","Arts and entertainment","Mos Espa Circuit","Mawhonic",10,"Very likely","Very good","Very good","Good","Very good","Good","Good","For the speed and the thrill","To support a favourite driver","","A day out with friends and family","Boonta Eve tradition","Don't know this brand","Likeable","","Likeable","Don't know this brand","Likeable","Sebulba's engineering team has clearly done amazing work.",""
"R00442","email",32,"Male","Primary or less","Japan","Asia","Employed part-time","Information and communication","Boonta Eve Classic","Ratts Tyerell",9,"Likely","Very good","Ok","Good","Good","Bad","Good","For the speed and the thrill","To support a favourite driver","","","Boonta Eve tradition","Don't know this brand","Likeable","Sponsor","Likeable","","Very likeable","",""
"R00443","socials",41,"Male","Short-cycle tertiary","Brazil","Latin America","Employed full-time","Wholesale and retail trade","Mos Espa Circuit","Gasgano",9,"Very likely","Very good","Bad","Ok","Very good","Very good","Very good","For the speed and the thrill","To support a favourite driver","","","Boonta Eve tradition","Not a sponsor","Very likeable","Sponsor","Likeable","Sponsor","Very likeable","The sponsorship banners didn't clutter the venue visually.","Credits spent on the experience were partially justified by singular memorable moments."
"R00444","in_app",36,"Male","Short-cycle tertiary","United States","North America","Not in labour force","Public administration","Boonta Eve Classic","Ody Mandrell",8,"Likely","Bad","Very bad","Good","Very bad","Ok","Very bad","For the speed and the thrill","To support a favourite driver","","A day out with friends and family","","Not a sponsor","Very likeable","Don't know this brand","Likeable","Sponsor","Very likeable","","Not worth the drive out to Tatooine for this disappointment."
"R00445","socials",24,"Female","Master or equivalent","United Kingdom","Europe","Student","Information and communication","Boonta Eve Classic","Gasgano",9,"Very likely","Good","Ok","Ok","Good","Very good","Ok","For the speed and the thrill","To support a favourite driver","","","","Not a sponsor","","Sponsor","Unlikeable","Sponsor","Unlikeable","Sebulba's respect for the rules shows true professionalism.",""
"R00446","socials",44,"Male","Bachelor or equivalent","United States","North America","Student","Education","Vinta Harvest Classic","Anakin Skywalker",10,"Not sure","Ok","Bad","Bad","Good","Good","Bad","For the speed and the thrill","To support a favourite driver","","A day out with friends and family","","Not a sponsor","Very likeable","Not a sponsor","Likeable","Not a sponsor","Likeable","","Weather contingencies were not planned for at all."
"R00447","email",34,"Male","Bachelor or equivalent","Australia","Oceania","Unemployed","Human health and social work","Boonta Eve Classic","Anakin Skywalker",8,"Very likely","Good","Ok","Ok","Ok","Ok","Ok","For the speed and the thrill","To support a favourite driver","For the betting and the wupiupi","","","Not a sponsor","Likeable","Don't know this brand","Unlikeable","Sponsor","Very unlikeable","",""
"R00448","panel",32,"Female","Doctoral or equivalent","United Kingdom","Europe","Not in labour force","Other services","Andobi Mountain Run","Anakin Skywalker",8,"Not sure","Good","Very bad","Ok","Ok","Ok","Good","For the speed and the thrill","To support a favourite driver","","A day out with friends and family","","Sponsor","Likeable","Not a sponsor","Very likeable","Sponsor","","","The dust was so thick in the canyon I couldn't see anything."
"R00449","panel",21,"Male","Upper secondary","United States","North America","Student","Financial and insurance","Vinta Harvest Classic","Mawhonic",8,"Unlikely","Ok","Bad","Bad","Ok","Good","Very good","For the speed and the thrill","To support a favourite driver","","","","Not a sponsor","","Sponsor","Likeable","Sponsor","Likeable","","Ratts Tyerell's sense of humor helped compensate for his lack of competitive edge."
"R00450","email",46,"Male","Master or equivalent","United States","North America","Not in labour force","Human health and social work","Mos Espa Circuit","Boles Roor",8,"Very likely","Bad","Ok","Good","Good","Good","Ok","","","","","Boonta Eve tradition","Sponsor","Very likeable","Not a sponsor","Likeable","Sponsor","Very unlikeable","","Worth every wupiupi spent, honestly would pay more."
"R00451","panel",27,"Male","","United States","North America","Employed full-time","Financial and insurance","Andobi Mountain Run","Anakin Skywalker",4,"Unlikely","Very bad","Ok","Very bad","Ok","Very bad","Good","","To support a favourite driver","","","","Sponsor","","Sponsor","Unlikeable","Don't know this brand","","","The pit box organisation was impressive precision engineering."
"R00452","in_app",31,"Male","Upper secondary","Brazil","Latin America","Student","Human health and social work","Boonta Eve Classic","Boles Roor",8,"Very unlikely","Ok","Very bad","Bad","Ok","Ok","Bad","For the speed and the thrill","To support a favourite driver","","A day out with friends and family","Boonta Eve tradition","Sponsor","Likeable","Sponsor","Likeable","Not a sponsor","Likeable","",""
"R00453","panel",32,"Male","Short-cycle tertiary","United Kingdom","Europe","Employed full-time","Manufacturing","Vinta Harvest Classic","Sebulba",9,"Unlikely","Good","Bad","Bad","Very good","Very bad","Good","","","For the betting and the wupiupi","A day out with friends and family","","Don't know this brand","Likeable","Not a sponsor","","Not a sponsor","","Ben Quadinaros' comeback drives are becoming signature performances.",""
"R00454","socials",31,"Male","Master or equivalent","United Kingdom","Europe","Employed full-time","Manufacturing","Vinta Harvest Classic","Boles Roor",7,"Not sure","Good","Very bad","Ok","Ok","Ok","Very good","For the speed and the thrill","","For the betting and the wupiupi","A day out with friends and family","","Don't know this brand","","Sponsor","Very unlikeable","Sponsor","","","The merchandise sizing options accommodated everyone."
"R00455","email",39,"Male","Upper secondary","Mexico","North America","Student","Public administration","Boonta Eve Classic","Teemto Pagalies",8,"Very likely","Good","Good","Ok","Good","Bad","Ok","For the speed and the thrill","To support a favourite driver","","A day out with friends and family","","Don't know this brand","Very unlikeable","","","Don't know this brand","Likeable","","Security was rude and unhelpful when we had questions."
"R00456","socials",43,"Male","Bachelor or equivalent","United States","North America","Employed part-time","Manufacturing","Andobi Mountain Run","Anakin Skywalker",9,"Likely","Good","Bad","Ok","Good","Ok","Ok","For the speed and the thrill","To support a favourite driver","","A day out with friends and family","Boonta Eve tradition","Not a sponsor","","Sponsor","Unlikeable","Don't know this brand","","The food quality was better than I expected at a racing event.",""
"R00457","in_app",38,"Female","Lower secondary","Brazil","Latin America","Employed full-time","","Boonta Eve Classic","Anakin Skywalker",9,"Very likely","Very good","Very good","Good","Good","Very good","Very good","For the speed and the thrill","","For the betting and the wupiupi","","","Not a sponsor","Very likeable","Not a sponsor","Very likeable","Don't know this brand","Likeable","","Boles Roor finished positions he probably shouldn't have reached without luck's assistance."
"R00458","panel",16,"Male","Lower secondary","Brazil","Latin America","Employed full-time","Information and communication","Boonta Eve Classic","",9,"Very likely","Very good","Good","Very good","Good","Good","Good","For the speed and the thrill","","","","","Not a sponsor","Likeable","Not a sponsor","Likeable","Not a sponsor","Likeable","The pit crew efficiency suggests top-level training.","Teemto Pagalies' racecraft matures with every outing."
"R00459","panel",16,"Male","Short-cycle tertiary","Canada","North America","","Other services","Vinta Harvest Classic","Ody Mandrell",10,"Very likely","Very good","Very good","Very good","Very good","Very good","Very good","For the speed and the thrill","To support a favourite driver","For the betting and the wupiupi","A day out with friends and family","Boonta Eve tradition","Sponsor","Unlikeable","Sponsor","Unlikeable","Sponsor","","",""
"R00460","socials",28,"Male","Upper secondary","Germany","Europe","Student","Financial and insurance","Mos Espa Circuit","Ratts Tyerell",8,"Unlikely","Ok","Very bad","Very bad","Ok","Ok","Bad","For the speed and the thrill","","","","","Sponsor","","Sponsor","Unlikeable","Not a sponsor","Likeable","",""
"R00461","panel",30,"Female","Upper secondary","United States","North America","Student","Manufacturing","Vinta Harvest Classic","Sebulba",10,"Likely","Good","Ok","Ok","Very good","Very good","Ok","For the speed and the thrill","","","","Boonta Eve tradition","Don't know this brand","Unlikeable","Don't know this brand","Unlikeable","Sponsor","Likeable","Mawhonic's line through the tight canyon sections was perfect.","Sebulba pushed Anakin the entire race, made it genuinely competitive."
"R00462","in_app",30,"Male","Short-cycle tertiary","Mexico","North America","Employed full-time","Information and communication","Boonta Eve Classic","Teemto Pagalies",10,"Very likely","Very good","Very good","Very good","Very good","Very good","Very good","For the speed and the thrill","","","A day out with friends and family","Boonta Eve tradition","Not a sponsor","Unlikeable","Sponsor","Unlikeable","Sponsor","","","The team coordination in the pits was like watching a choreographed dance."
"R00463","email",16,"Female","Upper secondary","Germany","Europe","Not in labour force","Information and communication","Boonta Eve Classic","Ben Quadinaros",8,"Unlikely","Ok","Ok","Bad","Very good","Good","Ok","For the speed and the thrill","","","","","Don't know this brand","Very unlikeable","","Likeable","","Very likeable","",""
"R00464","panel",24,"Male","Lower secondary","United Kingdom","Europe","","Human health and social work","Vinta Harvest Classic","Anakin Skywalker",7,"Very unlikely","Good","Very bad","Ok","Ok","Bad","Ok","For the speed and the thrill","","","A day out with friends and family","","Sponsor","Likeable","Don't know this brand","Very unlikeable","Sponsor","","","The kids' zone activities kept the younger ones entertained."
"R00465","panel",16,"Male","Bachelor or equivalent","Brazil","Latin America","Student","Other services","Mos Espa Circuit","Ratts Tyerell",7,"Very unlikely","Ok","Very bad","Bad","Ok","Bad","Bad","For the speed and the thrill","","For the betting and the wupiupi","A day out with friends and family","","","Likeable","Sponsor","Likeable","Don't know this brand","Likeable","",""
"R00466","panel",64,"Male","Bachelor or equivalent","United Kingdom","Europe","Employed full-time","","Boonta Eve Classic","Anakin Skywalker",8,"Not sure","Good","Ok","Good","Good","Ok","Ok","For the speed and the thrill","To support a favourite driver","","","Boonta Eve tradition","Not a sponsor","Likeable","Sponsor","Very unlikeable","Sponsor","","","The merchandise stand had inflated prices compared to other events."
"R00467","panel",39,"Male","Upper secondary","Australia","Oceania","Employed full-time","Education","Phoebos Memorial Run","Anakin Skywalker",10,"Very likely","Very good","Bad","Good","Very good","Good","Good","For the speed and the thrill","To support a favourite driver","","","Boonta Eve tradition","Sponsor","","Don't know this brand","Unlikeable","Sponsor","Very unlikeable","",""
"R00468","in_app",32,"Female","Short-cycle tertiary","United States","North America","Unemployed","Arts and entertainment","Boonta Eve Classic","Anakin Skywalker",9,"Very likely","Very good","Good","Ok","Good","Good","Ok","For the speed and the thrill","To support a favourite driver","","A day out with friends and family","Boonta Eve tradition","Don't know this brand","Very likeable","Sponsor","Very likeable","Not a sponsor","Unlikeable","",""
"R00469","panel",16,"Female","Upper secondary","United Kingdom","Europe","Employed full-time","Education","Mos Espa Circuit","Mawhonic",2,"Very unlikely","Very bad","Very bad","Very bad","Bad","Very bad","Very bad","","","For the betting and the wupiupi","A day out with friends and family","Boonta Eve tradition","Don't know this brand","Likeable","Not a sponsor","Likeable","Sponsor","Unlikeable","Ben Quadinaros has won too many times, it's getting predictable.","Anakin Skywalker drove like he had everything to prove, which made for unpredictable moments."
"R00470","in_app",29,"Male","Upper secondary","Canada","North America","Employed part-time","Education","Boonta Eve Classic","Dud Bolt",4,"Unlikely","Ok","Bad","Very bad","Good","Good","Ok","","","","","Boonta Eve tradition","Don't know this brand","","Don't know this brand","Very unlikeable","Don't know this brand","Unlikeable","Ben Quadinaros has won six times in a row, it's boring now.","Mos Espa Circuit infrastructure is completely inadequate."
"R00471","email",42,"Male","Primary or less","Japan","Asia","Student","Wholesale and retail trade","Vinta Harvest Classic","Gasgano",8,"Not sure","Ok","Bad","Bad","Good","Ok","Bad","For the speed and the thrill","","For the betting and the wupiupi","","","Not a sponsor","Likeable","Sponsor","Very unlikeable","Don't know this brand","Unlikeable","",""
"R00472","in_app",41,"Female","Bachelor or equivalent","Canada","North America","Employed part-time","Education","Vinta Harvest Classic","Mawhonic",7,"Unlikely","Bad","Bad","Very bad","Ok","Very bad","Ok","For the speed and the thrill","","","","","","Unlikeable","Don't know this brand","Likeable","Sponsor","Unlikeable","",""
"R00473","panel",37,"Female","Upper secondary","United Kingdom","Europe","Employed part-time","Public administration","Boonta Eve Classic","Gasgano",8,"Very likely","Very good","Good","Bad","Very good","Good","Ok","For the speed and the thrill","","For the betting and the wupiupi","A day out with friends and family","","Don't know this brand","Likeable","Not a sponsor","Very unlikeable","Don't know this brand","","","Fode's interview techniques got genuine answers from drivers."
"R00474","in_app",49,"Male","Bachelor or equivalent","France","Europe","Student","Public administration","Phoebos Memorial Run","Anakin Skywalker",5,"Unlikely","Bad","Bad","Very bad","Bad","Very bad","Very bad","For the speed and the thrill","","","","","Don't know this brand","Unlikeable","Not a sponsor","Likeable","Sponsor","Likeable","The seating assignment system made no sense.",""
"R00475","socials",16,"Female","Master or equivalent","Germany","Europe","Unemployed","Information and communication","Vinta Harvest Classic","Dud Bolt",9,"Unlikely","Good","Bad","Ok","Ok","Bad","Bad","For the speed and the thrill","To support a favourite driver","","","","Sponsor","Very likeable","Don't know this brand","Very likeable","Not a sponsor","Very likeable","Mawhonic's lap consistency was remarkable.",""
"R00476","email",19,"Female","Lower secondary","United States","North America","Employed full-time","Other services","Boonta Eve Classic","Ody Mandrell",9,"Unlikely","Ok","Very bad","Bad","Ok","Ok","Good","","To support a favourite driver","","","Boonta Eve tradition","Not a sponsor","Very likeable","Not a sponsor","Very likeable","Don't know this brand","Likeable","The crowd singing along to the anthems created real goosebumps.",""
"R00477","socials",32,"Male","Upper secondary","Mexico","North America","Employed part-time","Education","Boonta Eve Classic","Teemto Pagalies",8,"Not sure","Ok","Good","Bad","Ok","Very bad","Ok","For the speed and the thrill","","","","Boonta Eve tradition","","Unlikeable","Sponsor","Very likeable","Sponsor","Likeable","","Vinta Harvest Classic had better drivers and better organization."
"R00478","email",34,"Female","Master or equivalent","United States","North America","Employed part-time","Wholesale and retail trade","Vinta Harvest Classic","Anakin Skywalker",7,"Not sure","Very good","Very bad","Good","Good","Good","Very bad","For the speed and the thrill","To support a favourite driver","","","","Don't know this brand","Likeable","Not a sponsor","Likeable","Not a sponsor","Unlikeable","",""
"R00479","email",26,"Male","Bachelor or equivalent","United States","North America","Employed part-time","Other services","Andobi Mountain Run","Sebulba",9,"Likely","Good","Good","Ok","Ok","Ok","Ok","For the speed and the thrill","To support a favourite driver","","A day out with friends and family","Boonta Eve tradition","Not a sponsor","Very likeable","Not a sponsor","Unlikeable","Sponsor","Likeable","The souvenir quality suggests proper event management.",""
"R00480","in_app",46,"Female","Short-cycle tertiary","Canada","North America","Employed full-time","Arts and entertainment","Vinta Harvest Classic","Ody Mandrell",9,"Likely","Very good","Bad","Ok","Good","Ok","Ok","For the speed and the thrill","","","","","Not a sponsor","Likeable","Sponsor","Likeable","Sponsor","Very likeable","The emergency evacuation drills must be excellent.",""
"R00481","panel",16,"Female","Short-cycle tertiary","Canada","North America","Employed full-time","Wholesale and retail trade","Boonta Eve Classic","Sebulba",6,"Unlikely","Ok","Bad","Good","Bad","Ok","Bad","For the speed and the thrill","To support a favourite driver","For the betting and the wupiupi","","Boonta Eve tradition","","","Sponsor","Likeable","Not a sponsor","Likeable","Overpriced food with tiny portions, the concession situation was criminal.","Ben Quadinaros' mechanical problems weren't entirely his team's fault, but they could've prepared better."
"R00482","panel",20,"Male","Upper secondary","France","Europe","Student","Information and communication","Phoebos Memorial Run","Anakin Skywalker",5,"Not sure","Very bad","Ok","Very bad","Bad","Bad","Bad","For the speed and the thrill","To support a favourite driver","","A day out with friends and family","","Don't know this brand","Very likeable","Not a sponsor","Very unlikeable","Don't know this brand","Likeable","The merchandise prices are about double what they should be.",""
"R00483","socials",51,"Male","Lower secondary","United States","North America","Student","Other services","Vinta Harvest Classic","Sebulba",5,"Unlikely","Ok","Bad","Very bad","Very bad","Very bad","Very bad","For the speed and the thrill","To support a favourite driver","For the betting and the wupiupi","","Boonta Eve tradition","Sponsor","Very likeable","Don't know this brand","","Sponsor","","The track officials seemed completely incompetent and disorganized.",""
"R00484","in_app",43,"Male","Upper secondary","United States","North America","Employed full-time","Manufacturing","Boonta Eve Classic","Ben Quadinaros",6,"Very unlikely","Bad","Bad","Good","Very bad","Ok","Bad","For the speed and the thrill","","For the betting and the wupiupi","A day out with friends and family","Boonta Eve tradition","Sponsor","Likeable","Sponsor","Unlikeable","Sponsor","Unlikeable","Ben Quadinaros' pod had mechanical issues but still somehow won.",""
"R00485","panel",16,"Male","Upper secondary","Germany","Europe","Employed full-time","Other services","Phoebos Memorial Run","Sebulba",9,"Not sure","Very good","Very good","Good","Very good","Ok","Good","","","","A day out with friends and family","Boonta Eve tradition","Don't know this brand","Unlikeable","Not a sponsor","Likeable","Sponsor","Likeable","Anakin's reflexes are genuinely superhuman, the speed of his reactions.","Heat stroke is a real risk and they didn't have enough medical staff."
"R00486","email",42,"Male","","United States","North America","Student","Education","Boonta Eve Classic","Anakin Skywalker",7,"Not sure","Good","Bad","Bad","Very good","Ok","Ok","","To support a favourite driver","","","Boonta Eve tradition","Sponsor","Unlikeable","Not a sponsor","","Sponsor","Very likeable","","Teemto Pagalies had one or two brilliant passes that justified the ticket price alone."
"R00487","panel",36,"Female","Upper secondary","United States","North America","Employed full-time","Public administration","Boonta Eve Classic","Anakin Skywalker",10,"Not sure","Good","Ok","Very bad","Good","Ok","Ok","For the speed and the thrill","","For the betting and the wupiupi","","","Don't know this brand","","Sponsor","Likeable","Sponsor","Very likeable","","Credits went where they had to, though I resented some of the associated costs."
"R00488","in_app",16,"Male","Lower secondary","Mexico","North America","Employed part-time","Public administration","Phoebos Memorial Run","Anakin Skywalker",6,"Not sure","Very bad","Ok","Bad","Bad","Very bad","Ok","For the speed and the thrill","","","","","","","Not a sponsor","Likeable","Sponsor","","","Beed's interview style really got the drivers to open up."
"R00489","email",36,"Female","Lower secondary","United States","North America","Employed part-time","Financial and insurance","Phoebos Memorial Run","Dud Bolt",9,"Not sure","Ok","Ok","Good","Bad","Very bad","Ok","For the speed and the thrill","","","","","Don't know this brand","","Sponsor","Likeable","Not a sponsor","Very likeable","The pit lane broadcasts showed real telemetry and data analysis.",""
"R00490","email",43,"Male","Bachelor or equivalent","United States","North America","Not in labour force","Human health and social work","Phoebos Memorial Run","Ben Quadinaros",6,"Likely","Good","Bad","Ok","Good","Very good","Very good","For the speed and the thrill","","","","","Don't know this brand","Likeable","Sponsor","Very unlikeable","Not a sponsor","Unlikeable","","The historical context provided for each race was engaging."
"R00491","panel",20,"Male","Short-cycle tertiary","Australia","Oceania","Employed part-time","Information and communication","Boonta Eve Classic","Teemto Pagalies",8,"Likely","Ok","Bad","Ok","Ok","Bad","Good","","To support a favourite driver","","","Boonta Eve tradition","Not a sponsor","Unlikeable","Don't know this brand","Very likeable","Sponsor","Very unlikeable","",""
"R00492","in_app",38,"Female","Master or equivalent","Brazil","Latin America","Student","Education","Phoebos Memorial Run","Anakin Skywalker",6,"Likely","Good","Bad","Good","Bad","Ok","Bad","For the speed and the thrill","To support a favourite driver","For the betting and the wupiupi","","Boonta Eve tradition","Don't know this brand","Likeable","Sponsor","Unlikeable","Sponsor","Very likeable","",""
"R00493","email",17,"Male","Bachelor or equivalent","France","Europe","","Information and communication","Andobi Mountain Run","Mawhonic",8,"Very likely","Good","Ok","Bad","Ok","Very bad","Bad","For the speed and the thrill","","","","Boonta Eve tradition","Sponsor","Likeable","Don't know this brand","Very likeable","Not a sponsor","Likeable","","Boles Roor finished in the middle, which was probably his realistic ceiling."
"R00494","email",38,"Female","Bachelor or equivalent","Japan","Asia","Student","Arts and entertainment","Vinta Harvest Classic","Teemto Pagalies",9,"Very likely","Very good","Ok","Very good","Good","Good","Very good","","To support a favourite driver","","","Boonta Eve tradition","Not a sponsor","Likeable","Don't know this brand","Likeable","Don't know this brand","Very unlikeable","","The afternoon provided entertainment value despite not being exceptional."
"R00495","panel",20,"Female","Bachelor or equivalent","Japan","Asia","Employed full-time","Information and communication","Andobi Mountain Run","Gasgano",7,"Very likely","Bad","Ok","Ok","Ok","Bad","Very bad","For the speed and the thrill","","","","","Sponsor","Unlikeable","Not a sponsor","Unlikeable","Not a sponsor","Likeable","","Boles Roor's pod caught fire and they stopped the race for ages."
"R00496","panel",27,"Female","Upper secondary","United States","North America","Not in labour force","Public administration","Boonta Eve Classic","Anakin Skywalker",9,"Likely","Good","Good","Good","Good","Ok","Very good","For the speed and the thrill","To support a favourite driver","","A day out with friends and family","","Not a sponsor","Likeable","Not a sponsor","Likeable","Sponsor","Very likeable","",""
"R00497","socials",19,"Male","Bachelor or equivalent","United Kingdom","Europe","Employed full-time","Information and communication","Boonta Eve Classic","Ody Mandrell",10,"Not sure","Very good","Bad","Very good","Very good","Good","Good","For the speed and the thrill","To support a favourite driver","","A day out with friends and family","","Sponsor","Likeable","Sponsor","Likeable","Sponsor","Likeable","Dud Bolt never gives up even when behind, shows amazing determination.","Parking fees add insult to injury with poor locations."
"R00498","socials",40,"Male","Short-cycle tertiary","United States","North America","Employed part-time","Manufacturing","Andobi Mountain Run","Sebulba",6,"Unlikely","Very bad","Bad","Bad","Ok","Very bad","Very bad","For the speed and the thrill","To support a favourite driver","For the betting and the wupiupi","","Boonta Eve tradition","Don't know this brand","Likeable","Not a sponsor","","Don't know this brand","Unlikeable","Mawhonic's driving record shows dangerous patterns.","Ben Quadinaros showed that fighting spirit beats raw talent sometimes."
"R00499","panel",30,"Female","Short-cycle tertiary","Germany","Europe","Unemployed","Information and communication","Andobi Mountain Run","Gasgano",9,"Likely","Ok","Bad","Ok","Good","Good","Good","For the speed and the thrill","","","A day out with friends and family","","Not a sponsor","Likeable","Not a sponsor","Unlikeable","Not a sponsor","Unlikeable","Fode's humour kept the early races entertaining.","The viewing angles from every section were genuinely good."
"R00500","panel",38,"Female","Short-cycle tertiary","Canada","North America","Employed full-time","Public administration","Phoebos Memorial Run","Anakin Skywalker",8,"Likely","Ok","Bad","Ok","Ok","Ok","Good","For the speed and the thrill","","","A day out with friends and family","","Not a sponsor","Very likeable","Sponsor","Likeable","Don't know this brand","Very likeable","",""
"R00501","panel",39,"Male","Master or equivalent","United States","North America","Employed full-time","Wholesale and retail trade","Vinta Harvest Classic","Dud Bolt",8,"Very likely","Good","Ok","Bad","Bad","Ok","Good","For the speed and the thrill","","","","","Not a sponsor","Unlikeable","Sponsor","Very likeable","Don't know this brand","Unlikeable","","Phoebos Memorial Run was way better organized than this chaos."
"R00502","email",32,"","Short-cycle tertiary","Japan","Asia","Employed full-time","Education","Boonta Eve Classic","Gasgano",9,"Likely","Very good","Good","Ok","Good","Ok","Good","For the speed and the thrill","","For the betting and the wupiupi","","","Not a sponsor","Likeable","Sponsor","Likeable","Not a sponsor","Unlikeable","","The barrier positioning kept spectators safe without obscuring views."
"R00503","panel",31,"Male","Bachelor or equivalent","United Kingdom","Europe","Employed full-time","Information and communication","Boonta Eve Classic","Sebulba",4,"Not sure","Bad","Ok","Very good","Bad","Bad","Ok","For the speed and the thrill","To support a favourite driver","For the betting and the wupiupi","","","Not a sponsor","Likeable","Don't know this brand","Very unlikeable","Sponsor","Likeable","The concessions had nothing vegetarian and very limited options.",""
"R00504","in_app",37,"Male","Master or equivalent","United Kingdom","Europe","Employed full-time","Information and communication","Boonta Eve Classic","Dud Bolt",7,"Not sure","Very good","Bad","Good","Very good","Bad","Good","For the speed and the thrill","To support a favourite driver","For the betting and the wupiupi","","Boonta Eve tradition","Don't know this brand","Unlikeable","Sponsor","Very likeable","Don't know this brand","Very likeable","","The souvenir programme had quality photos from past seasons."
"R00505","email",39,"Female","Upper secondary","Japan","Asia","Not in labour force","Information and communication","Mos Espa Circuit","Anakin Skywalker",7,"Not sure","Good","Bad","Bad","Bad","Good","Bad","For the speed and the thrill","","For the betting and the wupiupi","","","Don't know this brand","Likeable","Not a sponsor","","Don't know this brand","Unlikeable","","Gasgano's experience showed in strategy if not in final standing."
"R00506","panel",32,"","Short-cycle tertiary","Germany","Europe","Employed full-time","Wholesale and retail trade","Boonta Eve Classic","Gasgano",7,"Unlikely","Good","Bad","Very good","Ok","Very good","Ok","For the speed and the thrill","","","A day out with friends and family","","Not a sponsor","Likeable","Sponsor","Unlikeable","Don't know this brand","Unlikeable","",""
"R00507","in_app",37,"Male","Master or equivalent","United States","North America","Employed full-time","Information and communication","Phoebos Memorial Run","",5,"Not sure","Bad","Very bad","Bad","Bad","Good","Ok","","","For the betting and the wupiupi","A day out with friends and family","Boonta Eve tradition","Not a sponsor","","Don't know this brand","Very likeable","Not a sponsor","Very likeable","",""
"R00508","panel",42,"Female","Master or equivalent","Mexico","North America","Not in labour force","Other services","Boonta Eve Classic","Mawhonic",5,"Very unlikely","Bad","Bad","Bad","Ok","Bad","Bad","For the speed and the thrill","To support a favourite driver","","","Boonta Eve tradition","Not a sponsor","Likeable","Don't know this brand","Likeable","Not a sponsor","Very unlikeable","",""
"R00509","panel",40,"Male","Bachelor or equivalent","United States","North America","Employed full-time","Wholesale and retail trade","Boonta Eve Classic","Ben Quadinaros",6,"Not sure","Bad","Very bad","Very bad","Ok","Ok","Bad","For the speed and the thrill","","For the betting and the wupiupi","A day out with friends and family","","Not a sponsor","Unlikeable","Sponsor","Very likeable","Don't know this brand","Likeable","The race ended in chaos and nobody explained what happened.",""
"R00510","email",48,"Male","Bachelor or equivalent","Australia","Oceania","Employed full-time","Public administration","Vinta Harvest Classic","Sebulba",9,"Likely","Very good","Very bad","Very good","Good","Good","Good","For the speed and the thrill","To support a favourite driver","","","Boonta Eve tradition","Not a sponsor","Likeable","Don't know this brand","Likeable","Not a sponsor","","","Mawhonic's crash was at least dramatic, providing a moment of actual suspense."
"R00511","email",16,"Male","Upper secondary","Germany","Europe","Employed part-time","","Vinta Harvest Classic","Anakin Skywalker",7,"Very likely","Very good","Very good","Ok","Good","Good","Good","For the speed and the thrill","To support a favourite driver","For the betting and the wupiupi","","","Sponsor","Unlikeable","Not a sponsor","Likeable","","Likeable","",""
"R00512","in_app",36,"Male","Upper secondary","France","Europe","","Manufacturing","Phoebos Memorial Run","Anakin Skywalker",6,"Unlikely","Ok","Ok","Very bad","Ok","Ok","Ok","","","","A day out with friends and family","Boonta Eve tradition","Sponsor","Likeable","Sponsor","Likeable","","Likeable","Gasgano cheated so blatantly it's hard to even watch.",""
"R00513","panel",34,"","Upper secondary","Australia","Oceania","Employed part-time","Information and communication","Andobi Mountain Run","Ben Quadinaros",6,"Unlikely","Very bad","Bad","Ok","Ok","Bad","Very bad","For the speed and the thrill","To support a favourite driver","For the betting and the wupiupi","","","Not a sponsor","Likeable","Don't know this brand","Likeable","Don't know this brand","Likeable","","Ticket costs are the primary reason people aren't returning."
"R00514","socials",23,"Female","Upper secondary","United Kingdom","Europe","Employed part-time","Arts and entertainment","Phoebos Memorial Run","Anakin Skywalker",9,"Likely","Good","Very bad","Ok","Ok","Ok","Ok","For the speed and the thrill","To support a favourite driver","For the betting and the wupiupi","A day out with friends and family","Boonta Eve tradition","Don't know this brand","Very likeable","Not a sponsor","Likeable","Sponsor","Likeable","The accessible seating for elderly spectators showed real care.",""
"R00515","panel",23,"Male","Upper secondary","United States","North America","Employed full-time","Other services","Vinta Harvest Classic","Sebulba",9,"Very likely","Very good","Bad","Very good","Very good","Very good","Good","For the speed and the thrill","","For the betting and the wupiupi","","","Not a sponsor","","Sponsor","Very likeable","Sponsor","Likeable","",""
"R00516","panel",38,"Female","Upper secondary","United Kingdom","Europe","Employed full-time","Arts and entertainment","Vinta Harvest Classic","Gasgano",10,"Very likely","Very good","Very good","Very good","Very good","Very good","Good","For the speed and the thrill","To support a favourite driver","","A day out with friends and family","Boonta Eve tradition","Sponsor","","Sponsor","Very unlikeable","Sponsor","","Anakin's speed is simply in another league.",""
"R00517","in_app",28,"Male","Lower secondary","United Kingdom","Europe","Employed full-time","Manufacturing","Mos Espa Circuit","Sebulba",4,"Unlikely","Bad","Bad","Bad","Bad","Ok","Very bad","For the speed and the thrill","To support a favourite driver","","","","Don't know this brand","Likeable","Sponsor","Very unlikeable","Not a sponsor","","",""
"R00518","email",29,"Male","Lower secondary","Mexico","North America","Employed full-time","Wholesale and retail trade","Andobi Mountain Run","Dud Bolt",8,"Unlikely","Ok","Ok","Ok","Ok","Ok","Ok","For the speed and the thrill","","For the betting and the wupiupi","","Boonta Eve tradition","Sponsor","Very likeable","","Very likeable","Sponsor","Very likeable","","Ben Quadinaros' resilience inspired everyone watching."
"R00519","panel",38,"Prefer not to answer","Primary or less","Brazil","Latin America","Employed part-time","Financial and insurance","Phoebos Memorial Run","Mawhonic",10,"Very likely","Very good","Good","Good","Very good","Very good","Ok","","","For the betting and the wupiupi","A day out with friends and family","","Sponsor","","Don't know this brand","","Don't know this brand","","",""
"R00520","socials",46,"Female","Bachelor or equivalent","United States","North America","Employed full-time","Manufacturing","Boonta Eve Classic","Ben Quadinaros",7,"Not sure","Very good","Bad","Bad","Very good","Ok","Ok","For the speed and the thrill","","","","","Not a sponsor","Unlikeable","Not a sponsor","Unlikeable","Not a sponsor","Likeable","","Ody Mandrell should get new equipment first."
"R00521","in_app",57,"Female","Doctoral or equivalent","Sweden","Europe","Employed full-time","Financial and insurance","Boonta Eve Classic","Gasgano",9,"Very likely","Very good","Good","Good","Very good","Very good","Very good","For the speed and the thrill","","","","","Not a sponsor","Likeable","Don't know this brand","Unlikeable","Don't know this brand","Unlikeable","Gasgano's smooth driving style is a joy to watch.",""
"R00522","email",41,"","Bachelor or equivalent","United States","North America","Employed full-time","Public administration","Boonta Eve Classic","Anakin Skywalker",5,"Likely","Bad","Bad","Ok","Bad","Bad","Very good","For the speed and the thrill","To support a favourite driver","For the betting and the wupiupi","A day out with friends and family","","Don't know this brand","","Don't know this brand","Very likeable","Don't know this brand","Likeable","Boonta Eve Classic should be held at better venues.",""
"R00523","panel",56,"Female","Doctoral or equivalent","United States","North America","Student","Financial and insurance","Phoebos Memorial Run","Ratts Tyerell",7,"Likely","Good","Ok","Ok","Good","Bad","Good","For the speed and the thrill","To support a favourite driver","","","","Sponsor","Very likeable","Don't know this brand","Likeable","Sponsor","Very unlikeable","",""
"R00524","email",47,"Male","Short-cycle tertiary","United States","North America","Employed part-time","Information and communication","Mos Espa Circuit","Ben Quadinaros",8,"Very likely","Very good","Ok","Very bad","Very good","Good","Good","For the speed and the thrill","To support a favourite driver","","","Boonta Eve tradition","Not a sponsor","Unlikeable","Not a sponsor","Likeable","Don't know this brand","Likeable","","Gasgano's experience shows in the way he handles pressure."
"R00525","socials",36,"Female","Upper secondary","Japan","Asia","Employed full-time","Manufacturing","Phoebos Memorial Run","Dud Bolt",10,"Very likely","Very good","Good","Very good","Very good","Very good","Good","For the speed and the thrill","To support a favourite driver","","A day out with friends and family","Boonta Eve tradition","Not a sponsor","Likeable","Don't know this brand","Unlikeable","Don't know this brand","","Sebulba drove aggressively without losing control.","Ben Quadinaros drove with effort even as equipment issues mounted."
"R00526","panel",35,"Male","Bachelor or equivalent","Mexico","North America","","Information and communication","Vinta Harvest Classic","Anakin Skywalker",10,"Very likely","Very good","Ok","Ok","Ok","Good","Good","For the speed and the thrill","To support a favourite driver","","","Boonta Eve tradition","Sponsor","Likeable","Sponsor","","Not a sponsor","","","The race announcements came through clearly enough most of the time."
"R00527","in_app",55,"Male","Upper secondary","United States","North America","Employed full-time","Manufacturing","Phoebos Memorial Run","Anakin Skywalker",8,"Not sure","Bad","Very bad","Ok","Very bad","Ok","Bad","","To support a favourite driver","","A day out with friends and family","","Don't know this brand","Unlikeable","Don't know this brand","Very unlikeable","Not a sponsor","Likeable","","Ticket refund policy is deliberately unfair to customers."
"R00528","email",20,"Male","Primary or less","Germany","Europe","Employed part-time","Manufacturing","Boonta Eve Classic","Anakin Skywalker",7,"Not sure","Bad","Very bad","Ok","Very good","Ok","Good","For the speed and the thrill","","","A day out with friends and family","","Sponsor","Likeable","Don't know this brand","","Sponsor","Unlikeable","","Communication from organizers is poor and late."
"R00529","in_app",33,"Male","Upper secondary","United States","North America","Employed full-time","Information and communication","Boonta Eve Classic","Ody Mandrell",8,"Likely","Very good","Ok","Good","Very good","Very good","Good","For the speed and the thrill","","","","","Don't know this brand","","Don't know this brand","Likeable","","Very likeable","",""
"R00530","panel",34,"Female","Lower secondary","United Kingdom","Europe","Employed full-time","Wholesale and retail trade","Mos Espa Circuit","Ben Quadinaros",5,"Very unlikely","Bad","Ok","Bad","Very bad","Very bad","Bad","For the speed and the thrill","To support a favourite driver","","A day out with friends and family","","Not a sponsor","","Don't know this brand","","Not a sponsor","Very likeable","","Seating comfort was non-existent with hard plastic seats."
"R00531","panel",16,"Non-binary","Lower secondary","United States","North America","Not in labour force","Financial and insurance","Boonta Eve Classic","Ody Mandrell",4,"Not sure","Bad","Bad","Very bad","Bad","Very bad","Ok","","To support a favourite driver","For the betting and the wupiupi","","Boonta Eve tradition","Sponsor","Very unlikeable","Sponsor","","Sponsor","Very likeable","The event would have been cancelled by any competent organizer.","Dud Bolt's bravery in high-speed sections was stunning."
"R00532","socials",28,"Male","Upper secondary","United States","North America","Student","Manufacturing","Boonta Eve Classic","Sebulba",7,"Likely","Good","Ok","Good","Ok","Bad","Very bad","","To support a favourite driver","","A day out with friends and family","","Sponsor","","Don't know this brand","Likeable","Not a sponsor","Unlikeable","","First aid kits and medical supplies seemed inadequate."
"R00533","email",36,"Male","Upper secondary","United Kingdom","Europe","Not in labour force","Information and communication","Boonta Eve Classic","Anakin Skywalker",7,"Likely","Good","Bad","Good","Bad","Bad","Bad","For the speed and the thrill","","","","","Don't know this brand","Very unlikeable","Not a sponsor","","Sponsor","Likeable","",""
"R00534","panel",16,"Male","Short-cycle tertiary","Germany","Europe","Student","Information and communication","Andobi Mountain Run","Anakin Skywalker",10,"Very likely","Very good","Ok","Good","Ok","Very good","Very good","For the speed and the thrill","","","","","Don't know this brand","Very unlikeable","Not a sponsor","Unlikeable","Not a sponsor","Likeable","Anakin's lap time in qualifying was a genuine track record.","Ratts Tyerell's aggressive driving never crossed into recklessness."
"R00535","socials",36,"Male","Upper secondary","Germany","Europe","Student","Human health and social work","Phoebos Memorial Run","Boles Roor",5,"Not sure","Very good","Ok","Very bad","Good","Good","Ok","For the speed and the thrill","To support a favourite driver","","","","Sponsor","","Sponsor","Very likeable","Not a sponsor","Very likeable","Management shows no concern for attendee comfort.",""
"R00536","socials",29,"Female","Upper secondary","Mexico","North America","Employed full-time","Education","Boonta Eve Classic","Gasgano",7,"Likely","Very good","Bad","Bad","Ok","Good","Ok","For the speed and the thrill","","","A day out with friends and family","","","Unlikeable","Not a sponsor","Unlikeable","Not a sponsor","Likeable","",""
"R00537","panel",37,"Male","Upper secondary","United Kingdom","Europe","Employed full-time","Wholesale and retail trade","Phoebos Memorial Run","Anakin Skywalker",8,"Likely","Bad","Ok","Ok","Good","Good","Bad","","","For the betting and the wupiupi","","","Don't know this brand","Unlikeable","Sponsor","Very unlikeable","Sponsor","Very likeable","",""
"R00538","in_app",41,"Male","Short-cycle tertiary","Sweden","Europe","Student","Manufacturing","Vinta Harvest Classic","Sebulba",7,"Not sure","Bad","Very bad","Very bad","Ok","Very bad","Bad","For the speed and the thrill","To support a favourite driver","","A day out with friends and family","","Sponsor","Likeable","Sponsor","Unlikeable","","","","The race commentary oscillated between insightful and purely frivolous."
"R00539","socials",49,"Female","Bachelor or equivalent","France","Europe","Employed full-time","Information and communication","Mos Espa Circuit","Anakin Skywalker",10,"Very likely","Very good","Ok","Ok","Good","Good","Good","For the speed and the thrill","To support a favourite driver","","","","Don't know this brand","Likeable","Not a sponsor","Unlikeable","Sponsor","Very likeable","Tatooine is a fantastic venue, the weather was perfect for racing.",""
"R00540","in_app",16,"Female","Bachelor or equivalent","United States","North America","Employed full-time","Education","Phoebos Memorial Run","Boles Roor",4,"Unlikely","Good","Bad","Very bad","Ok","Bad","Ok","For the speed and the thrill","","","","","Sponsor","Likeable","Sponsor","Very unlikeable","Sponsor","Very unlikeable","","Ben Quadinaros had the equipment disadvantage but showed respectable driving skills regardless."
"R00541","panel",33,"Female","Short-cycle tertiary","Mexico","North America","Employed full-time","Wholesale and retail trade","Vinta Harvest Classic","Ben Quadinaros",6,"Not sure","Ok","Very good","Ok","Bad","Bad","Bad","","To support a favourite driver","","","","Sponsor","Very likeable","Not a sponsor","","Sponsor","Very likeable","Dud Bolt's withdrawal came way too late to matter.",""
"R00542","in_app",24,"Female","Upper secondary","United States","North America","Employed full-time","Other services","Boonta Eve Classic","Anakin Skywalker",8,"Very likely","Very good","Bad","Good","Good","Bad","Ok","For the speed and the thrill","To support a favourite driver","For the betting and the wupiupi","A day out with friends and family","","Sponsor","","Sponsor","","Not a sponsor","","",""
"R00543","panel",32,"Female","Upper secondary","United Kingdom","Europe","Not in labour force","Human health and social work","Vinta Harvest Classic","Anakin Skywalker",10,"Likely","Very good","Ok","Good","Ok","Ok","Good","For the speed and the thrill","To support a favourite driver","","A day out with friends and family","","Sponsor","Very likeable","","Unlikeable","Sponsor","Unlikeable","",""
"R00544","panel",30,"Male","Bachelor or equivalent","Mexico","North America","Student","Manufacturing","Andobi Mountain Run","Teemto Pagalies",10,"Very likely","Very good","Good","Very good","Good","Very good","Ok","","","","","Boonta Eve tradition","","Very unlikeable","Don't know this brand","Very unlikeable","Not a sponsor","Likeable","Beed's commentary became increasingly engaging as the races continued.",""
"R00545","panel",18,"","Bachelor or equivalent","United States","North America","Employed full-time","Education","Vinta Harvest Classic","Anakin Skywalker",8,"Not sure","Good","Very bad","Ok","Good","Very good","Bad","For the speed and the thrill","To support a favourite driver","","","","Not a sponsor","Unlikeable","Sponsor","Very unlikeable","Not a sponsor","Likeable","",""
"R00546","panel",16,"Female","Bachelor or equivalent","United States","North America","","Information and communication","Vinta Harvest Classic","Anakin Skywalker",8,"Very likely","Very good","Ok","Ok","Very good","Ok","Good","For the speed and the thrill","To support a favourite driver","","A day out with friends and family","Boonta Eve tradition","Not a sponsor","Likeable","Sponsor","Likeable","Not a sponsor","Very likeable","",""
"R00547","socials",57,"Male","Upper secondary","United States","North America","Employed full-time","Financial and insurance","Boonta Eve Classic","Anakin Skywalker",9,"Not sure","Ok","Good","Good","Very good","Good","Ok","For the speed and the thrill","To support a favourite driver","For the betting and the wupiupi","","","Sponsor","","Don't know this brand","Very likeable","Not a sponsor","Likeable","Boles Roor managed to avoid the chaos when others crashed, smart racing.",""
"R00548","panel",16,"Female","Bachelor or equivalent","Japan","Asia","Employed full-time","Other services","Vinta Harvest Classic","Anakin Skywalker",7,"Not sure","Ok","Bad","Ok","Ok","Very bad","Ok","For the speed and the thrill","","For the betting and the wupiupi","A day out with friends and family","","Not a sponsor","","Not a sponsor","Very likeable","Don't know this brand","Very likeable","","Gasgano's early optimism gradually deflated as the race progressed."
"R00549","email",35,"Male","","United States","North America","Not in labour force","Education","Boonta Eve Classic","Sebulba",8,"Likely","Ok","Ok","Very bad","Good","Ok","Bad","For the speed and the thrill","","For the betting and the wupiupi","","","Not a sponsor","Very unlikeable","","Likeable","Not a sponsor","Very likeable","","The podium ceremonies were appropriately celebratory."
"R00550","email",19,"Male","Doctoral or equivalent","Australia","Oceania","Student","Public administration","Vinta Harvest Classic","Anakin Skywalker",10,"Very likely","Good","Good","Ok","Very good","Good","Very good","For the speed and the thrill","","","","Boonta Eve tradition","Not a sponsor","Likeable","Sponsor","Unlikeable","Sponsor","Likeable","Phoebos Memorial Run attracts serious racing fans, the standard is high.",""
"R00551","in_app",50,"Male","","Mexico","North America","Employed full-time","Manufacturing","Boonta Eve Classic","Anakin Skywalker",7,"Very unlikely","Bad","Very bad","Very bad","Very bad","Very bad","Very bad","","To support a favourite driver","","","","Not a sponsor","Very likeable","Not a sponsor","Likeable","Not a sponsor","","",""
"R00552","panel",16,"Female","Upper secondary","Brazil","Latin America","Student","Arts and entertainment","Boonta Eve Classic","Anakin Skywalker",9,"Not sure","Very good","Good","Good","Good","Ok","Ok","For the speed and the thrill","To support a favourite driver","","A day out with friends and family","","Not a sponsor","Likeable","Not a sponsor","","Not a sponsor","","The food hygiene standards were visibly maintained.","Ratts Tyerell's pod breakdowns happen literally every race."
"R00553","panel",21,"Female","Master or equivalent","Germany","Europe","Unemployed","Information and communication","Andobi Mountain Run","Teemto Pagalies",6,"Likely","Ok","Ok","Ok","Bad","Good","Bad","For the speed and the thrill","To support a favourite driver","","A day out with friends and family","Boonta Eve tradition","Not a sponsor","Unlikeable","Sponsor","","Don't know this brand","","Ticket prices went up 50% from last year for no reason.",""
"R00554","email",17,"Male","Short-cycle tertiary","United States","North America","Employed full-time","Manufacturing","Boonta Eve Classic","Anakin Skywalker",9,"Very likely","Very good","Bad","Ok","Very good","Very good","Ok","For the speed and the thrill","To support a favourite driver","","","","Not a sponsor","Likeable","Sponsor","Unlikeable","Sponsor","Very likeable","","The race commentary never became repetitive or dull."
"R00555","panel",33,"Male","Bachelor or equivalent","Australia","Oceania","Employed full-time","Education","Vinta Harvest Classic","Anakin Skywalker",10,"Likely","Good","Bad","Ok","Very good","Good","Bad","","To support a favourite driver","","","","Not a sponsor","Likeable","Sponsor","Very likeable","Not a sponsor","Unlikeable","Boles Roor's comeback from last place was fantastic theatre.",""
"R00556","email",26,"Female","Bachelor or equivalent","Mexico","North America","Student","Wholesale and retail trade","Vinta Harvest Classic","Anakin Skywalker",7,"Likely","Very good","Good","Good","Good","Ok","Good","For the speed and the thrill","To support a favourite driver","","","","Not a sponsor","Likeable","Not a sponsor","Very unlikeable","Not a sponsor","Unlikeable","",""
"R00557","socials",61,"Male","Lower secondary","Mexico","North America","","Education","Boonta Eve Classic","Boles Roor",9,"Very likely","Very good","Good","Bad","Very good","Good","Very good","","To support a favourite driver","For the betting and the wupiupi","A day out with friends and family","Boonta Eve tradition","Sponsor","Likeable","Not a sponsor","Unlikeable","Not a sponsor","Likeable","",""
"R00558","panel",32,"Male","Bachelor or equivalent","Germany","Europe","Employed full-time","Education","Vinta Harvest Classic","Anakin Skywalker",4,"Unlikely","Bad","Ok","Bad","Ok","Very bad","Bad","For the speed and the thrill","To support a favourite driver","","","","Sponsor","","Don't know this brand","","Not a sponsor","","","Ben Quadinaros handled the difficult conditions superbly."
"R00559","email",48,"Female","Short-cycle tertiary","Canada","North America","Employed full-time","Education","Vinta Harvest Classic","Teemto Pagalies",9,"Very likely","Good","Ok","Ok","Bad","Very good","Very good","For the speed and the thrill","To support a favourite driver","","","Boonta Eve tradition","Sponsor","","Don't know this brand","Very likeable","Don't know this brand","Unlikeable","The safety briefing was genuinely informative and thorough.",""
"R00560","socials",42,"Male","Short-cycle tertiary","Canada","North America","Not in labour force","Financial and insurance","Phoebos Memorial Run","Anakin Skywalker",4,"Unlikely","Bad","Ok","Bad","Good","Bad","Ok","For the speed and the thrill","To support a favourite driver","","","","Sponsor","","Don't know this brand","","Don't know this brand","Likeable","Audio quality made it impossible to hear the race action.",""
"R00561","socials",40,"Female","Upper secondary","Germany","Europe","Employed full-time","Wholesale and retail trade","Andobi Mountain Run","Gasgano",8,"Very likely","Very good","Ok","Good","Very good","Ok","Bad","For the speed and the thrill","","","A day out with friends and family","","Sponsor","Likeable","Not a sponsor","Unlikeable","Sponsor","","",""
"R00562","in_app",38,"Female","Upper secondary","United States","North America","Employed full-time","","Andobi Mountain Run","Ratts Tyerell",7,"Likely","Bad","Ok","Very good","Good","Ok","Ok","For the speed and the thrill","","","","Boonta Eve tradition","Sponsor","Likeable","Don't know this brand","Very likeable","Sponsor","","","Dud Bolt's determination couldn't overcome mechanical limitations."
"R00563","in_app",35,"Prefer not to answer","Doctoral or equivalent","United States","North America","Not in labour force","Arts and entertainment","Mos Espa Circuit","Anakin Skywalker",9,"Very likely","Ok","Good","Ok","Ok","Bad","Ok","","To support a favourite driver","","","","Don't know this brand","","Sponsor","Very likeable","Sponsor","Very likeable","The medical team's presence gave everyone peace of mind.","Fode's commentary was energetic, though factually questionable in spots."
"R00564","panel",23,"Male","Lower secondary","United Kingdom","Europe","Employed full-time","Human health and social work","Boonta Eve Classic","Sebulba",8,"Unlikely","Ok","Bad","Bad","Good","Bad","Very good","For the speed and the thrill","To support a favourite driver","For the betting and the wupiupi","","Boonta Eve tradition","Sponsor","Unlikeable","Sponsor","Likeable","Not a sponsor","Likeable","","The technical commentaries explained telemetry brilliantly."
"R00565","in_app",28,"Female","Upper secondary","Mexico","North America","Not in labour force","Education","Andobi Mountain Run","Mawhonic",4,"Not sure","Good","Bad","Very bad","Ok","Very bad","Very bad","For the speed and the thrill","To support a favourite driver","For the betting and the wupiupi","","","Don't know this brand","Very likeable","Not a sponsor","Likeable","Not a sponsor","","","Gasgano displayed more cunning than raw speed, which is worth something."
"R00566","panel",38,"Male","Master or equivalent","Brazil","Latin America","Employed full-time","Wholesale and retail trade","Boonta Eve Classic","Mawhonic",4,"Unlikely","Very bad","Bad","Bad","Ok","Very bad","Bad","For the speed and the thrill","","","A day out with friends and family","Boonta Eve tradition","Sponsor","Likeable","Sponsor","","Sponsor","","","Phoebos Memorial Run honours the name with genuine racing."
"R00567","email",16,"Male","","Mexico","North America","Employed part-time","Financial and insurance","Boonta Eve Classic","Gasgano",10,"Likely","Good","Good","Bad","Good","Very good","Good","For the speed and the thrill","To support a favourite driver","","A day out with friends and family","","Sponsor","Likeable","Not a sponsor","","Sponsor","Likeable","",""
"R00568","in_app",16,"Female","Bachelor or equivalent","Brazil","Latin America","Student","Arts and entertainment","Vinta Harvest Classic","Anakin Skywalker",8,"Very likely","Good","Good","Ok","Very good","Good","Ok","For the speed and the thrill","","","A day out with friends and family","","Sponsor","Likeable","Don't know this brand","Very likeable","Don't know this brand","Likeable","","Parking policy is designed to extract maximum revenue."
"R00569","panel",27,"Male","Master or equivalent","United States","North America","Student","Education","Phoebos Memorial Run","Sebulba",10,"Not sure","Good","Bad","Bad","Bad","Bad","Very bad","For the speed and the thrill","To support a favourite driver","","A day out with friends and family","Boonta Eve tradition","Sponsor","Very likeable","Sponsor","Likeable","Don't know this brand","Likeable","Boles Roor's defensive driving was smart and fair.","Teemto Pagalies' qualifying performance showed his true potential."
"R00570","email",16,"Male","Doctoral or equivalent","United Kingdom","Europe","","Wholesale and retail trade","Phoebos Memorial Run","Sebulba",6,"Likely","Ok","Bad","Good","Ok","Ok","Ok","For the speed and the thrill","To support a favourite driver","","","","Sponsor","Unlikeable","Not a sponsor","Likeable","Not a sponsor","Unlikeable","The Mos Espa grandstand smelled like stale sweat and sand.",""
"R00571","panel",33,"Male","Master or equivalent","Germany","Europe","Employed full-time","Human health and social work","Boonta Eve Classic","Sebulba",7,"Unlikely","Ok","Bad","Very good","Bad","Ok","Ok","For the speed and the thrill","","","A day out with friends and family","","Sponsor","Unlikeable","Sponsor","Likeable","Not a sponsor","Likeable","",""
"R00572","in_app",38,"Female","Upper secondary","United States","North America","Employed full-time","Wholesale and retail trade","Phoebos Memorial Run","Anakin Skywalker",7,"Likely","Ok","Bad","Very bad","Ok","Ok","Good","For the speed and the thrill","","For the betting and the wupiupi","A day out with friends and family","Boonta Eve tradition","Sponsor","Very unlikeable","Not a sponsor","Likeable","Not a sponsor","Very likeable","",""
"R00573","panel",43,"Non-binary","Master or equivalent","Sweden","Europe","Employed full-time","Wholesale and retail trade","Vinta Harvest Classic","Anakin Skywalker",8,"Unlikely","Good","Bad","Very bad","Good","Good","Ok","For the speed and the thrill","","","","","Don't know this brand","Likeable","Don't know this brand","","Don't know this brand","Likeable","","Wind kept kicking up sand that got into everything I had."
"R00574","panel",45,"Female","Bachelor or equivalent","France","Europe","Employed full-time","Information and communication","Boonta Eve Classic","Gasgano",4,"Very unlikely","Ok","Bad","Very bad","Bad","Very bad","Very bad","","To support a favourite driver","","","","Don't know this brand","Likeable","Don't know this brand","Very likeable","Not a sponsor","","",""
"R00575","panel",39,"Male","Upper secondary","United States","North America","Employed full-time","Public administration","Phoebos Memorial Run","Anakin Skywalker",7,"Very likely","Good","Ok","Ok","Good","Ok","Very good","For the speed and the thrill","To support a favourite driver","","","","Sponsor","","Don't know this brand","","Not a sponsor","","","Dud Bolt's determination made him an unlikely hero."
"R00576","panel",39,"Female","Bachelor or equivalent","Germany","Europe","Employed full-time","Wholesale and retail trade","Boonta Eve Classic","Anakin Skywalker",10,"Very likely","Very good","Ok","Good","Good","Very good","Ok","","To support a favourite driver","","","","Don't know this brand","Likeable","Not a sponsor","","Don't know this brand","Very unlikeable","The starting line atmosphere built perfectly for the main race.","Boles Roor never threatened the leaders, which was probably his role in the field."
"R00577","panel",35,"Non-binary","Bachelor or equivalent","Japan","Asia","Not in labour force","Manufacturing","Phoebos Memorial Run","Teemto Pagalies",10,"Very likely","Very good","Ok","Good","Very good","Good","Good","For the speed and the thrill","To support a favourite driver","For the betting and the wupiupi","","Boonta Eve tradition","Sponsor","","Sponsor","","Sponsor","Very likeable","",""
"R00578","in_app",32,"Male","Upper secondary","United States","North America","Employed full-time","Human health and social work","Mos Espa Circuit","Gasgano",9,"Likely","Ok","Ok","Ok","Good","Bad","Ok","","To support a favourite driver","","","","Sponsor","","Don't know this brand","","Not a sponsor","Likeable","",""
"R00579","socials",22,"Male","Master or equivalent","United Kingdom","Europe","Student","Financial and insurance","Boonta Eve Classic","Boles Roor",7,"Likely","Good","Bad","Good","Bad","Bad","Good","For the speed and the thrill","","","","","Don't know this brand","","Don't know this brand","Likeable","Not a sponsor","Likeable","",""
"R00580","in_app",59,"","Lower secondary","United States","North America","Employed full-time","Human health and social work","Boonta Eve Classic","Sebulba",9,"Very likely","Good","Bad","Bad","Very good","Very good","Good","For the speed and the thrill","To support a favourite driver","","","Boonta Eve tradition","Sponsor","Likeable","Sponsor","Very likeable","Not a sponsor","Unlikeable","",""
"R00581","in_app",22,"Female","Doctoral or equivalent","Japan","Asia","Employed part-time","Financial and insurance","Boonta Eve Classic","Teemto Pagalies",10,"Likely","Good","Ok","Bad","Ok","Ok","Ok","For the speed and the thrill","","","","","Don't know this brand","","Not a sponsor","","Don't know this brand","","","Beed's screaming during races is excessive and unprofessional."
"R00582","panel",52,"Male","Upper secondary","France","Europe","Employed full-time","Manufacturing","Vinta Harvest Classic","Boles Roor",5,"Not sure","Good","Bad","Bad","Ok","Very bad","Very bad","For the speed and the thrill","","","A day out with friends and family","","Don't know this brand","","Sponsor","Unlikeable","Sponsor","","Anakin Skywalker has won so many times that he's not even a draw.","Ody Mandrell's previous wins clearly show he belongs at this level."
"R00583","panel",43,"Prefer not to answer","Upper secondary","United States","North America","Unemployed","Wholesale and retail trade","Boonta Eve Classic","Anakin Skywalker",7,"Unlikely","Ok","Ok","Bad","Very bad","Bad","Very bad","For the speed and the thrill","","","","Boonta Eve tradition","Not a sponsor","Likeable","Sponsor","Very unlikeable","Not a sponsor","Likeable","",""
"R00584","socials",56,"","Bachelor or equivalent","Mexico","North America","Not in labour force","","Mos Espa Circuit","Anakin Skywalker",7,"Unlikely","Ok","Very bad","Good","Bad","Bad","Bad","For the speed and the thrill","To support a favourite driver","","","","Don't know this brand","Unlikeable","Sponsor","Likeable","Not a sponsor","Likeable","","Dust control measures were completely inadequate for sandstorm conditions."
"R00585","panel",41,"Male","Short-cycle tertiary","Germany","Europe","Student","Human health and social work","Vinta Harvest Classic","Anakin Skywalker",8,"Very likely","Good","Ok","Ok","Good","Good","Ok","For the speed and the thrill","","","A day out with friends and family","","","Very likeable","Not a sponsor","Likeable","Sponsor","","",""
"R00586","socials",27,"","","Mexico","North America","Student","Public administration","Mos Espa Circuit","Anakin Skywalker",5,"Unlikely","Bad","Ok","Very bad","Very bad","Very bad","Bad","For the speed and the thrill","","","","Boonta Eve tradition","Sponsor","Unlikeable","Don't know this brand","","","","The race commentators should be replaced immediately honestly.",""
"R00587","panel",28,"Male","Upper secondary","Mexico","North America","Employed full-time","Education","Vinta Harvest Classic","Ben Quadinaros",8,"Very likely","Very good","Good","Ok","Good","Very good","Good","For the speed and the thrill","","","","Boonta Eve tradition","Sponsor","Likeable","Sponsor","Likeable","Don't know this brand","Likeable","",""
"R00588","email",16,"Female","Bachelor or equivalent","Australia","Oceania","","","Andobi Mountain Run","Ben Quadinaros",5,"Unlikely","Bad","Very bad","Ok","Ok","Very bad","Very bad","For the speed and the thrill","To support a favourite driver","For the betting and the wupiupi","A day out with friends and family","Boonta Eve tradition","Not a sponsor","","Don't know this brand","Unlikeable","Don't know this brand","Very likeable","Ticket prices have become absolutely unreasonable year over year.",""
"R00589","socials",44,"Male","","United Kingdom","Europe","Not in labour force","Other services","Andobi Mountain Run","Anakin Skywalker",8,"Not sure","Very good","Very bad","Good","Good","Ok","Ok","For the speed and the thrill","","For the betting and the wupiupi","","","Not a sponsor","","Not a sponsor","Unlikeable","Sponsor","Unlikeable","","Water fountains were broken the whole event, nobody could get water."
"R00590","email",33,"Male","Short-cycle tertiary","Australia","Oceania","Employed full-time","Information and communication","Phoebos Memorial Run","Mawhonic",8,"Likely","Good","Ok","Ok","Ok","Ok","Bad","","","","A day out with friends and family","Boonta Eve tradition","Sponsor","","Don't know this brand","Very likeable","Sponsor","Likeable","",""
"R00591","email",31,"Male","Upper secondary","Canada","North America","Employed full-time","Financial and insurance","Mos Espa Circuit","Ody Mandrell",6,"Likely","Good","Bad","Ok","Bad","Very bad","Bad","For the speed and the thrill","","","A day out with friends and family","","Not a sponsor","Likeable","Sponsor","Likeable","Not a sponsor","Very unlikeable","","Vinta Harvest Classic provides a superior overall experience."
"R00592","panel",33,"","Short-cycle tertiary","Canada","North America","Employed full-time","Manufacturing","Boonta Eve Classic","Dud Bolt",8,"Not sure","Very good","Bad","Very bad","Ok","Good","Ok","For the speed and the thrill","","","A day out with friends and family","","Sponsor","Very likeable","Don't know this brand","Very likeable","Sponsor","Likeable","","The commentary team needs immediate replacement."
"R00593","panel",24,"Male","Upper secondary","United Kingdom","Europe","Student","Manufacturing","Boonta Eve Classic","",8,"Likely","Very good","Ok","Ok","Ok","Bad","Ok","For the speed and the thrill","","","A day out with friends and family","Boonta Eve tradition","Don't know this brand","Likeable","Don't know this brand","Very unlikeable","Not a sponsor","Likeable","","Fode should find another career because he's terrible at this."
"R00594","panel",27,"Female","Short-cycle tertiary","United States","North America","Employed full-time","","Boonta Eve Classic","Ben Quadinaros",7,"Likely","Ok","Bad","Bad","Good","Bad","Bad","For the speed and the thrill","To support a favourite driver","","","Boonta Eve tradition","Sponsor","","Don't know this brand","Likeable","Sponsor","Likeable","","Tatooine's desert landscape made a perfect backdrop for the racing."
"R00595","email",41,"Male","Upper secondary","Australia","Oceania","Unemployed","Wholesale and retail trade","Boonta Eve Classic","Teemto Pagalies",8,"Likely","Ok","Ok","Ok","Very good","Good","Good","For the speed and the thrill","To support a favourite driver","For the betting and the wupiupi","A day out with friends and family","Boonta Eve tradition","Don't know this brand","Likeable","Not a sponsor","","Not a sponsor","Very likeable","",""
"R00596","panel",48,"Male","Upper secondary","United States","North America","Employed full-time","Information and communication","Vinta Harvest Classic","Sebulba",9,"Very likely","Very good","Bad","Ok","Good","Ok","Bad","","","","A day out with friends and family","","Don't know this brand","Unlikeable","Sponsor","","Not a sponsor","Likeable","",""
"R00597","email",33,"Female","Lower secondary","Mexico","North America","Employed full-time","Information and communication","Andobi Mountain Run","Teemto Pagalies",8,"Likely","Ok","Ok","Ok","Ok","Ok","Good","","To support a favourite driver","For the betting and the wupiupi","A day out with friends and family","","Not a sponsor","Likeable","Don't know this brand","Very likeable","Not a sponsor","Very unlikeable","","The event is dying due to poor management decisions."
"R00598","in_app",35,"Male","Short-cycle tertiary","United States","North America","Employed part-time","Arts and entertainment","Vinta Harvest Classic","Anakin Skywalker",9,"Very likely","Very good","Good","Good","Very good","Good","Good","For the speed and the thrill","To support a favourite driver","","","","","Likeable","Not a sponsor","Very likeable","Sponsor","Very likeable","","The canyon dunes section was completely covered by dust clouds."
"R00599","panel",35,"Female","Bachelor or equivalent","Canada","North America","Employed full-time","Arts and entertainment","Boonta Eve Classic","Mawhonic",4,"Very unlikely","Bad","Bad","Bad","Very bad","Very bad","Very bad","For the speed and the thrill","To support a favourite driver","","","","Not a sponsor","Unlikeable","","Likeable","Not a sponsor","Very likeable","","No consideration for repeat customers or loyalty."
"R00600","in_app",34,"Male","Upper secondary","Australia","Oceania","Not in labour force","Manufacturing","Vinta Harvest Classic","Gasgano",10,"Very likely","Ok","Ok","Ok","Good","Bad","Good","For the speed and the thrill","","","","Boonta Eve tradition","Don't know this brand","Very likeable","Not a sponsor","Likeable","Not a sponsor","","The grandstand seating was comfortable and gave us great views of the finish line.","Beed's technical insights were occasionally useful amidst the showmanship."
"R00601","panel",29,"Male","Master or equivalent","United States","North America","Employed full-time","Financial and insurance","Andobi Mountain Run","Anakin Skywalker",8,"Likely","Ok","Bad","Ok","Very good","Bad","Bad","","To support a favourite driver","","","Boonta Eve tradition","Not a sponsor","Likeable","Sponsor","Very likeable","Sponsor","Likeable","",""
"R00602","email",39,"Male","Upper secondary","United States","North America","Employed part-time","Other services","Andobi Mountain Run","",7,"Likely","Ok","Ok","Ok","Good","Ok","Good","","To support a favourite driver","","A day out with friends and family","","Don't know this brand","Unlikeable","Sponsor","Very likeable","Sponsor","Likeable","",""
"R00603","panel",40,"Male","Upper secondary","United States","North America","Not in labour force","Information and communication","Boonta Eve Classic","Anakin Skywalker",9,"Likely","Very good","Bad","Ok","Very good","Good","Ok","For the speed and the thrill","","","","","Don't know this brand","Likeable","Sponsor","Likeable","Don't know this brand","Likeable","Phoebos Memorial Run has become our annual tradition.","Beed's knowledge of racing history enriched the whole experience."
"R00604","in_app",34,"Non-binary","Master or equivalent","United States","North America","Employed full-time","Manufacturing","Boonta Eve Classic","",8,"Not sure","Very good","Very good","Good","Good","Ok","Ok","For the speed and the thrill","To support a favourite driver","","A day out with friends and family","","Not a sponsor","","Sponsor","Unlikeable","Not a sponsor","Likeable","","Water availability was insufficient for the crowd size present."
"R00605","panel",39,"Male","Bachelor or equivalent","France","Europe","Employed part-time","Human health and social work","Boonta Eve Classic","",7,"Likely","Ok","Bad","Bad","Very good","Bad","Ok","For the speed and the thrill","To support a favourite driver","","","Boonta Eve tradition","Sponsor","","Sponsor","","Don't know this brand","Likeable","","Teemto Pagalies finished somewhere between the top and bottom, as predicted."
"R00606","panel",25,"Female","Bachelor or equivalent","United Kingdom","Europe","Employed full-time","Education","Boonta Eve Classic","Gasgano",10,"Likely","Very good","Ok","Very good","Very good","Very good","Good","","To support a favourite driver","","","","Not a sponsor","","Sponsor","Likeable","Don't know this brand","Likeable","The whole experience was worth taking leave from work for.","Boles Roor was a solid midfield driver, neither impressive nor disappointing."
"R00607","panel",34,"Female","Bachelor or equivalent","Brazil","Latin America","Not in labour force","Financial and insurance","Vinta Harvest Classic","Sebulba",4,"Not sure","Very bad","Bad","Bad","Bad","Very bad","Very bad","For the speed and the thrill","To support a favourite driver","For the betting and the wupiupi","A day out with friends and family","","Sponsor","Likeable","Sponsor","","Sponsor","Very likeable","",""
"R00608","socials",39,"Male","Upper secondary","United States","North America","Not in labour force","Arts and entertainment","Boonta Eve Classic","Sebulba",10,"Likely","Good","Very bad","Good","Good","Very good","Good","","","","A day out with friends and family","","Not a sponsor","Likeable","Don't know this brand","Unlikeable","Not a sponsor","Likeable","",""
"R00609","panel",31,"Female","Primary or less","United Kingdom","Europe","Employed part-time","Public administration","Vinta Harvest Classic","Dud Bolt",8,"Not sure","Ok","Ok","Bad","Bad","Bad","Very bad","For the speed and the thrill","To support a favourite driver","For the betting and the wupiupi","","","Sponsor","Unlikeable","Sponsor","Likeable","Not a sponsor","Very unlikeable","",""
"R00610","email",31,"Male","","France","Europe","Student","Financial and insurance","Boonta Eve Classic","Anakin Skywalker",6,"Very unlikely","Bad","Bad","Bad","Ok","Ok","Bad","For the speed and the thrill","To support a favourite driver","","A day out with friends and family","","Sponsor","","Not a sponsor","Very likeable","Not a sponsor","Very likeable","The crowd safety railings looked like they'd break easily.","Overbooked crowd made it feel unsafe in the grandstand area."
"R00611","email",26,"Male","Upper secondary","United Kingdom","Europe","Student","Education","Boonta Eve Classic","Dud Bolt",3,"Unlikely","Bad","Good","Very bad","Very bad","Very bad","Bad","","","","A day out with friends and family","","Sponsor","Likeable","Sponsor","Very likeable","Don't know this brand","Very likeable","Honestly I'd rather watch the races at home on a stream.","Ody Mandrell's performance was thoroughly middling from start to finish."
"R00612","email",39,"Male","Upper secondary","United States","North America","Employed full-time","Human health and social work","Mos Espa Circuit","Anakin Skywalker",9,"Very likely","Very good","Very bad","Ok","Good","Bad","Bad","","To support a favourite driver","For the betting and the wupiupi","A day out with friends and family","","Sponsor","","Sponsor","Very unlikeable","Don't know this brand","Likeable","",""
"R00613","socials",35,"Female","Short-cycle tertiary","Canada","North America","Student","Human health and social work","Vinta Harvest Classic","Anakin Skywalker",10,"Very likely","Very good","Very good","Very good","Very good","Very good","Good","","To support a favourite driver","For the betting and the wupiupi","A day out with friends and family","Boonta Eve tradition","Sponsor","Unlikeable","Sponsor","Likeable","","Very likeable","Beed's profile of each driver was genuinely insightful.","The cost versus benefit ratio is completely unfavorable."
"R00614","email",64,"Female","Short-cycle tertiary","Sweden","Europe","Student","Financial and insurance","Boonta Eve Classic","Sebulba",8,"Very likely","Very good","Ok","Good","Very good","Good","Ok","","To support a favourite driver","","","","Don't know this brand","","Sponsor","Likeable","Sponsor","Unlikeable","",""
"R00615","in_app",30,"Male","Bachelor or equivalent","United Kingdom","Europe","Student","Information and communication","Phoebos Memorial Run","Sebulba",7,"Very likely","Very good","Very good","Good","Good","Very good","Good","For the speed and the thrill","","","A day out with friends and family","Boonta Eve tradition","Sponsor","","Sponsor","Likeable","Don't know this brand","","","Sebulba's pod crashed and ruined the whole event for us."
"R00616","panel",33,"Male","Bachelor or equivalent","Brazil","Latin America","Not in labour force","Education","Vinta Harvest Classic","",9,"Very likely","Good","Ok","Good","Very good","Very good","Good","For the speed and the thrill","","","A day out with friends and family","","Don't know this brand","","Sponsor","Very likeable","Not a sponsor","","Ben Quadinaros gave everything despite mechanical issues early on.","Sebulba's line through the technical section was immaculate."
"R00617","in_app",20,"Non-binary","Lower secondary","Germany","Europe","Employed full-time","Arts and entertainment","Phoebos Memorial Run","Anakin Skywalker",7,"Not sure","Ok","Good","Bad","Good","Ok","Bad","","To support a favourite driver","","","Boonta Eve tradition","Don't know this brand","Unlikeable","Sponsor","Unlikeable","Sponsor","Very unlikeable","","Mos Espa delivered an unforgettable racing spectacle."
"R00618","socials",43,"Male","Lower secondary","United States","North America","Not in labour force","Arts and entertainment","Phoebos Memorial Run","Anakin Skywalker",7,"Likely","Good","Very bad","Bad","Good","Good","Ok","For the speed and the thrill","To support a favourite driver","","A day out with friends and family","","Don't know this brand","Likeable","Sponsor","","Sponsor","","",""
"R00619","email",28,"Male","Master or equivalent","United States","North America","Student","Financial and insurance","Vinta Harvest Classic","Anakin Skywalker",8,"Likely","Good","Bad","Ok","Very good","Good","Ok","For the speed and the thrill","","","","","Don't know this brand","Likeable","Sponsor","","Sponsor","Very unlikeable","","Ben Quadinaros' courage under pressure is genuinely inspiring."
"R00620","socials",34,"Male","Upper secondary","United States","North America","Employed part-time","Wholesale and retail trade","Vinta Harvest Classic","Dud Bolt",7,"Not sure","Ok","Good","Ok","Good","Very bad","Very good","For the speed and the thrill","","","","Boonta Eve tradition","Sponsor","Unlikeable","Don't know this brand","Likeable","Don't know this brand","Likeable","",""
"R00621","panel",43,"Female","Master or equivalent","Japan","Asia","Employed full-time","Other services","Boonta Eve Classic","Anakin Skywalker",10,"Not sure","Good","Good","Good","Very good","Bad","Good","For the speed and the thrill","To support a favourite driver","","","","Don't know this brand","Likeable","Sponsor","Unlikeable","Sponsor","Likeable","",""
"R00622","panel",50,"Male","Master or equivalent","United Kingdom","Europe","Student","Arts and entertainment","Vinta Harvest Classic","Ratts Tyerell",9,"Very likely","Ok","Ok","Bad","Good","Good","Ok","For the speed and the thrill","To support a favourite driver","","","","Sponsor","Likeable","Don't know this brand","Very likeable","Not a sponsor","Likeable","The merchandise tent staff were knowledgeable and friendly.","Pet policies were not communicated or enforced consistently."
"R00623","socials",29,"Female","Bachelor or equivalent","Canada","North America","Employed part-time","Information and communication","Mos Espa Circuit","Mawhonic",6,"Unlikely","Ok","Bad","Bad","Ok","Bad","Bad","For the speed and the thrill","To support a favourite driver","","A day out with friends and family","Boonta Eve tradition","Not a sponsor","Very unlikeable","Sponsor","Likeable","Don't know this brand","Very unlikeable","Mos Espa venue management is incompetent and negligent.","Fode and Beed kept things entertaining, but the commentary could have been clearer during the sandstorm."
"R00624","panel",28,"Female","Upper secondary","United States","North America","Employed full-time","Wholesale and retail trade","Boonta Eve Classic","Ody Mandrell",9,"Likely","Very good","Ok","Bad","Good","Good","Very bad","For the speed and the thrill","To support a favourite driver","","A day out with friends and family","Boonta Eve tradition","Sponsor","Likeable","Don't know this brand","Likeable","Sponsor","Likeable","Gasgano's car setup changes kept him competitive.","The event feels more like a scam than entertainment option."
"R00625","in_app",34,"Female","Bachelor or equivalent","Canada","North America","Employed full-time","Human health and social work","Boonta Eve Classic","Sebulba",5,"Very unlikely","Ok","Good","Bad","Bad","Very bad","Bad","For the speed and the thrill","","For the betting and the wupiupi","A day out with friends and family","","Don't know this brand","Very likeable","Sponsor","","Don't know this brand","Very likeable","","The coffee at the catering tent was genuinely good quality."
"R00626","socials",47,"Male","Bachelor or equivalent","United Kingdom","Europe","Not in labour force","Financial and insurance","Vinta Harvest Classic","Anakin Skywalker",9,"Very likely","Very good","Bad","Good","Bad","Very good","Good","For the speed and the thrill","","","","","Not a sponsor","Likeable","Not a sponsor","","","Unlikeable","",""
"R00627","in_app",33,"Male","Bachelor or equivalent","United States","North America","Employed full-time","Manufacturing","Boonta Eve Classic","Dud Bolt",7,"Likely","Ok","Bad","Very bad","Ok","Bad","Ok","For the speed and the thrill","","","","Boonta Eve tradition","Sponsor","Unlikeable","Sponsor","","Sponsor","","",""
"R00628","panel",34,"Male","Upper secondary","Mexico","North America","Employed full-time","Human health and social work","Boonta Eve Classic","Sebulba",6,"Not sure","Very good","Ok","Good","Very good","Very bad","Good","For the speed and the thrill","To support a favourite driver","For the betting and the wupiupi","A day out with friends and family","Boonta Eve tradition","Not a sponsor","Very unlikeable","Don't know this brand","Very likeable","Don't know this brand","Very likeable","","Mawhonic's absence after the crash left the field feeling less complete."
"R00629","socials",41,"Male","Bachelor or equivalent","Germany","Europe","Unemployed","Human health and social work","Boonta Eve Classic","Ody Mandrell",8,"Likely","Good","Good","Bad","Bad","Very good","Good","For the speed and the thrill","To support a favourite driver","","A day out with friends and family","","Don't know this brand","Very likeable","Don't know this brand","Very likeable","Sponsor","Unlikeable","",""
"R00630","email",41,"Male","Master or equivalent","United States","North America","Employed full-time","Manufacturing","Andobi Mountain Run","Gasgano",7,"Likely","Good","Ok","Bad","Ok","Ok","Very good","","To support a favourite driver","","","","Sponsor","Very unlikeable","Not a sponsor","Likeable","Don't know this brand","Likeable","","The qualifying sessions were genuinely more exciting than many main races."
"R00631","in_app",45,"Male","Bachelor or equivalent","United Kingdom","Europe","Employed full-time","Other services","Boonta Eve Classic","Boles Roor",8,"Not sure","Good","Ok","Ok","Ok","Ok","Good","","","","","","Not a sponsor","Likeable","Not a sponsor","Likeable","","Very likeable","",""
"R00632","panel",16,"Female","Short-cycle tertiary","United States","North America","Employed full-time","Public administration","Boonta Eve Classic","Teemto Pagalies",8,"Likely","Very good","Bad","Bad","Good","Ok","Bad","For the speed and the thrill","","For the betting and the wupiupi","","","Sponsor","Unlikeable","Don't know this brand","Very unlikeable","Not a sponsor","Likeable","",""
"R00633","socials",18,"Male","Lower secondary","United States","North America","Not in labour force","Manufacturing","Mos Espa Circuit","Anakin Skywalker",9,"Not sure","Ok","Very bad","Good","Good","Ok","Bad","For the speed and the thrill","","For the betting and the wupiupi","A day out with friends and family","Boonta Eve tradition","Not a sponsor","Unlikeable","Not a sponsor","Unlikeable","Not a sponsor","Likeable","The venue ground staff were friendly and helpful always.",""
"R00634","panel",18,"Male","Upper secondary","Japan","Asia","Student","Manufacturing","Vinta Harvest Classic","Ben Quadinaros",9,"Very likely","Very good","Ok","Ok","Good","Very good","Good","For the speed and the thrill","","","A day out with friends and family","","Not a sponsor","Unlikeable","Not a sponsor","Very unlikeable","Not a sponsor","","",""
"R00635","panel",37,"Male","Bachelor or equivalent","Canada","North America","Not in labour force","Public administration","Andobi Mountain Run","Anakin Skywalker",10,"Likely","Very good","Ok","Good","Very good","Very good","Good","","","","A day out with friends and family","Boonta Eve tradition","Not a sponsor","Very unlikeable","Don't know this brand","Likeable","Not a sponsor","Very likeable","","Protective eyewear should have been provided free."
"R00636","panel",16,"Male","Upper secondary","Japan","Asia","Employed part-time","Information and communication","Boonta Eve Classic","Anakin Skywalker",8,"Not sure","Good","Very bad","Bad","Very bad","Bad","Bad","For the speed and the thrill","","","A day out with friends and family","","Not a sponsor","Likeable","Not a sponsor","","Sponsor","Likeable","",""
"R00637","panel",29,"Female","Upper secondary","Australia","Oceania","Employed full-time","Education","Phoebos Memorial Run","Mawhonic",6,"Not sure","Bad","Bad","Ok","Good","Bad","Bad","For the speed and the thrill","To support a favourite driver","For the betting and the wupiupi","A day out with friends and family","Boonta Eve tradition","Not a sponsor","Likeable","Don't know this brand","Unlikeable","Not a sponsor","Unlikeable","Boles Roor doesn't belong in professional racing.","Sebulba should be suspended for his reckless driving behavior."
"R00638","panel",37,"Prefer not to answer","Bachelor or equivalent","Sweden","Europe","Employed full-time","Wholesale and retail trade","Boonta Eve Classic","Anakin Skywalker",8,"Likely","Ok","Ok","Very good","Very good","Good","Very good","For the speed and the thrill","To support a favourite driver","","A day out with friends and family","","Sponsor","Very likeable","Don't know this brand","Very unlikeable","Not a sponsor","","","The Vinta Harvest Classic was so much better than this one."
"R00639","in_app",55,"Female","Bachelor or equivalent","United States","North America","Employed full-time","Other services","Vinta Harvest Classic","Sebulba",4,"Very unlikely","Ok","Bad","Bad","Very bad","Very bad","Bad","For the speed and the thrill","","","","","Don't know this brand","Very unlikeable","Don't know this brand","","Not a sponsor","Unlikeable","",""
"R00640","panel",29,"Male","Bachelor or equivalent","Canada","North America","Employed full-time","","Boonta Eve Classic","Anakin Skywalker",7,"Very unlikely","Good","Ok","Ok","Ok","Ok","Bad","For the speed and the thrill","","","","","Sponsor","Likeable","","","Not a sponsor","Unlikeable","","Ody Mandrell's tactical awareness shows real maturity."
"R00641","socials",32,"","Upper secondary","United Kingdom","Europe","Employed full-time","Other services","Phoebos Memorial Run","Anakin Skywalker",8,"Likely","Very good","Ok","Very good","Very good","Ok","Very good","For the speed and the thrill","","","","","Not a sponsor","Likeable","Not a sponsor","Likeable","Sponsor","Unlikeable","",""
"R00642","email",35,"Female","Upper secondary","United Kingdom","Europe","Employed full-time","Other services","Boonta Eve Classic","Anakin Skywalker",8,"Very likely","Ok","Bad","Ok","Bad","Good","Good","","To support a favourite driver","","A day out with friends and family","","Not a sponsor","Likeable","Don't know this brand","Very likeable","Sponsor","Likeable","",""
"R00643","panel",25,"Female","Primary or less","Japan","Asia","Employed full-time","Information and communication","Boonta Eve Classic","Anakin Skywalker",5,"Unlikely","Ok","Bad","Bad","Bad","Very bad","Ok","","","","A day out with friends and family","Boonta Eve tradition","Not a sponsor","Unlikeable","Not a sponsor","Very unlikeable","Don't know this brand","Unlikeable","","The emergency protocols felt thorough without being bureaucratic."
"R00644","socials",16,"Male","Upper secondary","Germany","Europe","Student","Wholesale and retail trade","Phoebos Memorial Run","Sebulba",9,"Likely","Very good","Very good","Good","Very good","Good","Good","","To support a favourite driver","For the betting and the wupiupi","A day out with friends and family","","Not a sponsor","Unlikeable","Don't know this brand","Very likeable","Not a sponsor","","Andobi Mountain Run showcased brilliant racing today.","Gasgano's technical skills are underrated, super smooth driver."
"R00645","panel",50,"Male","Doctoral or equivalent","United States","North America","","Wholesale and retail trade","Boonta Eve Classic","Anakin Skywalker",6,"Unlikely","Bad","Very bad","Very bad","Bad","Very bad","Very bad","For the speed and the thrill","To support a favourite driver","For the betting and the wupiupi","","Boonta Eve tradition","Sponsor","Very likeable","Sponsor","Very likeable","Not a sponsor","","Teemto Pagalies drove so tentatively the race was boring to watch.","Stroller accessibility was not planned for at all."
"R00646","panel",28,"Female","Lower secondary","United States","North America","Employed part-time","Human health and social work","Phoebos Memorial Run","Teemto Pagalies",5,"Very unlikely","Very bad","Bad","Very bad","Very bad","Very bad","Bad","For the speed and the thrill","","","","Boonta Eve tradition","Not a sponsor","","Sponsor","","Don't know this brand","Very likeable","Equipment rentals like fans and misters were nowhere available.",""
"R00647","panel",23,"Female","Bachelor or equivalent","Canada","North America","Employed full-time","Information and communication","Phoebos Memorial Run","Sebulba",3,"Very unlikely","Very bad","Bad","Very bad","Very bad","Very bad","Very bad","For the speed and the thrill","To support a favourite driver","","","Boonta Eve tradition","Not a sponsor","","Don't know this brand","Very likeable","Sponsor","","",""
"R00648","in_app",35,"Male","Bachelor or equivalent","France","Europe","","Arts and entertainment","Vinta Harvest Classic","Boles Roor",10,"Likely","Very good","Good","Ok","Good","Ok","Very good","For the speed and the thrill","To support a favourite driver","","A day out with friends and family","","Sponsor","Likeable","Not a sponsor","","Don't know this brand","Likeable","The waste management systems were efficient and clean.",""
"R00649","email",25,"Female","Bachelor or equivalent","United Kingdom","Europe","Employed full-time","Other services","Boonta Eve Classic","Ben Quadinaros",8,"Not sure","Good","Good","Bad","Good","Bad","Bad","For the speed and the thrill","To support a favourite driver","For the betting and the wupiupi","","","Sponsor","Likeable","Don't know this brand","Unlikeable","Not a sponsor","Likeable","","Sebulba's aggressive driving style ruins the whole competitive balance."
"R00650","socials",43,"Male","Bachelor or equivalent","United States","North America","Not in labour force","Arts and entertainment","Boonta Eve Classic","Anakin Skywalker",8,"Not sure","Very good","Bad","Ok","Good","Good","Good","For the speed and the thrill","To support a favourite driver","For the betting and the wupiupi","A day out with friends and family","","Sponsor","","Sponsor","Likeable","Sponsor","Unlikeable","","They kept calling the wrong race times, causing total confusion."
"R00651","email",27,"Female","Upper secondary","United Kingdom","Europe","","Public administration","Boonta Eve Classic","Teemto Pagalies",10,"Very likely","Good","Ok","Ok","Ok","Ok","Very good","For the speed and the thrill","","For the betting and the wupiupi","","Boonta Eve tradition","Not a sponsor","Very likeable","Not a sponsor","Likeable","Sponsor","","Sebulba drove clean racing despite the competitive intensity.",""
"R00652","panel",42,"Male","Lower secondary","United States","North America","Employed full-time","Wholesale and retail trade","Vinta Harvest Classic","Dud Bolt",8,"Not sure","Good","Bad","Bad","Good","Bad","Ok","For the speed and the thrill","","For the betting and the wupiupi","A day out with friends and family","","Not a sponsor","Unlikeable","Sponsor","Very unlikeable","Not a sponsor","","",""
"R00653","panel",29,"Female","Master or equivalent","United States","North America","Not in labour force","Information and communication","Boonta Eve Classic","Sebulba",7,"Unlikely","Ok","Very bad","Bad","Ok","Bad","Ok","For the speed and the thrill","To support a favourite driver","","","","","","Sponsor","Likeable","Sponsor","Very unlikeable","",""
"R00654","in_app",20,"Male","Primary or less","Japan","Asia","Employed full-time","Human health and social work","Phoebos Memorial Run","Sebulba",9,"Not sure","Very good","Very bad","Ok","Very good","Ok","Good","For the speed and the thrill","","For the betting and the wupiupi","","","Sponsor","Likeable","Sponsor","Very unlikeable","Sponsor","Very unlikeable","The parking prices were fair, honestly expected worse.",""
"R00655","in_app",41,"Male","Lower secondary","France","Europe","Not in labour force","Public administration","Mos Espa Circuit","Gasgano",9,"Very likely","Very good","Good","Ok","Very good","Bad","Ok","For the speed and the thrill","To support a favourite driver","","","","Don't know this brand","Likeable","Don't know this brand","Very likeable","Sponsor","","","Dud Bolt was competitive in spots, but his throttle control seemed inconsistent."
"R00656","panel",61,"Male","Bachelor or equivalent","Sweden","Europe","Student","Other services","Phoebos Memorial Run","Sebulba",5,"Not sure","Ok","Ok","Very bad","Ok","Very bad","Bad","For the speed and the thrill","","","A day out with friends and family","Boonta Eve tradition","Don't know this brand","Very likeable","Sponsor","Likeable","Not a sponsor","Unlikeable","Parking was 50 truguts extra with no discount for pre-purchase.",""
"R00657","email",20,"Male","Short-cycle tertiary","United States","North America","Not in labour force","Arts and entertainment","Mos Espa Circuit","Sebulba",7,"Unlikely","Ok","Bad","Very bad","Ok","Ok","Good","For the speed and the thrill","","","A day out with friends and family","","Sponsor","","Sponsor","Unlikeable","Sponsor","Very likeable","",""
"R00658","in_app",27,"Male","Short-cycle tertiary","Germany","Europe","Employed full-time","","Boonta Eve Classic","Sebulba",7,"Not sure","Ok","Very bad","Ok","Good","Very bad","Ok","","","For the betting and the wupiupi","A day out with friends and family","","Don't know this brand","Unlikeable","Sponsor","Unlikeable","Not a sponsor","Very likeable","",""
"R00659","socials",18,"Female","Bachelor or equivalent","France","Europe","Employed full-time","Arts and entertainment","Mos Espa Circuit","Gasgano",5,"Likely","Ok","Ok","Ok","Bad","Bad","Bad","","To support a favourite driver","","A day out with friends and family","","Sponsor","","Not a sponsor","","Don't know this brand","","Phoebos Memorial Run handled crowds way more professionally.","The medical protocols are clearly well-trained and efficient."
"R00660","panel",51,"Female","Bachelor or equivalent","Japan","Asia","Not in labour force","Wholesale and retail trade","Boonta Eve Classic","Sebulba",7,"Likely","Very good","Bad","Very good","Good","Good","Ok","For the speed and the thrill","To support a favourite driver","","A day out with friends and family","Boonta Eve tradition","Sponsor","Very likeable","Sponsor","Likeable","Don't know this brand","Very unlikeable","","Ratts Tyerell withdrew and they didn't announce it clearly enough."
"R00661","email",34,"Male","Lower secondary","Japan","Asia","Unemployed","Information and communication","Phoebos Memorial Run","Ben Quadinaros",8,"Likely","Ok","Bad","Very bad","Bad","Very bad","Very bad","For the speed and the thrill","","For the betting and the wupiupi","","Boonta Eve tradition","Sponsor","Likeable","","Very likeable","Not a sponsor","Very likeable","","The Mos Espa locale has history, even if the infrastructure shows its age."
"R00662","socials",16,"Male","Upper secondary","United States","North America","Employed full-time","Human health and social work","Vinta Harvest Classic","Gasgano",9,"Very likely","Very good","Good","Ok","Good","Good","Good","For the speed and the thrill","To support a favourite driver","","","","Sponsor","Likeable","Sponsor","","Don't know this brand","Likeable","Dud Bolt earned respect from the crowd through hard work.",""
"R00663","email",16,"Male","Doctoral or equivalent","United States","North America","Employed full-time","Arts and entertainment","Mos Espa Circuit","Anakin Skywalker",7,"Not sure","Very good","Ok","Good","Good","Good","Very good","For the speed and the thrill","","For the betting and the wupiupi","A day out with friends and family","","Sponsor","Very likeable","Sponsor","Very likeable","Sponsor","Likeable","",""
"R00664","email",43,"Non-binary","Bachelor or equivalent","France","Europe","Employed part-time","Education","Boonta Eve Classic","Anakin Skywalker",8,"Very likely","Very good","Good","Good","Ok","Good","Bad","","To support a favourite driver","","","","Don't know this brand","Likeable","Not a sponsor","Unlikeable","Don't know this brand","","","The betting odds made the races even more thrilling to watch."
"R00665","socials",36,"Male","Bachelor or equivalent","United States","North America","Employed part-time","Education","Andobi Mountain Run","Anakin Skywalker",10,"Very likely","Good","Ok","Good","Good","Very good","Ok","For the speed and the thrill","To support a favourite driver","","A day out with friends and family","Boonta Eve tradition","Don't know this brand","","Not a sponsor","Unlikeable","Sponsor","Likeable","",""
"R00666","panel",16,"Female","Master or equivalent","United Kingdom","Europe","Employed part-time","Other services","Boonta Eve Classic","Sebulba",8,"Likely","Good","Bad","Good","Good","Good","Good","For the speed and the thrill","To support a favourite driver","","A day out with friends and family","Boonta Eve tradition","Not a sponsor","Unlikeable","Not a sponsor","Very likeable","Sponsor","Unlikeable","","Dud Bolt tried harder than his results suggested capability for."
"R00667","socials",18,"Female","Master or equivalent","Brazil","Latin America","Employed full-time","Other services","Vinta Harvest Classic","Anakin Skywalker",9,"Very likely","Ok","Good","Good","Good","Good","Ok","For the speed and the thrill","","","","","Not a sponsor","Very likeable","Sponsor","Likeable","Not a sponsor","Very likeable","Genuinely one of the most fun days of my life.",""
"R00668","panel",37,"Male","Doctoral or equivalent","United States","North America","Employed full-time","Arts and entertainment","Boonta Eve Classic","Sebulba",7,"Not sure","Bad","Bad","Ok","Good","Bad","Very good","For the speed and the thrill","To support a favourite driver","","A day out with friends and family","","Not a sponsor","","Sponsor","","Not a sponsor","","","Gasgano's setup philosophy clearly prioritises feedback."
"R00669","socials",33,"Female","Lower secondary","United States","North America","Not in labour force","Information and communication","Boonta Eve Classic","Sebulba",6,"Very unlikely","Bad","Bad","Very bad","Very bad","Bad","Very bad","For the speed and the thrill","To support a favourite driver","For the betting and the wupiupi","","","Don't know this brand","","Not a sponsor","Likeable","Sponsor","Very likeable","","Boles Roor's tactics were sound, yet his pod just couldn't keep pace with the top contenders."
"R00670","email",16,"Male","Upper secondary","United Kingdom","Europe","Student","Human health and social work","Boonta Eve Classic","Boles Roor",8,"Not sure","Good","Bad","Good","Good","Very bad","Good","","","","","Boonta Eve tradition","Don't know this brand","","","Very likeable","Don't know this brand","","","Temperature in the grandstand exceeded 50 degrees Celsius."
"R00671","panel",41,"Male","Bachelor or equivalent","United States","North America","Employed part-time","Information and communication","Boonta Eve Classic","Sebulba",10,"Likely","Very good","Ok","Ok","Ok","Good","Good","For the speed and the thrill","To support a favourite driver","For the betting and the wupiupi","","Boonta Eve tradition","Not a sponsor","Unlikeable","Sponsor","Unlikeable","Sponsor","Very likeable","Anakin proved why he's the favourite with that dominant performance.",""
"R00672","email",27,"Female","Bachelor or equivalent","United Kingdom","Europe","Unemployed","Education","Boonta Eve Classic","Sebulba",6,"Not sure","Ok","Very bad","Very good","Bad","Ok","Good","For the speed and the thrill","To support a favourite driver","For the betting and the wupiupi","A day out with friends and family","","Not a sponsor","Unlikeable","Sponsor","Likeable","Sponsor","Likeable","Sponsors should reconsider their association with this event.",""
"R00673","email",47,"Female","Master or equivalent","United States","North America","Employed full-time","Human health and social work","Andobi Mountain Run","Teemto Pagalies",9,"Likely","Ok","Ok","Ok","Bad","Ok","Good","","","For the betting and the wupiupi","","","Not a sponsor","Very likeable","Not a sponsor","","Sponsor","Unlikeable","",""
"R00674","socials",37,"Male","Bachelor or equivalent","United States","North America","Employed full-time","","Boonta Eve Classic","Mawhonic",5,"Unlikely","Very bad","Very bad","Ok","Bad","Bad","Bad","For the speed and the thrill","","","A day out with friends and family","","Not a sponsor","Unlikeable","Don't know this brand","Unlikeable","Sponsor","Very unlikeable","Mos Espa's heat is just unbearable for outdoor spectating.",""
"R00675","email",46,"Male","Upper secondary","United Kingdom","Europe","Not in labour force","Manufacturing","Phoebos Memorial Run","Anakin Skywalker",8,"Likely","Good","Bad","Good","Ok","Ok","Good","","To support a favourite driver","","","Boonta Eve tradition","Sponsor","Very likeable","Don't know this brand","Likeable","Not a sponsor","Likeable","",""
"R00676","socials",16,"Male","Bachelor or equivalent","Mexico","North America","Employed full-time","Education","Boonta Eve Classic","Teemto Pagalies",7,"Likely","Ok","Bad","Bad","Bad","Bad","Bad","For the speed and the thrill","To support a favourite driver","","A day out with friends and family","","Not a sponsor","Likeable","Not a sponsor","","Not a sponsor","Likeable","","Fire suppression equipment was not visible or accessible."
"R00677","panel",41,"Prefer not to answer","Upper secondary","Canada","North America","","Wholesale and retail trade","Boonta Eve Classic","Sebulba",6,"Not sure","Ok","Bad","Ok","Very bad","Bad","Bad","","","For the betting and the wupiupi","A day out with friends and family","","Sponsor","","Sponsor","Very likeable","Not a sponsor","","","Sebulba showed respect to his fellow competitors throughout."
"R00678","in_app",45,"Male","Bachelor or equivalent","Germany","Europe","Not in labour force","","Vinta Harvest Classic","Anakin Skywalker",9,"Very likely","Good","Ok","Good","Very good","Ok","Good","For the speed and the thrill","","","A day out with friends and family","Boonta Eve tradition","Not a sponsor","Likeable","Not a sponsor","Very unlikeable","Not a sponsor","Unlikeable","",""
"R00679","panel",38,"Male","Upper secondary","United States","North America","Employed full-time","Information and communication","Vinta Harvest Classic","Anakin Skywalker",5,"Very unlikely","Good","Very bad","Very bad","Bad","Very bad","Ok","For the speed and the thrill","To support a favourite driver","","A day out with friends and family","","Sponsor","Very unlikeable","Not a sponsor","Likeable","Not a sponsor","Unlikeable","",""
"R00680","in_app",19,"Female","Upper secondary","Japan","Asia","Employed full-time","Education","Vinta Harvest Classic","Gasgano",7,"Unlikely","Good","Ok","Bad","Good","Bad","Ok","For the speed and the thrill","","For the betting and the wupiupi","","","Don't know this brand","Unlikeable","Not a sponsor","Likeable","Sponsor","Likeable","","Multiple safety violations went unadressed by race officials."
"R00681","in_app",31,"Non-binary","Upper secondary","Germany","Europe","Employed full-time","Human health and social work","Boonta Eve Classic","",10,"Not sure","Very good","Ok","Bad","Very good","Ok","Bad","For the speed and the thrill","To support a favourite driver","","","","Sponsor","Very likeable","Sponsor","","Sponsor","Likeable","Anakin handled pole position pressure like an experienced veteran.",""
"R00682","panel",16,"Male","Upper secondary","Australia","Oceania","Employed full-time","Education","Phoebos Memorial Run","Anakin Skywalker",2,"Unlikely","Good","Very bad","Very bad","Bad","Ok","Bad","For the speed and the thrill","","","A day out with friends and family","","Sponsor","Likeable","Not a sponsor","Very likeable","Don't know this brand","","",""
"R00683","socials",25,"Male","Bachelor or equivalent","Canada","North America","Employed full-time","Education","Vinta Harvest Classic","Boles Roor",10,"Very likely","Very good","Very good","Good","Very good","Good","Ok","For the speed and the thrill","","","","Boonta Eve tradition","Not a sponsor","Unlikeable","Sponsor","Likeable","Not a sponsor","Likeable","","The crowd size was perfect, not cramped but plenty of energy."
"R00684","in_app",23,"Female","Bachelor or equivalent","Brazil","Latin America","Not in labour force","Public administration","Andobi Mountain Run","Anakin Skywalker",7,"Not sure","Ok","Ok","Very bad","Ok","Ok","Ok","","To support a favourite driver","","A day out with friends and family","Boonta Eve tradition","Not a sponsor","Likeable","Sponsor","Very likeable","Not a sponsor","Likeable","",""
"R00685","email",36,"Female","Lower secondary","United States","North America","Employed full-time","Wholesale and retail trade","Boonta Eve Classic","Anakin Skywalker",10,"Very likely","Ok","Good","Good","Very good","Ok","Very good","For the speed and the thrill","","","","","Don't know this brand","Very likeable","Don't know this brand","","Not a sponsor","Likeable","","Event planning priorities are clearly about money not quality."
"R00686","email",58,"Male","Master or equivalent","Canada","North America","Employed part-time","Arts and entertainment","Phoebos Memorial Run","Anakin Skywalker",7,"Unlikely","Ok","Bad","Bad","Bad","Ok","Bad","For the speed and the thrill","","","A day out with friends and family","Boonta Eve tradition","Not a sponsor","","Sponsor","Likeable","Not a sponsor","Very likeable","","I regret every credit spent on this disappointing day."
"R00687","socials",36,"Male","Upper secondary","United States","North America","Employed full-time","Arts and entertainment","Vinta Harvest Classic","Mawhonic",7,"Likely","Bad","Very bad","Ok","Ok","Bad","Bad","For the speed and the thrill","To support a favourite driver","","A day out with friends and family","","Sponsor","Very unlikeable","Don't know this brand","","Don't know this brand","Likeable","","Mos Espa venue is outdated and desperately needs renovation."
"R00688","socials",27,"Female","Bachelor or equivalent","United States","North America","Student","Wholesale and retail trade","Vinta Harvest Classic","",8,"Very unlikely","Good","Ok","Bad","Ok","Ok","Good","","","","","","Not a sponsor","Very likeable","Not a sponsor","Likeable","Not a sponsor","Very unlikeable","",""
"R00689","panel",43,"Male","","France","Europe","Not in labour force","Public administration","Mos Espa Circuit","Anakin Skywalker",8,"Not sure","Ok","Ok","Very bad","Bad","Very bad","Bad","","To support a favourite driver","For the betting and the wupiupi","","","Not a sponsor","","Not a sponsor","Very likeable","Don't know this brand","Likeable","","The canyon dunes made the track nearly impossible to see clearly."
"R00690","email",41,"Male","Bachelor or equivalent","Sweden","Europe","Student","Other services","Phoebos Memorial Run","Anakin Skywalker",9,"Unlikely","Very good","Ok","Ok","Good","Ok","Good","For the speed and the thrill","","","A day out with friends and family","Boonta Eve tradition","Sponsor","Very likeable","Sponsor","","Not a sponsor","","",""
"R00691","email",35,"Female","Bachelor or equivalent","United Kingdom","Europe","Employed full-time","Manufacturing","Boonta Eve Classic","Ben Quadinaros",5,"Likely","Ok","Ok","Bad","Very bad","Bad","Bad","","To support a favourite driver","","","","Don't know this brand","Very likeable","Sponsor","Very likeable","Not a sponsor","Likeable","",""
"R00692","email",24,"Male","Bachelor or equivalent","United States","North America","Not in labour force","Public administration","Boonta Eve Classic","Ben Quadinaros",6,"Not sure","Ok","Bad","Ok","Ok","Ok","Bad","","To support a favourite driver","","A day out with friends and family","Boonta Eve tradition","Not a sponsor","Very likeable","Don't know this brand","Unlikeable","Not a sponsor","Very likeable","",""
"R00693","in_app",39,"Female","Bachelor or equivalent","United States","North America","Employed full-time","Information and communication","Boonta Eve Classic","Anakin Skywalker",8,"Likely","Good","Ok","Ok","Very good","Good","Good","For the speed and the thrill","To support a favourite driver","","A day out with friends and family","","","Unlikeable","Don't know this brand","Likeable","Don't know this brand","Very unlikeable","","Ratts Tyerell's crew made excellent strategy calls throughout."
"R00694","panel",40,"Male","Short-cycle tertiary","United Kingdom","Europe","Employed full-time","Arts and entertainment","Boonta Eve Classic","Mawhonic",7,"Not sure","Good","Bad","Very bad","Good","Very bad","Very bad","For the speed and the thrill","To support a favourite driver","","","","Sponsor","Likeable","Not a sponsor","Very unlikeable","Don't know this brand","Very unlikeable","",""
"R00695","email",36,"Male","Master or equivalent","United States","North America","Employed full-time","Wholesale and retail trade","Vinta Harvest Classic","Boles Roor",5,"Unlikely","Very bad","Bad","Very bad","Very bad","Bad","Bad","","","","A day out with friends and family","","Not a sponsor","Very likeable","Don't know this brand","Likeable","Sponsor","Likeable","Ody Mandrell never has competitive equipment anyway.",""
"R00696","panel",55,"Female","Lower secondary","United States","North America","Student","Information and communication","Mos Espa Circuit","Anakin Skywalker",6,"Unlikely","Ok","Bad","Ok","Good","Bad","Very bad","For the speed and the thrill","To support a favourite driver","","A day out with friends and family","","Sponsor","Likeable","Sponsor","Likeable","Sponsor","Very unlikeable","","The canyon dunes course was stunning, beautiful scenic views between the chaos."
"R00697","panel",60,"Male","Primary or less","Canada","North America","Employed full-time","Information and communication","Boonta Eve Classic","Sebulba",6,"Likely","Very bad","Bad","Bad","Ok","Very bad","Bad","For the speed and the thrill","To support a favourite driver","","","","Not a sponsor","Likeable","","Likeable","Sponsor","Unlikeable","","Anakin Skywalker's near-collision in lap three had everyone on edge, whether you enjoyed the tension or not."
"R00698","in_app",20,"","Bachelor or equivalent","United States","North America","Student","Information and communication","Boonta Eve Classic","Boles Roor",4,"Unlikely","Very bad","Bad","Very bad","Very bad","Very bad","Good","For the speed and the thrill","","","","Boonta Eve tradition","Not a sponsor","Unlikeable","Don't know this brand","Unlikeable","Sponsor","","Teemto Pagalies is clearly out of his depth in professional racing.","Seating sight lines were terrible from most of the grandstand."
"R00699","panel",37,"Male","Upper secondary","United States","North America","Employed full-time","Human health and social work","Vinta Harvest Classic","",7,"Likely","Good","Bad","Ok","Ok","Bad","Bad","For the speed and the thrill","To support a favourite driver","","A day out with friends and family","","Sponsor","Unlikeable","Not a sponsor","Very likeable","Not a sponsor","Likeable","","Tatooine sand storms ruined the entire day for everyone."
"R00700","in_app",17,"Female","Master or equivalent","Sweden","Europe","Employed full-time","Financial and insurance","Vinta Harvest Classic","Teemto Pagalies",9,"Likely","Ok","Ok","Bad","Very good","Ok","Good","For the speed and the thrill","","For the betting and the wupiupi","A day out with friends and family","","Don't know this brand","Unlikeable","Not a sponsor","Very likeable","Sponsor","","Ben Quadinaros managed an amazing race considering the technical issues he had.",""
"R00701","panel",25,"","Short-cycle tertiary","United Kingdom","Europe","Employed full-time","Education","Andobi Mountain Run","Dud Bolt",9,"Very likely","Good","Good","Very bad","Ok","Good","Good","","To support a favourite driver","","","","Not a sponsor","Unlikeable","Not a sponsor","","Sponsor","Likeable","The venue map was clear and helped us find our seats easily.","Sebulba deliberately wrecked another pod and continued racing."
"R00702","in_app",27,"Male","Upper secondary","Brazil","Latin America","Employed full-time","Financial and insurance","Phoebos Memorial Run","Sebulba",8,"Likely","Good","Very bad","Ok","Good","Ok","Good","","","","","","Not a sponsor","","Not a sponsor","","Not a sponsor","Unlikeable","","The dust storms made it impossible to see most of the action."
"R00703","email",30,"Female","Upper secondary","United Kingdom","Europe","Employed full-time","Wholesale and retail trade","Boonta Eve Classic","Dud Bolt",5,"Very unlikely","Ok","Very bad","Bad","Ok","Very bad","Very bad","For the speed and the thrill","To support a favourite driver","","","Boonta Eve tradition","Don't know this brand","Very likeable","Sponsor","Very unlikeable","Don't know this brand","Likeable","","Mawhonic's setup looked perfectly balanced."
"R00704","socials",53,"Female","Upper secondary","United Kingdom","Europe","Employed full-time","Education","Boonta Eve Classic","Ben Quadinaros",7,"Not sure","Very good","Good","Bad","Bad","Bad","Ok","","To support a favourite driver","","A day out with friends and family","","Don't know this brand","Likeable","Don't know this brand","Likeable","Sponsor","Very likeable","",""
"R00705","email",22,"Male","Upper secondary","Canada","North America","Employed part-time","Manufacturing","Boonta Eve Classic","Anakin Skywalker",6,"Unlikely","Ok","Ok","Ok","Ok","Very bad","Bad","For the speed and the thrill","To support a favourite driver","","","","Not a sponsor","Very likeable","Sponsor","Likeable","Don't know this brand","Likeable","","Concession pricing is designed to maximize profit over value."
"R00706","email",38,"Female","Lower secondary","Canada","North America","Employed full-time","Information and communication","Mos Espa Circuit","Anakin Skywalker",5,"Not sure","Ok","Ok","Bad","Ok","Bad","Bad","For the speed and the thrill","","For the betting and the wupiupi","A day out with friends and family","","Not a sponsor","Unlikeable","Not a sponsor","Unlikeable","","","Anakin Skywalker clearly has equipment advantages nobody else has.","Event organizers clearly don't listen to feedback."
"R00707","socials",41,"Male","Lower secondary","United States","North America","Student","Education","Boonta Eve Classic","Anakin Skywalker",4,"Very unlikely","Bad","Bad","Bad","Bad","Very bad","Bad","For the speed and the thrill","To support a favourite driver","","A day out with friends and family","Boonta Eve tradition","Not a sponsor","","Sponsor","Very unlikeable","Sponsor","Likeable","Ody Mandrell's team never prepares properly for these events.","Mawhonic's reaction time off the starting line is machine-like."
"R00708","panel",35,"Male","Master or equivalent","United States","North America","Employed full-time","Other services","Mos Espa Circuit","Anakin Skywalker",5,"Not sure","Ok","Ok","Very bad","Good","Ok","Ok","For the speed and the thrill","To support a favourite driver","","","Boonta Eve tradition","Not a sponsor","Likeable","Sponsor","","","","Teemto Pagalies looked underprepared for this level of competition.","Fode seemed to enjoy his job more than Beed, though both fulfilled their roles."
"R00709","in_app",39,"Male","Upper secondary","Brazil","Latin America","","Manufacturing","Phoebos Memorial Run","Ben Quadinaros",10,"Very likely","Ok","Ok","Ok","Good","Good","Good","For the speed and the thrill","To support a favourite driver","","","","Sponsor","Very likeable","Sponsor","","Not a sponsor","Unlikeable","","Sebulba never let Anakin relax, made the whole thing tense."
"R00710","email",24,"Male","Upper secondary","Brazil","Latin America","Not in labour force","Other services","Boonta Eve Classic","Sebulba",8,"Likely","Good","Bad","Ok","Very bad","Ok","Bad","For the speed and the thrill","To support a favourite driver","","","","","Unlikeable","Sponsor","","Sponsor","Likeable","",""
"R00711","in_app",26,"Male","Upper secondary","Brazil","Latin America","Employed full-time","Education","Boonta Eve Classic","Anakin Skywalker",8,"Likely","Good","Bad","Ok","Good","Ok","Good","For the speed and the thrill","To support a favourite driver","For the betting and the wupiupi","A day out with friends and family","","Don't know this brand","Very likeable","Not a sponsor","Likeable","Don't know this brand","Very likeable","","Waited in line for nearly three hours just to get a seat."
"R00712","email",24,"Male","Upper secondary","United Kingdom","Europe","Employed part-time","Financial and insurance","Andobi Mountain Run","Teemto Pagalies",10,"Very likely","Good","Good","Very good","Very good","Ok","Very good","","","","A day out with friends and family","Boonta Eve tradition","Sponsor","Likeable","Sponsor","Very likeable","Don't know this brand","Likeable","",""
"R00713","panel",16,"","Lower secondary","United States","North America","Employed full-time","Arts and entertainment","Vinta Harvest Classic","Anakin Skywalker",6,"Very likely","Ok","Good","Ok","Good","Very good","Ok","For the speed and the thrill","","","","","Sponsor","Likeable","Sponsor","Unlikeable","Sponsor","Very unlikeable","Phoebos Memorial Run has professional event management.",""
"R00714","email",40,"Male","Primary or less","United States","North America","Student","Public administration","Phoebos Memorial Run","Boles Roor",7,"Not sure","Ok","Bad","Ok","Ok","Very bad","Good","For the speed and the thrill","To support a favourite driver","For the betting and the wupiupi","A day out with friends and family","","Sponsor","Unlikeable","Not a sponsor","Unlikeable","Don't know this brand","Likeable","",""
"R00715","in_app",27,"Male","Bachelor or equivalent","Germany","Europe","Employed full-time","Public administration","Phoebos Memorial Run","Sebulba",10,"Likely","Ok","Good","Good","Very good","Ok","Very good","For the speed and the thrill","","","","","Not a sponsor","Likeable","Sponsor","Likeable","Sponsor","","","Boles Roor's understanding of car dynamics is evident."
"R00716","email",30,"Male","Short-cycle tertiary","Japan","Asia","Employed part-time","Financial and insurance","Andobi Mountain Run","Teemto Pagalies",7,"Unlikely","Good","Ok","Ok","Good","Bad","Good","For the speed and the thrill","","For the betting and the wupiupi","A day out with friends and family","","Sponsor","Very likeable","Don't know this brand","Unlikeable","Sponsor","Very unlikeable","",""
"R00717","email",40,"Female","Primary or less","United States","North America","Student","Wholesale and retail trade","Boonta Eve Classic","Anakin Skywalker",10,"Very likely","Very good","Bad","Ok","Very good","Good","Good","For the speed and the thrill","To support a favourite driver","For the betting and the wupiupi","A day out with friends and family","","Sponsor","Likeable","Not a sponsor","Likeable","Sponsor","Unlikeable","The track maintenance team kept everything in perfect condition.","The weather held out mostly, though a sudden gust near the dunes knocked my hat clean off."
"R00718","in_app",33,"Female","Upper secondary","United Kingdom","Europe","Student","Wholesale and retail trade","Vinta Harvest Classic","Ody Mandrell",7,"Likely","Bad","Ok","Ok","Good","Bad","Bad","","To support a favourite driver","","","","Sponsor","","Don't know this brand","Unlikeable","Sponsor","Likeable","",""
"R00719","panel",31,"Prefer not to answer","Doctoral or equivalent","Brazil","Latin America","Employed part-time","Human health and social work","Andobi Mountain Run","Ben Quadinaros",8,"Likely","Bad","Good","Ok","Bad","Bad","Ok","For the speed and the thrill","To support a favourite driver","For the betting and the wupiupi","","","Sponsor","Unlikeable","Not a sponsor","Likeable","Don't know this brand","Likeable","",""
"R00720","in_app",26,"Male","Short-cycle tertiary","United Kingdom","Europe","Student","Manufacturing","Vinta Harvest Classic","Anakin Skywalker",6,"Unlikely","Bad","Bad","Good","Ok","Bad","Bad","For the speed and the thrill","To support a favourite driver","For the betting and the wupiupi","","Boonta Eve tradition","Don't know this brand","Likeable","Not a sponsor","Unlikeable","Sponsor","Likeable","","Gasgano put up a real fight against Skywalker, that was close racing."
"R00721","in_app",51,"Male","","United States","North America","Employed full-time","Information and communication","Boonta Eve Classic","Ody Mandrell",9,"Very likely","Good","Ok","Ok","Good","Ok","Very good","For the speed and the thrill","To support a favourite driver","","","Boonta Eve tradition","Sponsor","Very unlikeable","Not a sponsor","Likeable","Not a sponsor","Likeable","",""
"R00722","socials",34,"Female","Lower secondary","United States","North America","Not in labour force","Education","Mos Espa Circuit","Gasgano",9,"Likely","Good","Bad","Ok","Good","Ok","Very good","For the speed and the thrill","To support a favourite driver","","","Boonta Eve tradition","Sponsor","Unlikeable","Not a sponsor","Unlikeable","Don't know this brand","Likeable","The track condition improved throughout the day as it packed down.",""
"R00723","socials",33,"Male","Short-cycle tertiary","Japan","Asia","Student","Manufacturing","Mos Espa Circuit","Ody Mandrell",8,"Unlikely","Bad","Bad","Ok","Good","Good","Good","For the speed and the thrill","","For the betting and the wupiupi","A day out with friends and family","","","Very unlikeable","Sponsor","Very unlikeable","Not a sponsor","Likeable","",""
"R00724","panel",44,"Female","Lower secondary","Japan","Asia","Employed full-time","Financial and insurance","Phoebos Memorial Run","Anakin Skywalker",7,"Likely","Very good","Ok","Very bad","Good","Ok","Bad","For the speed and the thrill","","","A day out with friends and family","","Not a sponsor","Unlikeable","Sponsor","","Not a sponsor","Likeable","","Medical staff seemed unprepared for actual emergencies at all."
"R00725","in_app",37,"Male","Master or equivalent","Australia","Oceania","Not in labour force","Wholesale and retail trade","Boonta Eve Classic","Dud Bolt",8,"Very unlikely","Good","Ok","Ok","Very good","Very bad","Ok","","To support a favourite driver","","","","Sponsor","Likeable","Not a sponsor","","Sponsor","Likeable","",""
"R00726","email",21,"Male","Bachelor or equivalent","United States","North America","Not in labour force","Financial and insurance","Mos Espa Circuit","Mawhonic",10,"Likely","Very good","Ok","Good","Very good","Good","Very good","For the speed and the thrill","To support a favourite driver","","A day out with friends and family","","Don't know this brand","","Sponsor","Likeable","Sponsor","Very unlikeable","","We couldn't hear the race commentary over all the crowd noise anyway."
"R00727","email",27,"Female","Bachelor or equivalent","United States","North America","Student","Human health and social work","Boonta Eve Classic","Anakin Skywalker",9,"Very likely","Good","Bad","Ok","Ok","Ok","Ok","","","For the betting and the wupiupi","A day out with friends and family","","Sponsor","","Sponsor","Very likeable","Sponsor","Likeable","",""
"R00728","in_app",23,"Female","Upper secondary","Brazil","Latin America","Employed part-time","Arts and entertainment","Vinta Harvest Classic","Sebulba",8,"Very unlikely","Bad","Bad","Good","Ok","Very bad","Bad","For the speed and the thrill","","For the betting and the wupiupi","","","Not a sponsor","Very likeable","Don't know this brand","Unlikeable","Not a sponsor","","",""
"R00729","panel",16,"Male","Upper secondary","United States","North America","Employed full-time","Arts and entertainment","Boonta Eve Classic","Dud Bolt",6,"Unlikely","Ok","Ok","Ok","Good","Bad","Bad","For the speed and the thrill","To support a favourite driver","","","Boonta Eve tradition","Don't know this brand","Likeable","Sponsor","","Sponsor","Very unlikeable","",""
"R00730","socials",30,"Female","Bachelor or equivalent","France","Europe","Employed full-time","Education","Phoebos Memorial Run","Sebulba",7,"Not sure","Ok","Bad","Ok","Bad","Bad","Ok","For the speed and the thrill","","","","","Don't know this brand","","Don't know this brand","Likeable","Don't know this brand","Likeable","",""
"R00731","panel",39,"Female","Lower secondary","United States","North America","Unemployed","Manufacturing","Vinta Harvest Classic","Mawhonic",7,"Not sure","Good","Good","Ok","Good","Very good","Good","For the speed and the thrill","","For the betting and the wupiupi","","","Don't know this brand","Very likeable","Not a sponsor","Very likeable","Don't know this brand","Likeable","","Absolutely recommend this to any racing fans."
"R00732","panel",26,"Female","Bachelor or equivalent","Japan","Asia","Employed full-time","Arts and entertainment","Phoebos Memorial Run","Mawhonic",8,"Likely","Good","Bad","Bad","Good","Ok","Bad","","","For the betting and the wupiupi","A day out with friends and family","","Don't know this brand","Likeable","Not a sponsor","Likeable","Not a sponsor","Likeable","","The weather forecast said rain but we dodged every drop."
"R00733","in_app",37,"Female","Short-cycle tertiary","United Kingdom","Europe","Student","Public administration","Vinta Harvest Classic","Boles Roor",7,"Likely","Good","Ok","Good","Bad","Ok","Ok","For the speed and the thrill","","","A day out with friends and family","Boonta Eve tradition","Don't know this brand","Likeable","Not a sponsor","Very unlikeable","Not a sponsor","Likeable","","Parking filled up so fast we ended up parking a mile away."
"R00734","email",41,"Male","Master or equivalent","France","Europe","Employed full-time","Arts and entertainment","Boonta Eve Classic","Ben Quadinaros",6,"Unlikely","Ok","Very bad","Ok","Ok","Ok","Bad","For the speed and the thrill","To support a favourite driver","","A day out with friends and family","","Don't know this brand","Unlikeable","Not a sponsor","Very unlikeable","Don't know this brand","","","Dud Bolt competed hard but never quite had what it took at the top level."
"R00735","panel",31,"Female","Short-cycle tertiary","United States","North America","Employed full-time","Wholesale and retail trade","Vinta Harvest Classic","Mawhonic",6,"Not sure","Good","Bad","Ok","Bad","Very bad","Good","For the speed and the thrill","","","A day out with friends and family","Boonta Eve tradition","Sponsor","Likeable","Don't know this brand","Very likeable","Not a sponsor","Very likeable","","Ben Quadinaros' race craft is good but the racing itself wasn't interesting."
"R00736","panel",26,"Female","Lower secondary","Australia","Oceania","Not in labour force","Arts and entertainment","Andobi Mountain Run","Anakin Skywalker",7,"Very likely","Good","Ok","Ok","Ok","Very good","Very good","For the speed and the thrill","To support a favourite driver","","","Boonta Eve tradition","Not a sponsor","Likeable","Sponsor","Likeable","Don't know this brand","Unlikeable","","Teemto Pagalies managed some clever maneuvers, even if he didn't finish particularly well."
"R00737","socials",24,"Male","Lower secondary","Germany","Europe","Employed full-time","Arts and entertainment","Mos Espa Circuit","Anakin Skywalker",7,"Unlikely","Good","Bad","Ok","Bad","Good","Ok","For the speed and the thrill","To support a favourite driver","","A day out with friends and family","","Sponsor","Likeable","Not a sponsor","","","Unlikeable","","Ody Mandrell's maturity as a driver shows in every lap."
"R00738","socials",29,"Female","Short-cycle tertiary","Mexico","North America","Employed part-time","","Mos Espa Circuit","Anakin Skywalker",5,"Likely","Very bad","Very bad","Ok","Good","Bad","Ok","For the speed and the thrill","","For the betting and the wupiupi","","Boonta Eve tradition","Not a sponsor","Likeable","Not a sponsor","Unlikeable","Not a sponsor","Likeable","Dud Bolt pulled out before the final lap, complete disappointment.","I felt like a cash machine rather than a customer."
"R00739","email",51,"Prefer not to answer","Upper secondary","United States","North America","Student","Manufacturing","Boonta Eve Classic","Anakin Skywalker",9,"Very likely","Good","Ok","Good","Good","Very good","Bad","For the speed and the thrill","","For the betting and the wupiupi","","","Not a sponsor","Unlikeable","Not a sponsor","Likeable","Sponsor","Very unlikeable","The parking arrangements were surprisingly organised and hassle-free.",""
"R00740","panel",33,"Male","Bachelor or equivalent","United Kingdom","Europe","Employed part-time","Human health and social work","Boonta Eve Classic","Anakin Skywalker",9,"Likely","Good","Bad","Ok","Ok","Bad","Good","For the speed and the thrill","","For the betting and the wupiupi","A day out with friends and family","","Not a sponsor","Likeable","Not a sponsor","","Sponsor","","Ratts Tyerell's racecraft improved noticeably during the day.",""
"R00741","socials",26,"Male","Upper secondary","Mexico","North America","Employed full-time","Wholesale and retail trade","Boonta Eve Classic","Anakin Skywalker",6,"Not sure","Bad","Very bad","Ok","Good","Bad","Ok","","","","","Boonta Eve tradition","Don't know this brand","Unlikeable","Not a sponsor","Very likeable","Sponsor","Unlikeable","","Vinta Harvest Classic is on our to-do list for next season."
"R00742","socials",27,"Female","Bachelor or equivalent","United States","North America","","Other services","Andobi Mountain Run","Anakin Skywalker",9,"Likely","Very good","Good","Good","Very good","Good","Ok","For the speed and the thrill","To support a favourite driver","","","","Sponsor","Likeable","Not a sponsor","Likeable","","Very likeable","The pit stop choreography was genuinely impressive.",""
"R00743","in_app",33,"Male","Master or equivalent","Germany","Europe","Employed full-time","Financial and insurance","Boonta Eve Classic","Gasgano",5,"Very unlikely","Good","Bad","Very bad","Ok","Bad","Ok","","","","A day out with friends and family","","Sponsor","Very likeable","Sponsor","Unlikeable","Not a sponsor","Very unlikeable","Ratts Tyerell's pod looked held together with duct tape.","Ody Mandrell was competent if uninspiring in every measurable way."
"R00744","in_app",34,"Female","Lower secondary","Mexico","North America","Student","Other services","Vinta Harvest Classic","Ben Quadinaros",6,"Not sure","Ok","Very bad","Ok","Very bad","Bad","Bad","For the speed and the thrill","To support a favourite driver","","A day out with friends and family","","Not a sponsor","Very unlikeable","Sponsor","Very likeable","Not a sponsor","","They ran out of seats even though we reserved ahead.","The data displays showed real-time telemetry information."
"R00745","panel",48,"","Short-cycle tertiary","United States","North America","Employed part-time","Financial and insurance","Boonta Eve Classic","Anakin Skywalker",2,"Very unlikely","Very bad","Bad","Bad","Bad","Very bad","Very bad","For the speed and the thrill","To support a favourite driver","For the betting and the wupiupi","","","Don't know this brand","","","Very likeable","Not a sponsor","Likeable","","Anakin Skywalker's dominance feels unearned and suspicious."
"R00746","socials",27,"Female","Short-cycle tertiary","Brazil","Latin America","Student","Arts and entertainment","Vinta Harvest Classic","",9,"Very likely","Good","Ok","Good","Good","Good","Very good","","","For the betting and the wupiupi","","","","Likeable","Not a sponsor","Likeable","Don't know this brand","Very unlikeable","","Betting odds were clearly fixed in favor of Anakin Skywalker."
"R00747","panel",44,"Female","Lower secondary","Mexico","North America","Employed full-time","Public administration","Boonta Eve Classic","Anakin Skywalker",5,"Not sure","Ok","Ok","Bad","Ok","Bad","Ok","For the speed and the thrill","To support a favourite driver","","","","Sponsor","Very likeable","Sponsor","Likeable","Don't know this brand","Likeable","","Gasgano made questionable tactical choices that cost him positions he could've held."
"R00748","panel",24,"Male","Short-cycle tertiary","United States","North America","Employed full-time","Public administration","Vinta Harvest Classic","Sebulba",7,"Not sure","Ok","Bad","Ok","Ok","Ok","Good","For the speed and the thrill","","","","Boonta Eve tradition","Don't know this brand","Likeable","Don't know this brand","","Sponsor","","",""
"R00749","email",35,"Male","Primary or less","Germany","Europe","Employed full-time","Arts and entertainment","Phoebos Memorial Run","Ben Quadinaros",6,"Likely","Good","Bad","Ok","Good","Ok","Good","For the speed and the thrill","To support a favourite driver","","","Boonta Eve tradition","Sponsor","Very unlikeable","","Likeable","Don't know this brand","Likeable","",""
"R00750","panel",28,"Non-binary","Upper secondary","Canada","North America","Employed full-time","Manufacturing","Boonta Eve Classic","Anakin Skywalker",7,"Unlikely","Ok","Very bad","Bad","Bad","Bad","Ok","For the speed and the thrill","","","","Boonta Eve tradition","Sponsor","Likeable","Sponsor","","Sponsor","Unlikeable","",""
"R00751","in_app",44,"Male","Master or equivalent","United Kingdom","Europe","Employed full-time","Arts and entertainment","Boonta Eve Classic","Ody Mandrell",4,"Unlikely","Bad","Bad","Very bad","Very bad","Very bad","Bad","For the speed and the thrill","To support a favourite driver","","","Boonta Eve tradition","Not a sponsor","Likeable","Don't know this brand","Very likeable","Sponsor","","",""
"R00752","panel",49,"Male","Bachelor or equivalent","United States","North America","Employed full-time","Wholesale and retail trade","Phoebos Memorial Run","Ben Quadinaros",5,"Unlikely","Very bad","Bad","Very bad","Very bad","Bad","Ok","For the speed and the thrill","","","","Boonta Eve tradition","Not a sponsor","Very likeable","Sponsor","","Don't know this brand","Unlikeable","People with asthma shouldn't come to events here.","The Mos Espa grandstand offered views that were more good than bad."
"R00753","panel",50,"Male","Upper secondary","Germany","Europe","Employed full-time","Arts and entertainment","Boonta Eve Classic","Gasgano",9,"Not sure","Good","Bad","Ok","Bad","Very bad","Ok","","To support a favourite driver","For the betting and the wupiupi","","","Don't know this brand","Likeable","","Likeable","Sponsor","Likeable","Boles Roor's overtake in lap twelve was genuinely audacious.",""
"R00754","email",40,"Male","Master or equivalent","Mexico","North America","Employed full-time","Education","Boonta Eve Classic","",6,"Likely","Ok","Good","Ok","Good","Bad","Ok","For the speed and the thrill","To support a favourite driver","","A day out with friends and family","Boonta Eve tradition","Not a sponsor","Very unlikeable","","Unlikeable","Sponsor","Likeable","","The pit crew handshake traditions are charming."
"R00755","email",26,"Female","Upper secondary","Mexico","North America","Student","Public administration","Boonta Eve Classic","Anakin Skywalker",3,"Very unlikely","Very bad","Very bad","Very bad","Very bad","Very bad","Very bad","For the speed and the thrill","","","A day out with friends and family","Boonta Eve tradition","Sponsor","Likeable","Sponsor","Likeable","Sponsor","Likeable","",""
"R00756","email",31,"Male","Primary or less","Germany","Europe","Employed part-time","","Vinta Harvest Classic","Teemto Pagalies",7,"Likely","Good","Bad","Ok","Good","Good","Ok","For the speed and the thrill","To support a favourite driver","","","Boonta Eve tradition","Sponsor","Unlikeable","Not a sponsor","Likeable","Sponsor","Very unlikeable","",""
"R00757","socials",36,"Male","Upper secondary","Mexico","North America","Employed part-time","Wholesale and retail trade","Vinta Harvest Classic","Mawhonic",9,"Likely","Good","Good","Bad","Ok","Very good","Good","For the speed and the thrill","","","","Boonta Eve tradition","Not a sponsor","Likeable","Sponsor","Likeable","Sponsor","Very likeable","Dud Bolt won the crowd's hearts regardless of the final result.",""
"R00758","in_app",16,"Female","Primary or less","United Kingdom","Europe","Employed full-time","Education","Andobi Mountain Run","Sebulba",10,"Very likely","Very good","Ok","Ok","Very good","Ok","Good","For the speed and the thrill","","For the betting and the wupiupi","A day out with friends and family","","Not a sponsor","Likeable","Sponsor","Very likeable","Don't know this brand","Very unlikeable","",""
"R00759","socials",49,"Male","Primary or less","United States","North America","Employed full-time","Manufacturing","Boonta Eve Classic","Boles Roor",8,"Unlikely","Good","Bad","Bad","Very good","Bad","Ok","","To support a favourite driver","For the betting and the wupiupi","","Boonta Eve tradition","Sponsor","Very unlikeable","Sponsor","Likeable","","Likeable","",""
"R00760","email",19,"Female","Upper secondary","United States","North America","Student","Manufacturing","Vinta Harvest Classic","Anakin Skywalker",10,"Very likely","Ok","Very good","Ok","Good","Bad","Ok","For the speed and the thrill","","","","","Sponsor","Unlikeable","Not a sponsor","Unlikeable","Don't know this brand","","","The sound system was excellent, we could hear every detail clearly."
"R00761","socials",26,"Male","Master or equivalent","Australia","Oceania","Unemployed","Manufacturing","Phoebos Memorial Run","Anakin Skywalker",9,"Likely","Good","Good","Good","Ok","Very good","Good","For the speed and the thrill","To support a favourite driver","","","","Sponsor","","Don't know this brand","Very unlikeable","Not a sponsor","Unlikeable","",""
"R00762","panel",48,"Female","Master or equivalent","Germany","Europe","","Information and communication","Mos Espa Circuit","Anakin Skywalker",8,"Very likely","Bad","Good","Ok","Bad","Ok","Good","For the speed and the thrill","","For the betting and the wupiupi","A day out with friends and family","","Don't know this brand","Likeable","Not a sponsor","Likeable","Sponsor","Very likeable","",""
"R00763","email",37,"Male","Primary or less","Germany","Europe","Employed full-time","Education","Vinta Harvest Classic","Sebulba",7,"Likely","Good","Very good","Very good","Bad","Ok","Ok","For the speed and the thrill","","","A day out with friends and family","","Sponsor","","Don't know this brand","Likeable","Sponsor","Likeable","",""
"R00764","socials",38,"Female","Bachelor or equivalent","United States","North America","Employed part-time","Financial and insurance","Mos Espa Circuit","Ben Quadinaros",9,"Very likely","Ok","Ok","Very bad","Good","Ok","Good","For the speed and the thrill","","For the betting and the wupiupi","A day out with friends and family","","Sponsor","Unlikeable","Not a sponsor","Likeable","Not a sponsor","Likeable","","Ratts Tyerell gave it a fair effort despite operating with older equipment."
"R00765","socials",23,"Female","Upper secondary","United Kingdom","Europe","Employed full-time","Arts and entertainment","Andobi Mountain Run","Mawhonic",9,"Very likely","Good","Good","Ok","Very good","Good","Very good","For the speed and the thrill","To support a favourite driver","For the betting and the wupiupi","","","Sponsor","Unlikeable","Not a sponsor","Very likeable","Not a sponsor","Likeable","Ratts Tyerell's determination is inspiring, always pushing forward.",""
"R00766","in_app",16,"Female","Bachelor or equivalent","United States","North America","Employed full-time","Financial and insurance","Boonta Eve Classic","Teemto Pagalies",7,"Very likely","Very bad","Very bad","Good","Good","Good","Good","For the speed and the thrill","To support a favourite driver","","","Boonta Eve tradition","Not a sponsor","Likeable","Not a sponsor","Likeable","Sponsor","Likeable","",""
"R00767","email",23,"Male","Bachelor or equivalent","France","Europe","Student","Information and communication","Boonta Eve Classic","Sebulba",6,"Likely","Ok","Very bad","Ok","Bad","Very bad","Very bad","For the speed and the thrill","To support a favourite driver","For the betting and the wupiupi","","Boonta Eve tradition","Don't know this brand","","Not a sponsor","Likeable","Not a sponsor","Very likeable","","Dud Bolt is held to different standards than other drivers."
"R00768","panel",38,"Female","Upper secondary","France","Europe","Employed full-time","Arts and entertainment","Mos Espa Circuit","",5,"Not sure","Ok","Bad","Bad","Bad","Bad","Ok","For the speed and the thrill","","For the betting and the wupiupi","","Boonta Eve tradition","Sponsor","","","Unlikeable","Sponsor","Likeable","The canyon dunes area needs complete redesign for safety.","Teemto Pagalies is an underrated talent on the circuit."
"R00769","panel",41,"Male","Short-cycle tertiary","France","Europe","Student","Education","Mos Espa Circuit","Ody Mandrell",8,"Not sure","Bad","Very bad","Bad","Good","Bad","Ok","For the speed and the thrill","","","A day out with friends and family","Boonta Eve tradition","Don't know this brand","Likeable","Don't know this brand","Likeable","Don't know this brand","Unlikeable","",""
"R00770","email",33,"Male","Upper secondary","Japan","Asia","Employed full-time","Manufacturing","Mos Espa Circuit","Anakin Skywalker",9,"Very likely","Ok","Bad","Good","Good","Good","Ok","For the speed and the thrill","To support a favourite driver","","","Boonta Eve tradition","Not a sponsor","Very unlikeable","Not a sponsor","Very unlikeable","Sponsor","","","Dud Bolt's never-die attitude is something every competitor should have."
"R00771","in_app",27,"Male","Master or equivalent","United States","North America","Student","Arts and entertainment","Boonta Eve Classic","Anakin Skywalker",10,"Very likely","Very good","Bad","Good","Good","Very good","Good","","To support a favourite driver","For the betting and the wupiupi","","","Sponsor","Likeable","Sponsor","Unlikeable","Sponsor","Likeable","The weather app predictions were completely wrong, blessing.","Mawhonic's crew communication was impressively clear."
"R00772","email",37,"Female","Primary or less","France","Europe","Employed part-time","Arts and entertainment","Vinta Harvest Classic","Gasgano",6,"Unlikely","Bad","Bad","Very bad","Good","Very bad","Very bad","For the speed and the thrill","To support a favourite driver","For the betting and the wupiupi","","","Don't know this brand","Unlikeable","","Likeable","Not a sponsor","Likeable","Accessibility for disabled attendees was basically nonexistent.",""
"R00773","panel",25,"Male","Upper secondary","United States","North America","Employed full-time","Other services","Boonta Eve Classic","Sebulba",8,"Likely","Good","Ok","Ok","Bad","Bad","Bad","For the speed and the thrill","To support a favourite driver","","","","Don't know this brand","Likeable","Not a sponsor","Very unlikeable","Sponsor","Likeable","",""
"R00774","panel",38,"Non-binary","Master or equivalent","United States","North America","Employed full-time","Public administration","Boonta Eve Classic","Anakin Skywalker",6,"Unlikely","Ok","Very bad","Good","Very bad","Bad","Ok","For the speed and the thrill","","For the betting and the wupiupi","","","Sponsor","Likeable","Not a sponsor","Unlikeable","Don't know this brand","","Snacks taste like they were made weeks ago, not fresh.",""
"R00775","socials",19,"Female","Upper secondary","United States","North America","Employed full-time","Human health and social work","Boonta Eve Classic","Anakin Skywalker",7,"Very likely","Very good","Good","Very bad","Very good","Ok","Ok","","","","A day out with friends and family","","Sponsor","Unlikeable","Sponsor","Unlikeable","Sponsor","","",""
"R00776","panel",54,"Male","Upper secondary","Mexico","North America","Student","Manufacturing","Boonta Eve Classic","Ody Mandrell",8,"Very likely","Good","Good","Ok","Good","Bad","Ok","For the speed and the thrill","","","A day out with friends and family","Boonta Eve tradition","","","Not a sponsor","Very unlikeable","Don't know this brand","Likeable","",""
"R00777","email",16,"Non-binary","Upper secondary","United States","North America","Employed full-time","Public administration","Vinta Harvest Classic","Sebulba",8,"Likely","Very good","Ok","Good","Good","Good","Good","For the speed and the thrill","","","","Boonta Eve tradition","Not a sponsor","Unlikeable","Not a sponsor","Likeable","Sponsor","Very likeable","","Dogs in the parking area were not controlled by owners."
"R00778","email",49,"Female","Upper secondary","Mexico","North America","Student","Education","Boonta Eve Classic","Gasgano",9,"Very likely","Good","Ok","Bad","Good","Ok","Ok","For the speed and the thrill","","","A day out with friends and family","","Sponsor","Likeable","Don't know this brand","Unlikeable","Not a sponsor","Likeable","",""
"R00779","email",24,"Female","Short-cycle tertiary","United States","North America","Student","Education","Boonta Eve Classic","Sebulba",7,"Not sure","Good","Very bad","Good","Very bad","Bad","Bad","For the speed and the thrill","","For the betting and the wupiupi","","","","","Don't know this brand","Likeable","Sponsor","","",""
"R00780","panel",47,"Male","Bachelor or equivalent","Mexico","North America","Employed full-time","Wholesale and retail trade","Andobi Mountain Run","Sebulba",8,"Not sure","Good","Bad","Ok","Ok","Bad","Bad","","To support a favourite driver","","A day out with friends and family","Boonta Eve tradition","Not a sponsor","Likeable","Not a sponsor","Very likeable","Sponsor","Very likeable","","The Mos Espa Circuit is a proper racing track, fast and exciting."
"R00781","panel",16,"Male","Short-cycle tertiary","Mexico","North America","Student","Other services","Phoebos Memorial Run","Ody Mandrell",6,"Not sure","Ok","Bad","Bad","Bad","Bad","Ok","","To support a favourite driver","","A day out with friends and family","","Sponsor","Unlikeable","Not a sponsor","Very likeable","Don't know this brand","Unlikeable","Concession workers were rude and dismissive toward all customers.","The grandstand view of the canyon dunes portion was fantastic, which almost compensated for the cramped seating."
"R00782","email",28,"Male","Lower secondary","Germany","Europe","Employed full-time","Information and communication","Vinta Harvest Classic","Anakin Skywalker",10,"Very likely","Very good","Ok","Good","Good","Very good","Bad","For the speed and the thrill","","","","","Sponsor","Very likeable","Not a sponsor","Very unlikeable","Sponsor","Likeable","","The track record board kept us engaged between races."
"R00783","email",35,"Female","Bachelor or equivalent","United Kingdom","Europe","Student","Public administration","Boonta Eve Classic","Ben Quadinaros",6,"Very unlikely","Ok","Bad","Good","Good","Very bad","Very bad","For the speed and the thrill","To support a favourite driver","","A day out with friends and family","","","Likeable","Sponsor","Unlikeable","Don't know this brand","Unlikeable","","Fode's jokes would've landed better if Beed hadn't groaned at every one."
"R00784","panel",20,"Female","Lower secondary","United States","North America","Employed full-time","Financial and insurance","Phoebos Memorial Run","Ratts Tyerell",6,"Very unlikely","Ok","Very bad","Ok","Ok","Bad","Ok","","","For the betting and the wupiupi","","","Sponsor","Very likeable","Sponsor","","Sponsor","Unlikeable","Ratts Tyerell's engine literally exploded on the starting line.",""
"R00785","in_app",26,"Female","Doctoral or equivalent","Canada","North America","Employed full-time","Education","Vinta Harvest Classic","",10,"Likely","Ok","Good","Bad","Very good","Good","Good","For the speed and the thrill","To support a favourite driver","","","","Don't know this brand","Likeable","Don't know this brand","Very likeable","Not a sponsor","Likeable","The race pace was consistently thrilling from start to finish.","Boles Roor is just taking up a spot that a real driver should have."
"R00786","socials",38,"Male","Upper secondary","Brazil","Latin America","Student","Information and communication","Boonta Eve Classic","Anakin Skywalker",7,"Likely","Good","Bad","Very bad","Ok","Ok","Good","For the speed and the thrill","To support a favourite driver","For the betting and the wupiupi","","Boonta Eve tradition","Don't know this brand","Likeable","Don't know this brand","Likeable","Sponsor","","","Gasgano's early pace didn't translate into a strong finish."
"R00787","email",39,"Male","Master or equivalent","Germany","Europe","Student","Information and communication","Phoebos Memorial Run","Ratts Tyerell",5,"Unlikely","Good","Bad","Ok","Ok","Ok","Ok","For the speed and the thrill","To support a favourite driver","","","Boonta Eve tradition","Not a sponsor","Likeable","Not a sponsor","Very unlikeable","Sponsor","Unlikeable","Crashes happened constantly and it felt unsafe in the stands.","Boles Roor's driving style was risk-averse, which meant avoiding disasters but also avoiding victories."
"R00788","panel",17,"Female","Lower secondary","United States","North America","Not in labour force","Other services","Boonta Eve Classic","Anakin Skywalker",9,"Not sure","Good","Ok","Ok","Ok","Good","Good","","","","","","Don't know this brand","Likeable","Not a sponsor","Unlikeable","Sponsor","Likeable","The telemetry broadcasts gave real insight into performance.","Ody Mandrell was the definition of adequate without any flourishes."
"R00789","email",20,"Female","Bachelor or equivalent","Brazil","Latin America","Student","Wholesale and retail trade","Andobi Mountain Run","Boles Roor",8,"Unlikely","Very good","Very bad","Bad","Good","Ok","Ok","For the speed and the thrill","","","","Boonta Eve tradition","Sponsor","","Don't know this brand","Likeable","Sponsor","Likeable","","Mawhonic crashed so many times the race felt dangerous."
"R00790","email",34,"Female","Bachelor or equivalent","United States","North America","Employed part-time","Other services","Andobi Mountain Run","Dud Bolt",10,"Likely","Very good","Good","Good","Very good","Ok","Very good","For the speed and the thrill","","For the betting and the wupiupi","","","Not a sponsor","Very likeable","Don't know this brand","Likeable","Sponsor","Likeable","",""
"R00791","panel",49,"Female","Lower secondary","United States","North America","Unemployed","Human health and social work","Mos Espa Circuit","Anakin Skywalker",7,"Very likely","Good","Ok","Bad","Ok","Ok","Bad","For the speed and the thrill","To support a favourite driver","For the betting and the wupiupi","","Boonta Eve tradition","Don't know this brand","Very likeable","Sponsor","Very likeable","Sponsor","Likeable","","Weather held perfect throughout, no rain or sandstorms to ruin it."
"R00792","socials",41,"Female","Bachelor or equivalent","Mexico","North America","Employed full-time","Financial and insurance","Boonta Eve Classic","Anakin Skywalker",7,"Likely","Good","Bad","Bad","Good","Good","Ok","For the speed and the thrill","To support a favourite driver","","","","Sponsor","Likeable","Not a sponsor","Very likeable","Sponsor","Very likeable","","Mos Espa Circuit needs major investment to be viable."
"R00793","panel",16,"Female","Lower secondary","United States","North America","Student","Arts and entertainment","Boonta Eve Classic","Anakin Skywalker",8,"Very likely","Very good","Ok","Ok","Very good","Ok","Very good","For the speed and the thrill","","","","Boonta Eve tradition","","Likeable","Not a sponsor","","Not a sponsor","Very unlikeable","",""
"R00794","socials",23,"Male","Bachelor or equivalent","United Kingdom","Europe","Student","Information and communication","Boonta Eve Classic","",7,"Likely","Very good","Good","Very good","Good","Bad","Good","For the speed and the thrill","","","A day out with friends and family","","Don't know this brand","","Sponsor","Unlikeable","Don't know this brand","Likeable","",""
"R00795","email",16,"Female","Upper secondary","Canada","North America","Employed full-time","Financial and insurance","Boonta Eve Classic","Sebulba",8,"Likely","Good","Ok","Bad","Good","Good","Bad","For the speed and the thrill","To support a favourite driver","","A day out with friends and family","Boonta Eve tradition","Sponsor","","Don't know this brand","Very likeable","Not a sponsor","Unlikeable","","Commentator chemistry was present, even when their jokes fell flat."
"R00796","panel",41,"Female","Short-cycle tertiary","United States","North America","Employed full-time","Information and communication","Phoebos Memorial Run","Sebulba",7,"Not sure","Ok","Ok","Ok","Ok","Ok","Ok","For the speed and the thrill","","","","Boonta Eve tradition","","Likeable","Sponsor","Likeable","Don't know this brand","Very likeable","",""
"R00797","panel",22,"Male","Bachelor or equivalent","Canada","North America","Not in labour force","Information and communication","Vinta Harvest Classic","Sebulba",4,"Very unlikely","Bad","Very bad","Very bad","Good","Very bad","Bad","For the speed and the thrill","","","A day out with friends and family","Boonta Eve tradition","Not a sponsor","","Don't know this brand","","Don't know this brand","Unlikeable","",""
"R00798","panel",32,"Female","Upper secondary","United States","North America","Student","Education","Andobi Mountain Run","Ody Mandrell",5,"Very unlikely","Very bad","Bad","Bad","Bad","Very bad","Bad","For the speed and the thrill","To support a favourite driver","","A day out with friends and family","","Sponsor","Very likeable","Don't know this brand","Very likeable","","Likeable","Bathroom cleanliness was absolutely disgusting the entire day.",""
"R00799","in_app",39,"Female","Lower secondary","United States","North America","Not in labour force","","Phoebos Memorial Run","Ratts Tyerell",7,"Likely","Ok","Good","Ok","Good","Ok","Good","For the speed and the thrill","To support a favourite driver","For the betting and the wupiupi","","","Not a sponsor","","Sponsor","Likeable","Don't know this brand","Likeable","",""
"R00800","email",30,"Male","Lower secondary","United States","North America","Employed full-time","Education","Boonta Eve Classic","Boles Roor",8,"Unlikely","Bad","Very bad","Good","Very good","Ok","Very bad","For the speed and the thrill","","","","Boonta Eve tradition","","Very likeable","Not a sponsor","Very likeable","Sponsor","Likeable","",""
"R00801","email",22,"Male","Lower secondary","France","Europe","Employed part-time","Other services","Mos Espa Circuit","Ratts Tyerell",10,"Likely","Good","Bad","Good","Good","Very good","Good","For the speed and the thrill","To support a favourite driver","","","","Not a sponsor","Unlikeable","Not a sponsor","Likeable","Don't know this brand","Unlikeable","",""
"R00802","panel",33,"Male","Primary or less","France","Europe","Employed full-time","Human health and social work","Phoebos Memorial Run","Anakin Skywalker",8,"Very likely","Good","Good","Ok","Very good","Good","Very good","For the speed and the thrill","To support a favourite driver","","A day out with friends and family","Boonta Eve tradition","Don't know this brand","Likeable","Sponsor","Likeable","Sponsor","Likeable","",""
"R00803","in_app",16,"Male","Bachelor or equivalent","United States","North America","Employed full-time","Arts and entertainment","Mos Espa Circuit","Ben Quadinaros",8,"Likely","Good","Ok","Ok","Very good","Good","Bad","For the speed and the thrill","To support a favourite driver","For the betting and the wupiupi","","","","","Don't know this brand","Very likeable","Don't know this brand","Very unlikeable","",""
"R00804","email",60,"Female","Primary or less","France","Europe","Employed part-time","Manufacturing","Vinta Harvest Classic","Sebulba",7,"Unlikely","Good","Bad","Ok","Ok","Ok","Very good","For the speed and the thrill","To support a favourite driver","For the betting and the wupiupi","","","Sponsor","Likeable","Don't know this brand","","Not a sponsor","Likeable","",""
"R00805","socials",16,"Male","Upper secondary","Germany","Europe","","Manufacturing","Vinta Harvest Classic","Anakin Skywalker",6,"Not sure","Very bad","Very bad","Very bad","Bad","Very bad","Very bad","For the speed and the thrill","","","A day out with friends and family","","Not a sponsor","Very likeable","Sponsor","Very likeable","Sponsor","Likeable","",""
"R00806","email",58,"Female","Upper secondary","United States","North America","Student","Other services","Boonta Eve Classic","Anakin Skywalker",8,"Not sure","Good","Bad","Bad","Good","Bad","Bad","","To support a favourite driver","","","","Sponsor","","Not a sponsor","Likeable","Not a sponsor","","",""
"R00807","in_app",39,"Male","Primary or less","United Kingdom","Europe","Employed part-time","Arts and entertainment","Andobi Mountain Run","Sebulba",9,"Unlikely","Good","Good","Ok","Ok","Ok","Good","For the speed and the thrill","","For the betting and the wupiupi","A day out with friends and family","","Sponsor","Very likeable","Sponsor","","Not a sponsor","","The food stalls had amazing options, worth every credit spent.",""
"R00808","in_app",25,"Male","Upper secondary","United States","North America","Student","Financial and insurance","Vinta Harvest Classic","Anakin Skywalker",10,"Likely","Good","Good","Good","Very good","Good","Ok","For the speed and the thrill","","","A day out with friends and family","Boonta Eve tradition","Sponsor","","Don't know this brand","Likeable","Sponsor","","Sebulba kept the whole thing competitive till the end.",""
"R00809","panel",35,"Female","Master or equivalent","United Kingdom","Europe","Not in labour force","Other services","Boonta Eve Classic","Sebulba",10,"Very likely","Very good","Good","Very good","Very good","Good","Good","For the speed and the thrill","To support a favourite driver","For the betting and the wupiupi","A day out with friends and family","Boonta Eve tradition","Don't know this brand","Likeable","Sponsor","Unlikeable","Don't know this brand","Very likeable","","Phoebos Memorial Run is run by actually competent people."
"R00810","panel",31,"","Bachelor or equivalent","United States","North America","Employed part-time","Financial and insurance","Boonta Eve Classic","Anakin Skywalker",7,"Likely","Very good","Bad","Good","Very good","Bad","Very good","For the speed and the thrill","To support a favourite driver","","","","Sponsor","Likeable","Don't know this brand","Unlikeable","Sponsor","Very likeable","",""
"R00811","socials",59,"Female","Bachelor or equivalent","France","Europe","Employed full-time","Information and communication","Vinta Harvest Classic","Boles Roor",8,"Unlikely","Bad","Very bad","Bad","Good","Bad","Very bad","For the speed and the thrill","To support a favourite driver","For the betting and the wupiupi","A day out with friends and family","","Not a sponsor","","Sponsor","Very likeable","Sponsor","Very likeable","",""
"R00812","email",58,"Male","Master or equivalent","Germany","Europe","Employed full-time","Public administration","Boonta Eve Classic","Mawhonic",10,"Very likely","Very good","Good","Ok","Very good","Very good","Good","For the speed and the thrill","","","","Boonta Eve tradition","Sponsor","Unlikeable","Don't know this brand","Very likeable","Not a sponsor","Likeable","","Teemto Pagalies outperformed expectations in the main race."
"R00813","email",41,"Female","Bachelor or equivalent","United States","North America","Employed full-time","Information and communication","Vinta Harvest Classic","Gasgano",10,"Likely","Good","Ok","Good","Very good","Good","Good","For the speed and the thrill","","","A day out with friends and family","","Don't know this brand","Unlikeable","Not a sponsor","Unlikeable","Don't know this brand","Very unlikeable","",""
"R00814","panel",29,"Female","Bachelor or equivalent","Australia","Oceania","Employed full-time","Arts and entertainment","Mos Espa Circuit","Ben Quadinaros",8,"Likely","Good","Ok","Bad","Ok","Bad","Bad","","To support a favourite driver","For the betting and the wupiupi","","","Sponsor","","Not a sponsor","Very likeable","Sponsor","Very likeable","",""
"R00815","email",34,"Male","Bachelor or equivalent","United Kingdom","Europe","Employed full-time","Financial and insurance","Boonta Eve Classic","Dud Bolt",3,"Unlikely","Bad","Ok","Very bad","Bad","Very bad","Very bad","For the speed and the thrill","To support a favourite driver","For the betting and the wupiupi","","","Not a sponsor","","","","Sponsor","Very unlikeable","Beed's volume control is nonexistent during races.","Boles Roor's brake temperatures were managed brilliantly."
"R00816","panel",23,"Male","Bachelor or equivalent","United States","North America","Unemployed","Public administration","Boonta Eve Classic","Sebulba",7,"Unlikely","Ok","Ok","Bad","Good","Very bad","Very bad","For the speed and the thrill","","","","","Don't know this brand","","Sponsor","","Don't know this brand","Very unlikeable","",""
"R00817","panel",21,"Female","Upper secondary","Sweden","Europe","Employed full-time","Public administration","Boonta Eve Classic","",7,"Very unlikely","Good","Ok","Ok","Ok","Very bad","Ok","For the speed and the thrill","","","A day out with friends and family","","Don't know this brand","Very likeable","Sponsor","Unlikeable","Not a sponsor","Likeable","",""
"R00818","in_app",28,"Male","Upper secondary","Japan","Asia","Employed full-time","Education","Boonta Eve Classic","Anakin Skywalker",10,"Likely","Good","Good","Good","Good","Very good","Ok","For the speed and the thrill","","For the betting and the wupiupi","A day out with friends and family","","Not a sponsor","Unlikeable","Not a sponsor","Likeable","Sponsor","Very likeable","The event photos for sale captured the action beautifully.",""
"R00819","email",50,"Male","Bachelor or equivalent","United States","North America","Student","Manufacturing","Mos Espa Circuit","Ratts Tyerell",7,"Not sure","Ok","Very bad","Good","Bad","Very bad","Bad","For the speed and the thrill","To support a favourite driver","","A day out with friends and family","","Don't know this brand","","Sponsor","","","","",""
"R00820","panel",26,"Female","","Australia","Oceania","Employed full-time","Human health and social work","Phoebos Memorial Run","Mawhonic",10,"Very likely","Very good","Very good","Good","Very good","Very good","Very good","","","For the betting and the wupiupi","A day out with friends and family","","Not a sponsor","Unlikeable","Sponsor","Very unlikeable","Sponsor","","The accessibility for disabled spectators was genuinely impressive.","Fode and Beed bounced off each other so well in the commentary."
"R00821","email",35,"Female","Lower secondary","United States","North America","Employed full-time","Wholesale and retail trade","Mos Espa Circuit","Dud Bolt",3,"Unlikely","Ok","Very bad","Very bad","Bad","Very bad","Very bad","For the speed and the thrill","","","","Boonta Eve tradition","Don't know this brand","Likeable","Sponsor","","Not a sponsor","Unlikeable","","The shade availability was better than anticipated."
"R00822","in_app",48,"Male","Primary or less","Mexico","North America","Employed full-time","Wholesale and retail trade","Mos Espa Circuit","Sebulba",9,"Unlikely","Bad","Bad","Bad","Bad","Bad","Good","For the speed and the thrill","","","","","Don't know this brand","Likeable","Don't know this brand","Likeable","Not a sponsor","Unlikeable","Boles Roor's fuel calculations were spot on.","Mos Espa Circuit truly lives up to its reputation."
"R00823","panel",37,"Male","Doctoral or equivalent","Germany","Europe","Student","Manufacturing","Boonta Eve Classic","Gasgano",8,"Very likely","Ok","Good","Ok","Ok","Bad","Bad","For the speed and the thrill","","","A day out with friends and family","","Not a sponsor","Likeable","Not a sponsor","Unlikeable","Don't know this brand","","",""
"R00824","email",38,"Female","Upper secondary","Germany","Europe","Employed full-time","Arts and entertainment","Boonta Eve Classic","Boles Roor",7,"Very likely","Bad","Very bad","Ok","Very bad","Bad","Ok","","","","A day out with friends and family","Boonta Eve tradition","Don't know this brand","Very likeable","Don't know this brand","Unlikeable","Not a sponsor","Likeable","",""
"R00825","socials",24,"Male","Bachelor or equivalent","Mexico","North America","Employed full-time","Education","Vinta Harvest Classic","Teemto Pagalies",9,"Very likely","Good","Very bad","Bad","Ok","Bad","Bad","For the speed and the thrill","To support a favourite driver","","","Boonta Eve tradition","Sponsor","Very likeable","Not a sponsor","","Don't know this brand","Very likeable","Ben Quadinaros' comeback drive kept us all guessing the outcome.","Ody Mandrell kept his pod intact, which was the most I could say for his run."
"R00826","socials",33,"Female","Upper secondary","France","Europe","Employed full-time","Information and communication","Boonta Eve Classic","Anakin Skywalker",10,"Very likely","Good","Ok","Ok","Bad","Good","Very good","","","For the betting and the wupiupi","","","Sponsor","","Sponsor","Very likeable","Sponsor","","",""
"R00827","email",20,"Male","Bachelor or equivalent","United States","North America","Not in labour force","Education","Phoebos Memorial Run","Anakin Skywalker",5,"Unlikely","Bad","Bad","Ok","Ok","Bad","Ok","For the speed and the thrill","","","","","Not a sponsor","Likeable","Sponsor","Very likeable","Not a sponsor","Unlikeable","","Competitors should consider racing at better venues."
"R00828","panel",23,"Male","Upper secondary","United States","North America","Student","Education","Phoebos Memorial Run","Gasgano",5,"Very unlikely","Very bad","Bad","Very bad","Bad","Very bad","Bad","For the speed and the thrill","To support a favourite driver","","","Boonta Eve tradition","Sponsor","Very likeable","Not a sponsor","Likeable","Sponsor","","Malastare drivers completely dominated the field unfairly.","Mawhonic crashed out early, which was unfortunate for spectators hoping for a full field."
"R00829","panel",18,"Male","Short-cycle tertiary","United Kingdom","Europe","","Information and communication","Andobi Mountain Run","Anakin Skywalker",9,"Not sure","Good","Very bad","Ok","Ok","Very good","Ok","For the speed and the thrill","To support a favourite driver","For the betting and the wupiupi","A day out with friends and family","","Don't know this brand","Likeable","Sponsor","Unlikeable","Don't know this brand","Very unlikeable","Beed's historical racing references added depth to commentary.",""
"R00830","socials",27,"Female","Bachelor or equivalent","United States","North America","Student","Wholesale and retail trade","Boonta Eve Classic","Anakin Skywalker",7,"Likely","Bad","Ok","Very good","Ok","Very bad","Very good","For the speed and the thrill","To support a favourite driver","","A day out with friends and family","Boonta Eve tradition","Sponsor","","Sponsor","","Don't know this brand","Very likeable","",""
"R00831","panel",36,"Female","Bachelor or equivalent","France","Europe","Unemployed","Human health and social work","Boonta Eve Classic","Sebulba",7,"Not sure","Ok","Good","Good","Bad","Good","Ok","For the speed and the thrill","","","","","Not a sponsor","Likeable","Don't know this brand","Likeable","Don't know this brand","Likeable","",""
"R00832","in_app",31,"Female","Upper secondary","United Kingdom","Europe","Not in labour force","Arts and entertainment","Boonta Eve Classic","Ben Quadinaros",7,"Likely","Very good","Ok","Good","Very good","Very good","Good","","","","","Boonta Eve tradition","Sponsor","","Don't know this brand","","Don't know this brand","","","The qualifying times got progressively faster all day."
"R00833","panel",20,"Male","Bachelor or equivalent","United Kingdom","Europe","Employed full-time","Arts and entertainment","Phoebos Memorial Run","Ben Quadinaros",8,"Not sure","Very good","Bad","Ok","Very good","Bad","Ok","For the speed and the thrill","To support a favourite driver","For the betting and the wupiupi","A day out with friends and family","","Not a sponsor","Very likeable","Sponsor","","Not a sponsor","Likeable","",""
"R00834","panel",20,"Female","Bachelor or equivalent","United Kingdom","Europe","Unemployed","Information and communication","Vinta Harvest Classic","Anakin Skywalker",8,"Likely","Good","Ok","Good","Ok","Very good","Good","","","","A day out with friends and family","Boonta Eve tradition","Don't know this brand","Likeable","Not a sponsor","Very likeable","Not a sponsor","Very likeable","",""
"R00835","panel",16,"Female","Bachelor or equivalent","Mexico","North America","Student","Information and communication","Vinta Harvest Classic","Mawhonic",3,"Very unlikely","Very bad","Very bad","Very bad","Very bad","Very bad","Bad","For the speed and the thrill","","","A day out with friends and family","Boonta Eve tradition","Sponsor","Likeable","Sponsor","Unlikeable","Sponsor","","",""
"R00836","socials",37,"Female","Upper secondary","Mexico","North America","Employed full-time","Wholesale and retail trade","Boonta Eve Classic","Sebulba",8,"Likely","Very good","Very bad","Ok","Ok","Very bad","Ok","","To support a favourite driver","","","Boonta Eve tradition","","Likeable","Not a sponsor","Very likeable","Not a sponsor","","","I'll be watching from home next year if at all."
"R00837","email",35,"Female","Master or equivalent","Mexico","North America","Employed full-time","Manufacturing","Boonta Eve Classic","Ody Mandrell",7,"Likely","Very good","Ok","Ok","Ok","Good","Good","","","","A day out with friends and family","Boonta Eve tradition","","Unlikeable","Not a sponsor","Unlikeable","Sponsor","Likeable","","Sight lines were completely blocked from many sections of grandstand."
"R00838","email",16,"Female","Bachelor or equivalent","France","Europe","Student","Manufacturing","Vinta Harvest Classic","Teemto Pagalies",7,"Not sure","Very good","Ok","Very bad","Ok","Bad","Ok","","To support a favourite driver","","","","Sponsor","Very likeable","","Very unlikeable","Don't know this brand","Likeable","","We've already recommended this to all our friends and family."
"R00839","in_app",16,"Male","Upper secondary","Brazil","Latin America","Employed full-time","Human health and social work","Boonta Eve Classic","Anakin Skywalker",9,"Likely","Good","Ok","Good","Very good","Ok","Ok","For the speed and the thrill","To support a favourite driver","For the betting and the wupiupi","A day out with friends and family","Boonta Eve tradition","Don't know this brand","","Not a sponsor","Likeable","Don't know this brand","Very unlikeable","Ben Quadinaros' concentration under pressure is admirable.",""
"R00840","in_app",31,"Male","Master or equivalent","Germany","Europe","Employed full-time","Information and communication","Boonta Eve Classic","Anakin Skywalker",7,"Likely","Ok","Ok","Bad","Good","Very bad","Very bad","For the speed and the thrill","","","","","Sponsor","","Sponsor","Very likeable","Sponsor","Very likeable","",""
"R00841","email",26,"Female","Upper secondary","Brazil","Latin America","Employed full-time","Education","Vinta Harvest Classic","Anakin Skywalker",8,"Very likely","Very good","Ok","Ok","Ok","Good","Good","For the speed and the thrill","To support a favourite driver","","A day out with friends and family","","","Likeable","Sponsor","Very likeable","","Unlikeable","",""
"R00842","panel",18,"Male","Upper secondary","United States","North America","","Information and communication","Boonta Eve Classic","Sebulba",7,"Unlikely","Ok","Very bad","Very bad","Ok","Good","Ok","For the speed and the thrill","","","","Boonta Eve tradition","Not a sponsor","Very likeable","Not a sponsor","Likeable","Don't know this brand","Likeable","",""
"R00843","socials",44,"Male","Master or equivalent","Germany","Europe","Student","Information and communication","Phoebos Memorial Run","Anakin Skywalker",8,"Likely","Bad","Ok","Ok","Good","Ok","Bad","","","","","Boonta Eve tradition","Sponsor","Likeable","Don't know this brand","Likeable","Sponsor","Likeable","","Anakin proved his victory was entirely merit-based."
"R00844","email",31,"Male","Bachelor or equivalent","France","Europe","Unemployed","Arts and entertainment","Mos Espa Circuit","Teemto Pagalies",9,"Not sure","Ok","Very bad","Ok","Good","Ok","Ok","For the speed and the thrill","","","","","Not a sponsor","Very unlikeable","Not a sponsor","Unlikeable","Sponsor","Very likeable","Beed asked the best post-race questions I've heard.","Sebulba's win satisfied his backers even if it didn't inspire the crowd."
"R00845","panel",32,"Male","","United States","North America","Student","Arts and entertainment","Andobi Mountain Run","Sebulba",7,"Very likely","Very bad","Ok","Very bad","Good","Ok","Ok","For the speed and the thrill","To support a favourite driver","","A day out with friends and family","Boonta Eve tradition","Sponsor","Unlikeable","Sponsor","","Sponsor","Very unlikeable","","Ratts Tyerell's pod was vintage, and it performed about as well as you'd expect."
"R00846","panel",39,"Prefer not to answer","Upper secondary","Sweden","Europe","","Other services","Boonta Eve Classic","Gasgano",5,"Unlikely","Bad","Very bad","Bad","Good","Bad","Ok","For the speed and the thrill","To support a favourite driver","","A day out with friends and family","Boonta Eve tradition","Sponsor","Likeable","Not a sponsor","Likeable","Sponsor","Very likeable","The concession options were terrible and everything was stale.",""
"R00847","panel",37,"Male","Upper secondary","Germany","Europe","Not in labour force","Human health and social work","Andobi Mountain Run","Anakin Skywalker",7,"Unlikely","Good","Bad","Ok","Bad","Ok","Ok","For the speed and the thrill","","","A day out with friends and family","Boonta Eve tradition","Sponsor","Likeable","Don't know this brand","Very likeable","Sponsor","Likeable","",""
"R00848","socials",28,"Female","Upper secondary","United States","North America","Employed full-time","Manufacturing","Vinta Harvest Classic","Boles Roor",6,"Unlikely","Ok","Bad","Very bad","Ok","Very bad","Very bad","For the speed and the thrill","To support a favourite driver","For the betting and the wupiupi","A day out with friends and family","","Not a sponsor","","Sponsor","","Not a sponsor","Likeable","",""
"R00849","panel",18,"Male","Upper secondary","United States","North America","Employed full-time","Education","Mos Espa Circuit","Anakin Skywalker",10,"Likely","Very good","Bad","Ok","Ok","Good","Good","","","","A day out with friends and family","Boonta Eve tradition","Sponsor","Unlikeable","Not a sponsor","Likeable","Sponsor","","Boles Roor showed incredible car control in the drift sections.",""
"R00850","in_app",46,"Male","Upper secondary","Japan","Asia","Student","Public administration","Boonta Eve Classic","Ody Mandrell",9,"Very likely","Good","Ok","Ok","Very good","Very good","Ok","For the speed and the thrill","To support a favourite driver","","","Boonta Eve tradition","Don't know this brand","Likeable","","Very unlikeable","Not a sponsor","Likeable","Dud Bolt's pit crew changes were impressive in speed.","The race started 90 minutes late with zero communication about why."
"R00851","socials",16,"Female","Upper secondary","Germany","Europe","Not in labour force","Information and communication","Boonta Eve Classic","Sebulba",7,"Unlikely","Bad","Good","Bad","Good","Bad","Bad","","","","A day out with friends and family","","Sponsor","Very likeable","Sponsor","Likeable","Sponsor","Unlikeable","",""
"R00852","socials",49,"Male","Upper secondary","Brazil","Latin America","Employed full-time","Manufacturing","Boonta Eve Classic","Anakin Skywalker",8,"Likely","Very good","Ok","Ok","Good","Very bad","Ok","For the speed and the thrill","","","A day out with friends and family","Boonta Eve tradition","Not a sponsor","Very unlikeable","Sponsor","Very unlikeable","Sponsor","Likeable","",""
"R00853","panel",26,"Male","Short-cycle tertiary","United Kingdom","Europe","Unemployed","Human health and social work","Vinta Harvest Classic","Anakin Skywalker",7,"Not sure","Very good","Bad","Good","Ok","Bad","Ok","For the speed and the thrill","","For the betting and the wupiupi","","","Not a sponsor","Unlikeable","Not a sponsor","Likeable","Sponsor","Likeable","","Ratts Tyerell's consistency is a sign of a true professional."
"R00854","panel",57,"Male","Lower secondary","Canada","North America","Employed full-time","Information and communication","Mos Espa Circuit","Sebulba",6,"Likely","Bad","Bad","Ok","Very bad","Very bad","Ok","For the speed and the thrill","To support a favourite driver","","A day out with friends and family","","Not a sponsor","Likeable","Sponsor","Unlikeable","Not a sponsor","","Medical staff were standing around doing nothing most of the time.","Dud Bolt can barely control his pod let alone race competitively."
"R00855","socials",30,"Male","Short-cycle tertiary","United Kingdom","Europe","Student","Wholesale and retail trade","Vinta Harvest Classic","Sebulba",8,"Very likely","Good","Bad","Good","Ok","Good","Bad","","","","A day out with friends and family","","Sponsor","Unlikeable","Don't know this brand","Unlikeable","Don't know this brand","","",""
"R00856","in_app",25,"Female","Master or equivalent","United States","North America","Not in labour force","Information and communication","Vinta Harvest Classic","Sebulba",8,"Not sure","Ok","Bad","Very good","Good","Good","Bad","For the speed and the thrill","To support a favourite driver","For the betting and the wupiupi","","","Not a sponsor","Unlikeable","Not a sponsor","Likeable","Not a sponsor","Very likeable","","Ratts Tyerell's determination was admirable even if his engine simply wasn't competitive."
"R00857","email",32,"Male","Bachelor or equivalent","United States","North America","Employed part-time","Public administration","Phoebos Memorial Run","Anakin Skywalker",8,"Very likely","Good","Bad","Ok","Very good","Very good","Good","For the speed and the thrill","","For the betting and the wupiupi","A day out with friends and family","","Don't know this brand","Likeable","Don't know this brand","Likeable","Don't know this brand","Likeable","",""
"R00858","panel",48,"Male","Master or equivalent","France","Europe","Employed part-time","Wholesale and retail trade","Boonta Eve Classic","Teemto Pagalies",7,"Likely","Good","Ok","Ok","Good","Good","Ok","For the speed and the thrill","To support a favourite driver","","A day out with friends and family","","Sponsor","Unlikeable","Sponsor","","Not a sponsor","Unlikeable","","The atmosphere during the national anthem was genuinely moving."
"R00859","email",16,"Male","Bachelor or equivalent","United Kingdom","Europe","Employed full-time","Arts and entertainment","Boonta Eve Classic","Sebulba",10,"Very likely","Good","Good","Good","Good","Good","Good","For the speed and the thrill","To support a favourite driver","","A day out with friends and family","Boonta Eve tradition","Not a sponsor","Likeable","Don't know this brand","Very likeable","Not a sponsor","","","The evening light as the sun set made for incredible viewing."
"R00860","email",28,"Female","Bachelor or equivalent","Canada","North America","Unemployed","Wholesale and retail trade","Boonta Eve Classic","Anakin Skywalker",6,"Very unlikely","Very good","Ok","Ok","Bad","Very bad","Bad","","To support a favourite driver","","A day out with friends and family","","Sponsor","Likeable","Sponsor","Likeable","Don't know this brand","Unlikeable","The venue capacity was clearly exceeded multiple times during the day.",""
"R00861","panel",36,"Female","Upper secondary","United States","North America","Employed full-time","Other services","Phoebos Memorial Run","Anakin Skywalker",9,"Very likely","Ok","Very good","Good","Ok","Bad","Ok","For the speed and the thrill","To support a favourite driver","For the betting and the wupiupi","A day out with friends and family","","","Very unlikeable","Not a sponsor","Likeable","Don't know this brand","","",""
"R00862","in_app",34,"Female","Short-cycle tertiary","Germany","Europe","Employed full-time","Financial and insurance","Phoebos Memorial Run","Dud Bolt",7,"Likely","Very good","Bad","Good","Good","Bad","Ok","For the speed and the thrill","To support a favourite driver","","","","Don't know this brand","Likeable","","Likeable","Not a sponsor","Likeable","","Ben Quadinaros showed that heart beats pressure every time."
"R00863","panel",33,"Male","Primary or less","United Kingdom","Europe","Employed full-time","Human health and social work","Boonta Eve Classic","Teemto Pagalies",8,"Very likely","Good","Very bad","Good","Very good","Ok","Bad","For the speed and the thrill","","For the betting and the wupiupi","A day out with friends and family","Boonta Eve tradition","Not a sponsor","Unlikeable","Sponsor","Unlikeable","Sponsor","","","Mawhonic's engineering team clearly knows what they're doing."
"R00864","email",28,"Male","Lower secondary","France","Europe","Employed part-time","Public administration","Phoebos Memorial Run","Ratts Tyerell",6,"Very likely","Good","Ok","Ok","Good","Bad","Ok","","","","A day out with friends and family","","Not a sponsor","Very unlikeable","Sponsor","Very likeable","Don't know this brand","","They charge for parking AND admission, which feels like a scam.","Dud Bolt proved small vehicles can compete fairly."
"R00865","email",18,"","Bachelor or equivalent","Brazil","Latin America","Employed full-time","Manufacturing","Andobi Mountain Run","Ratts Tyerell",10,"Not sure","Good","Ok","Ok","Good","Good","Ok","For the speed and the thrill","To support a favourite driver","For the betting and the wupiupi","A day out with friends and family","","Don't know this brand","Likeable","Not a sponsor","Likeable","Don't know this brand","Likeable","",""
"R00866","panel",66,"Male","Short-cycle tertiary","Canada","North America","Employed full-time","Human health and social work","Vinta Harvest Classic","Ody Mandrell",8,"Unlikely","Good","Ok","Bad","Ok","Good","Ok","For the speed and the thrill","","","","Boonta Eve tradition","Sponsor","Likeable","Not a sponsor","Unlikeable","Not a sponsor","Very likeable","","Traffic getting out was so bad I didn't get home until midnight."
"R00867","email",16,"Female","Upper secondary","Mexico","North America","Employed full-time","Other services","Vinta Harvest Classic","Anakin Skywalker",10,"Very likely","Very good","Ok","Ok","Ok","Ok","Good","","To support a favourite driver","For the betting and the wupiupi","A day out with friends and family","","Don't know this brand","","Not a sponsor","Very likeable","Don't know this brand","Likeable","","The qualifying sessions were as exciting as the main races."
"R00868","socials",44,"Female","Upper secondary","Germany","Europe","Employed full-time","Wholesale and retail trade","Phoebos Memorial Run","Anakin Skywalker",9,"Very likely","Very good","Bad","Bad","Good","Good","Ok","","To support a favourite driver","","","Boonta Eve tradition","Don't know this brand","Very likeable","Not a sponsor","Very unlikeable","Sponsor","Very likeable","",""
"R00869","panel",19,"Male","Bachelor or equivalent","France","Europe","Employed full-time","Human health and social work","Boonta Eve Classic","Anakin Skywalker",6,"Unlikely","Good","Bad","Bad","Very good","Bad","Bad","For the speed and the thrill","","For the betting and the wupiupi","","","Don't know this brand","Likeable","Don't know this brand","Likeable","Sponsor","Very likeable","Parking fees are a complete ripoff with no included spaces.",""
"R00870","panel",16,"Male","Short-cycle tertiary","Japan","Asia","Student","Human health and social work","Vinta Harvest Classic","Anakin Skywalker",8,"Very likely","Very good","Ok","Good","Very good","Ok","Good","For the speed and the thrill","To support a favourite driver","","A day out with friends and family","","Not a sponsor","Unlikeable","","Very likeable","Sponsor","Likeable","","Anakin Skywalker's risks didn't always pay off, yet spectators appreciated the aggression."
"R00871","socials",34,"Female","Short-cycle tertiary","Brazil","Latin America","Unemployed","Manufacturing","Vinta Harvest Classic","Ratts Tyerell",8,"Not sure","Ok","Very good","Good","Very good","Bad","Bad","For the speed and the thrill","To support a favourite driver","","A day out with friends and family","","Not a sponsor","Very likeable","Sponsor","Likeable","Sponsor","Likeable","",""
"R00872","email",57,"Male","Bachelor or equivalent","Brazil","Latin America","Student","Financial and insurance","Andobi Mountain Run","Ody Mandrell",6,"Not sure","Good","Ok","Bad","Good","Bad","Very bad","For the speed and the thrill","To support a favourite driver","","","","Sponsor","Likeable","Sponsor","Very likeable","Don't know this brand","Likeable","I've never felt more unsafe in a crowd at any event.",""
"R00873","panel",40,"Female","Primary or less","Germany","Europe","Employed full-time","Other services","Boonta Eve Classic","Ody Mandrell",8,"Very likely","Good","Ok","Good","Bad","Ok","Bad","","To support a favourite driver","For the betting and the wupiupi","A day out with friends and family","","Not a sponsor","Very likeable","Sponsor","Very likeable","Not a sponsor","Very unlikeable","","Debris removal after crashes was slow and inefficient."
"R00874","in_app",16,"Male","Bachelor or equivalent","United Kingdom","Europe","Employed part-time","Information and communication","Phoebos Memorial Run","Teemto Pagalies",7,"Very likely","Ok","Ok","Good","Good","Very bad","Very good","For the speed and the thrill","","For the betting and the wupiupi","A day out with friends and family","","Not a sponsor","","Don't know this brand","Likeable","Don't know this brand","Very likeable","","The restroom facilities were abundant and well-maintained."
"R00875","panel",24,"Female","Master or equivalent","France","Europe","Unemployed","Public administration","Vinta Harvest Classic","Sebulba",8,"Likely","Ok","Very bad","Ok","Good","Very bad","Bad","For the speed and the thrill","To support a favourite driver","","","","Don't know this brand","Unlikeable","Sponsor","Unlikeable","Sponsor","Unlikeable","",""
"R00876","in_app",23,"Female","Master or equivalent","United States","North America","Employed full-time","Wholesale and retail trade","Boonta Eve Classic","Ody Mandrell",6,"Very unlikely","Ok","Bad","Bad","Ok","Very bad","Very bad","","","","A day out with friends and family","","Not a sponsor","Very likeable","Sponsor","","Sponsor","","","Sebulba pushed hard all race, showed true racing spirit."
"R00877","email",18,"Female","Upper secondary","Australia","Oceania","Employed full-time","Arts and entertainment","Boonta Eve Classic","Dud Bolt",8,"Unlikely","Ok","Ok","Ok","Good","Bad","Ok","","","","A day out with friends and family","Boonta Eve tradition","Not a sponsor","","Sponsor","","Don't know this brand","Very likeable","","I cannot recommend this event to anyone in good conscience."
"R00878","email",44,"Female","Upper secondary","Brazil","Latin America","","Manufacturing","Phoebos Memorial Run","Ratts Tyerell",10,"Very likely","Very good","Good","Ok","Bad","Ok","Good","","","","","","Not a sponsor","Likeable","Don't know this brand","","Not a sponsor","Very likeable","Boles Roor's multi-lap consistency is the mark of true professionalism.",""
"R00879","panel",62,"Female","Bachelor or equivalent","United States","North America","Employed full-time","Financial and insurance","Boonta Eve Classic","Anakin Skywalker",10,"Likely","Very good","Bad","Ok","Good","Good","Good","For the speed and the thrill","","","A day out with friends and family","","Sponsor","","Not a sponsor","Very likeable","Sponsor","","",""
"R00880","panel",16,"Male","Doctoral or equivalent","United States","North America","Employed full-time","Education","Mos Espa Circuit","Anakin Skywalker",7,"Unlikely","Bad","Ok","Ok","Bad","Ok","Ok","For the speed and the thrill","To support a favourite driver","","","","Sponsor","Likeable","Not a sponsor","Likeable","","Likeable","","Anakin's racecraft development since his rookie season is remarkable."
"R00881","panel",42,"Female","Master or equivalent","France","Europe","Employed full-time","Education","Vinta Harvest Classic","Dud Bolt",5,"Not sure","Ok","Very bad","Bad","Ok","Very bad","Ok","For the speed and the thrill","","","","","Sponsor","Likeable","Sponsor","Likeable","Don't know this brand","Very likeable","The event went way over time causing transport issues.",""
"R00882","in_app",19,"Male","Master or equivalent","United States","North America","Employed full-time","Arts and entertainment","Vinta Harvest Classic","Ben Quadinaros",10,"Very likely","Very good","Very good","Good","Very good","Good","Very good","","To support a favourite driver","","","Boonta Eve tradition","Sponsor","Very unlikeable","","Likeable","Not a sponsor","Very unlikeable","Ratts Tyerell's fuel economy was incredibly impressive.",""
"R00883","panel",45,"Prefer not to answer","Master or equivalent","Canada","North America","Student","Financial and insurance","Phoebos Memorial Run","Anakin Skywalker",10,"Very likely","Very good","Good","Very good","Ok","Very good","Very good","For the speed and the thrill","","","A day out with friends and family","Boonta Eve tradition","Sponsor","Likeable","Not a sponsor","Likeable","Sponsor","Unlikeable","",""
"R00884","socials",35,"Female","Short-cycle tertiary","United States","North America","Employed full-time","Wholesale and retail trade","Vinta Harvest Classic","Ratts Tyerell",5,"Likely","Ok","Very bad","Ok","Ok","Ok","Bad","For the speed and the thrill","","","","","Sponsor","Likeable","Sponsor","Very likeable","Sponsor","Likeable","",""
"R00885","email",29,"Male","Lower secondary","France","Europe","Employed full-time","Arts and entertainment","Vinta Harvest Classic","Boles Roor",7,"Likely","Very bad","Bad","Bad","Bad","Bad","Bad","For the speed and the thrill","To support a favourite driver","","","","Not a sponsor","","Don't know this brand","Very likeable","Sponsor","Unlikeable","","Traffic management getting out was completely disorganized."
"R00886","panel",41,"Male","Upper secondary","United States","North America","Unemployed","","Mos Espa Circuit","Ben Quadinaros",10,"Very likely","Very good","Good","Very good","Very good","Very good","Good","","","","","Boonta Eve tradition","Not a sponsor","Likeable","Not a sponsor","Likeable","Sponsor","Likeable","","Fode was hilarious with the driver interviews, proper entertainer."
"R00887","panel",59,"Female","Bachelor or equivalent","United States","North America","Student","Other services","Boonta Eve Classic","Sebulba",8,"Likely","Ok","Ok","Good","Ok","Ok","Good","","","For the betting and the wupiupi","","Boonta Eve tradition","Not a sponsor","","Not a sponsor","Unlikeable","Not a sponsor","Unlikeable","",""
"R00888","socials",49,"Male","Bachelor or equivalent","Germany","Europe","Unemployed","Education","Boonta Eve Classic","Boles Roor",8,"Very likely","Bad","Ok","Ok","Ok","Good","Ok","For the speed and the thrill","","For the betting and the wupiupi","A day out with friends and family","","Not a sponsor","","Not a sponsor","Very likeable","","","",""
"R00889","panel",30,"Male","Upper secondary","Sweden","Europe","Employed part-time","","Boonta Eve Classic","Teemto Pagalies",9,"Likely","Good","Ok","Ok","Good","Very good","Good","For the speed and the thrill","","","","","Don't know this brand","Very unlikeable","Don't know this brand","","Not a sponsor","Very likeable","","Smoking areas were too close to seating sections."
"R00890","socials",41,"Male","Lower secondary","United States","North America","Employed full-time","Manufacturing","Vinta Harvest Classic","Dud Bolt",10,"Very likely","Very good","Very good","Very bad","Very good","Very good","Good","For the speed and the thrill","","","","","Don't know this brand","Unlikeable","Not a sponsor","","Sponsor","Very likeable","",""
"R00891","panel",19,"Male","Primary or less","United States","North America","Not in labour force","Manufacturing","Boonta Eve Classic","Boles Roor",6,"Likely","Ok","Bad","Good","Good","Ok","Bad","For the speed and the thrill","To support a favourite driver","For the betting and the wupiupi","","","Sponsor","Likeable","Not a sponsor","Very likeable","Not a sponsor","Unlikeable","The track surface was in terrible condition and everyone complained.","Mos Espa delivered everything a racing city should."
"R00892","socials",37,"Female","Upper secondary","United States","North America","Employed part-time","Arts and entertainment","Andobi Mountain Run","Teemto Pagalies",10,"Likely","Very good","Very bad","Good","Good","Very good","Good","For the speed and the thrill","","","","","Not a sponsor","Very unlikeable","Not a sponsor","","Don't know this brand","Likeable","","Boles Roor's tactical radio communications were enlightening."
"R00893","panel",44,"Male","Doctoral or equivalent","Germany","Europe","Employed full-time","Information and communication","Mos Espa Circuit","Sebulba",6,"Unlikely","Very good","Good","Good","Bad","Bad","Ok","For the speed and the thrill","To support a favourite driver","For the betting and the wupiupi","A day out with friends and family","","Not a sponsor","","Don't know this brand","","Not a sponsor","Unlikeable","The event treats spectators as interchangeable units.",""
"R00894","socials",38,"Female","Bachelor or equivalent","United States","North America","Employed full-time","Arts and entertainment","Andobi Mountain Run","Sebulba",8,"Likely","Good","Bad","Good","Good","Ok","Bad","For the speed and the thrill","To support a favourite driver","","A day out with friends and family","","Don't know this brand","Likeable","Sponsor","Unlikeable","Sponsor","Very unlikeable","","The energy at the Mos Espa grandstand is unlike anything else."
"R00895","panel",25,"Male","Bachelor or equivalent","Germany","Europe","Unemployed","","Boonta Eve Classic","Gasgano",6,"Not sure","Ok","Bad","Bad","Bad","Ok","Bad","For the speed and the thrill","","","","","Not a sponsor","Very unlikeable","Don't know this brand","Likeable","","Unlikeable","","Teemto Pagalies drove with workmanlike competence that won't make highlight reels."
"R00896","socials",31,"Male","Upper secondary","Brazil","Latin America","Employed part-time","Wholesale and retail trade","Mos Espa Circuit","Teemto Pagalies",6,"Likely","Very good","Bad","Very bad","Ok","Ok","Ok","For the speed and the thrill","","","","","Not a sponsor","Likeable","Sponsor","Likeable","Sponsor","Very likeable","",""
"R00897","in_app",25,"Male","Lower secondary","United Kingdom","Europe","Employed full-time","Human health and social work","Vinta Harvest Classic","Anakin Skywalker",10,"Very likely","Good","Good","Bad","Good","Very good","Good","For the speed and the thrill","","","","","Sponsor","Very unlikeable","Not a sponsor","Likeable","Not a sponsor","Likeable","Gasgano kept that lead through some seriously tricky corners.",""
"R00898","socials",37,"Male","Short-cycle tertiary","Germany","Europe","Student","Manufacturing","Andobi Mountain Run","Sebulba",9,"Not sure","Good","Bad","Good","Good","Good","Ok","For the speed and the thrill","","","A day out with friends and family","Boonta Eve tradition","Sponsor","","Not a sponsor","Likeable","","Likeable","Dud Bolt's determination to never give up is what racing should be.",""
"R00899","panel",28,"Female","Lower secondary","Canada","North America","Employed full-time","Arts and entertainment","Boonta Eve Classic","Sebulba",10,"Very likely","Good","Bad","Good","Very good","Good","Good","For the speed and the thrill","","For the betting and the wupiupi","","Boonta Eve tradition","Sponsor","Very likeable","","Likeable","Not a sponsor","","Sebulba's car setup looked incredible, you could see the engineering effort.",""
"R00900","socials",29,"Female","Master or equivalent","Brazil","Latin America","Employed full-time","Arts and entertainment","Boonta Eve Classic","Sebulba",10,"Very likely","Very good","Ok","Very good","Very good","Very good","Good","For the speed and the thrill","To support a favourite driver","","","Boonta Eve tradition","Sponsor","","Sponsor","Very unlikeable","Not a sponsor","","","Mos Espa Circuit's capacity is exceeded regularly by design."
"R00901","email",24,"Male","","Germany","Europe","Employed full-time","Arts and entertainment","Mos Espa Circuit","Mawhonic",9,"Very likely","Very good","Good","Very good","Ok","Good","Good","","","","","","Don't know this brand","Unlikeable","Don't know this brand","Unlikeable","Not a sponsor","Very likeable","",""
"R00902","panel",45,"Female","Upper secondary","United States","North America","Employed full-time","Information and communication","Vinta Harvest Classic","Boles Roor",8,"Not sure","Good","Ok","Ok","Ok","Very bad","Very bad","For the speed and the thrill","To support a favourite driver","","A day out with friends and family","","Sponsor","Likeable","Sponsor","Very likeable","Sponsor","","","The course layout is a perfect mix of high-speed and technical sections."
"R00903","panel",36,"Female","Bachelor or equivalent","United States","North America","Employed full-time","Manufacturing","Boonta Eve Classic","Mawhonic",7,"Likely","Good","Ok","Bad","Ok","Ok","Good","For the speed and the thrill","","For the betting and the wupiupi","A day out with friends and family","","Sponsor","Very unlikeable","Not a sponsor","Likeable","Sponsor","","",""
"R00904","email",21,"Male","Bachelor or equivalent","Mexico","North America","Employed full-time","Arts and entertainment","Boonta Eve Classic","Anakin Skywalker",9,"Not sure","Ok","Bad","Bad","Bad","Ok","Good","For the speed and the thrill","To support a favourite driver","","A day out with friends and family","","Not a sponsor","","Sponsor","Unlikeable","Don't know this brand","Likeable","",""
"R00905","email",35,"Female","Short-cycle tertiary","Japan","Asia","Employed full-time","Manufacturing","Mos Espa Circuit","Anakin Skywalker",10,"Very likely","Very good","Good","Good","Very good","Good","Ok","","","For the betting and the wupiupi","A day out with friends and family","Boonta Eve tradition","Don't know this brand","Very likeable","","","Sponsor","","The event ran perfectly on schedule with no delays.",""
"R00906","email",25,"Female","Bachelor or equivalent","Japan","Asia","Employed full-time","Other services","Boonta Eve Classic","Sebulba",5,"Very unlikely","Very bad","Very bad","Very bad","Ok","Very bad","Bad","For the speed and the thrill","","For the betting and the wupiupi","A day out with friends and family","","Not a sponsor","Unlikeable","Not a sponsor","","Sponsor","","The medic station wasn't clear where it was, that's a safety issue.",""
"R00907","panel",33,"Male","Lower secondary","United Kingdom","Europe","Student","Financial and insurance","Phoebos Memorial Run","Anakin Skywalker",6,"Likely","Good","Very bad","Ok","Good","Bad","Good","For the speed and the thrill","","For the betting and the wupiupi","A day out with friends and family","","Don't know this brand","Likeable","Don't know this brand","Likeable","Don't know this brand","Very likeable","Dud Bolt's mechanical failures happened multiple times today.","The whole event was absolutely fantastic, best day out we've had in years."
"R00908","email",54,"Female","Upper secondary","United States","North America","Student","Other services","Andobi Mountain Run","Anakin Skywalker",7,"Likely","Good","Bad","Good","Good","Ok","Bad","","","","","","Not a sponsor","Very likeable","Sponsor","Likeable","Don't know this brand","Very likeable","",""
"R00909","socials",20,"Male","Doctoral or equivalent","Brazil","Latin America","Employed full-time","Financial and insurance","Boonta Eve Classic","Gasgano",8,"Very likely","Very good","Ok","Good","Good","Ok","Ok","","","","A day out with friends and family","","Don't know this brand","","Not a sponsor","Likeable","Sponsor","Unlikeable","",""
"R00910","panel",35,"Female","Master or equivalent","Germany","Europe","Employed part-time","Public administration","Vinta Harvest Classic","",7,"Not sure","Bad","Bad","Ok","Very bad","Bad","Very bad","For the speed and the thrill","","For the betting and the wupiupi","","","Not a sponsor","Unlikeable","Not a sponsor","Unlikeable","Sponsor","","",""
"R00911","panel",16,"Male","Master or equivalent","United States","North America","Not in labour force","Education","Vinta Harvest Classic","Boles Roor",7,"Likely","Very good","Ok","Good","Good","Ok","Good","","To support a favourite driver","For the betting and the wupiupi","","","Sponsor","Likeable","Not a sponsor","Likeable","Sponsor","","","The starting procedures were professional and efficient."
"R00912","email",39,"Male","Bachelor or equivalent","France","Europe","Student","Information and communication","Boonta Eve Classic","Sebulba",8,"Very likely","Ok","Ok","Ok","Ok","Good","Good","For the speed and the thrill","To support a favourite driver","","A day out with friends and family","Boonta Eve tradition","Don't know this brand","Likeable","Sponsor","Likeable","Sponsor","Likeable","",""
"R00913","email",16,"Male","Bachelor or equivalent","United States","North America","Not in labour force","Information and communication","Phoebos Memorial Run","Teemto Pagalies",9,"Very likely","Very good","Ok","Very good","Good","Good","Very good","For the speed and the thrill","","For the betting and the wupiupi","","","Not a sponsor","Unlikeable","Sponsor","Unlikeable","Not a sponsor","Likeable","",""
"R00914","email",16,"Male","Lower secondary","Mexico","North America","Employed part-time","Wholesale and retail trade","Vinta Harvest Classic","Sebulba",8,"Likely","Good","Very good","Ok","Good","Ok","Good","For the speed and the thrill","","For the betting and the wupiupi","","Boonta Eve tradition","","","Sponsor","","Not a sponsor","Likeable","","Parking alone cost more than the ticket itself."
"R00915","email",39,"Female","Upper secondary","United States","North America","Employed full-time","Human health and social work","Vinta Harvest Classic","Anakin Skywalker",10,"Likely","Ok","Ok","Ok","Very good","Very good","Good","For the speed and the thrill","To support a favourite driver","","A day out with friends and family","Boonta Eve tradition","Sponsor","Likeable","Don't know this brand","Unlikeable","Not a sponsor","Very likeable","The sound of those pod engines is genuinely thrilling and distinctive.",""
"R00916","socials",23,"Male","Bachelor or equivalent","Japan","Asia","Student","Public administration","Andobi Mountain Run","Ody Mandrell",6,"Unlikely","Good","Bad","Ok","Very bad","Ok","Bad","","","","","Boonta Eve tradition","Not a sponsor","Likeable","Not a sponsor","Very likeable","Sponsor","Unlikeable","Boonta Eve Classic's reputation is no longer justified.","The Vinta Harvest Classic was serviceable racing, neither thrilling nor tedious."
"R00917","in_app",16,"Non-binary","Bachelor or equivalent","United States","North America","Employed full-time","Information and communication","Boonta Eve Classic","Ratts Tyerell",6,"Not sure","Ok","Bad","Ok","Ok","Good","Bad","","","","A day out with friends and family","Boonta Eve tradition","Don't know this brand","Very likeable","","Likeable","Not a sponsor","Unlikeable","Ben Quadinaros' tactics are aggressive to the point of danger.",""
"R00918","email",16,"Non-binary","Master or equivalent","Australia","Oceania","Not in labour force","Information and communication","Vinta Harvest Classic","Ody Mandrell",8,"Very likely","Ok","Ok","Very bad","Very good","Good","Good","","To support a favourite driver","","","","Not a sponsor","Unlikeable","Not a sponsor","Unlikeable","Sponsor","Likeable","",""
"R00919","email",45,"Male","Short-cycle tertiary","Brazil","Latin America","Employed part-time","Manufacturing","Boonta Eve Classic","Ben Quadinaros",9,"Very likely","Bad","Good","Good","Very good","Ok","Bad","For the speed and the thrill","To support a favourite driver","","A day out with friends and family","","Not a sponsor","","Not a sponsor","Very likeable","Not a sponsor","Very likeable","","The merchandise was overpriced junk nobody even wanted."
"R00920","panel",34,"Male","Upper secondary","United States","North America","Employed full-time","Education","Phoebos Memorial Run","Dud Bolt",6,"Not sure","Good","Very bad","Ok","Bad","Very good","Bad","","","For the betting and the wupiupi","","","Sponsor","Likeable","Sponsor","Unlikeable","Don't know this brand","Unlikeable","Sebulba's conduct was so aggressive it ruined the entire day.","I've seen better crowds at smaller venues, though the energy here wasn't entirely flat."
"R00921","socials",34,"Female","Short-cycle tertiary","United States","North America","Employed part-time","Arts and entertainment","Boonta Eve Classic","Sebulba",10,"Likely","Good","Good","Very good","Very good","Very good","Good","For the speed and the thrill","","","","","Not a sponsor","Likeable","Sponsor","Likeable","Sponsor","Likeable","The medicine station was visible and well-staffed, good safety culture.",""
"R00922","socials",43,"Male","Short-cycle tertiary","Brazil","Latin America","Student","Arts and entertainment","Mos Espa Circuit","Sebulba",8,"Not sure","Good","Bad","Very bad","Ok","Bad","Very bad","","To support a favourite driver","For the betting and the wupiupi","A day out with friends and family","Boonta Eve tradition","Sponsor","Likeable","","Very unlikeable","Don't know this brand","Likeable","",""
"R00923","socials",34,"Male","Upper secondary","United States","North America","Student","Human health and social work","Boonta Eve Classic","Anakin Skywalker",5,"Not sure","Bad","Very bad","Bad","Bad","Very bad","Very bad","For the speed and the thrill","To support a favourite driver","","","","Not a sponsor","Likeable","Sponsor","Unlikeable","Sponsor","Very likeable","",""
"R00924","socials",16,"Male","Bachelor or equivalent","United States","North America","Unemployed","Arts and entertainment","Vinta Harvest Classic","Ody Mandrell",5,"Not sure","Very good","Ok","Ok","Very good","Bad","Bad","For the speed and the thrill","","For the betting and the wupiupi","","","Not a sponsor","Likeable","Sponsor","","Sponsor","Very unlikeable","Sebulba's cheating methods are obvious to anyone paying attention.","Gasgano's tactics are more cheating than actual racing skills."
"R00925","panel",32,"Male","Bachelor or equivalent","Germany","Europe","Employed full-time","Arts and entertainment","Vinta Harvest Classic","Anakin Skywalker",10,"Not sure","Ok","Bad","Bad","Very good","Ok","Good","","","","","","Not a sponsor","Unlikeable","Not a sponsor","Unlikeable","Not a sponsor","Unlikeable","The first aid posts were visible throughout the venue.",""
"R00926","panel",16,"Male","Upper secondary","United States","North America","Employed part-time","Other services","Boonta Eve Classic","Ody Mandrell",8,"Very likely","Good","Bad","Good","Very good","Good","Very good","For the speed and the thrill","To support a favourite driver","","","","Sponsor","Likeable","Don't know this brand","Likeable","Don't know this brand","Very unlikeable","",""
"R00927","email",21,"Male","Upper secondary","United States","North America","Student","Arts and entertainment","Boonta Eve Classic","Teemto Pagalies",6,"Very unlikely","Bad","Bad","Bad","Good","Bad","Bad","For the speed and the thrill","","","A day out with friends and family","Boonta Eve tradition","Sponsor","Very unlikeable","Not a sponsor","","Don't know this brand","Likeable","",""
"R00928","email",16,"Female","Bachelor or equivalent","France","Europe","Employed full-time","Wholesale and retail trade","Andobi Mountain Run","Dud Bolt",8,"Likely","Good","Ok","Bad","Good","Bad","Ok","For the speed and the thrill","To support a favourite driver","","","","Sponsor","Likeable","Sponsor","Very likeable","Not a sponsor","Very likeable","",""
"R00929","email",36,"Male","Master or equivalent","United States","North America","Student","Human health and social work","Boonta Eve Classic","Dud Bolt",3,"Not sure","Ok","Very bad","Bad","Bad","Ok","Very bad","For the speed and the thrill","To support a favourite driver","","","","Not a sponsor","","Sponsor","Likeable","Sponsor","","The commentary team is the worst part of the entire broadcast.","Mawhonic is dangerous and shouldn't be allowed to race."
"R00930","in_app",59,"Female","Master or equivalent","Germany","Europe","Employed full-time","Information and communication","Andobi Mountain Run","Sebulba",10,"Not sure","Good","Bad","Bad","Ok","Very good","Good","For the speed and the thrill","","","","Boonta Eve tradition","Sponsor","Very unlikeable","Not a sponsor","Very likeable","Not a sponsor","Very likeable","",""
"R00931","in_app",38,"Female","Bachelor or equivalent","United Kingdom","Europe","Student","Other services","Boonta Eve Classic","Sebulba",10,"Likely","Very good","Very good","Ok","Ok","Ok","Very good","For the speed and the thrill","","","","","Don't know this brand","Unlikeable","Don't know this brand","","Sponsor","","","The wupiupi I spent on merchandise was worth it for a souvenir, I suppose."
"R00932","email",55,"Female","Short-cycle tertiary","Brazil","Latin America","Not in labour force","Other services","Andobi Mountain Run","Teemto Pagalies",8,"Not sure","Very good","Bad","Ok","Good","Ok","Very good","For the speed and the thrill","To support a favourite driver","","A day out with friends and family","Boonta Eve tradition","","Very unlikeable","Don't know this brand","Likeable","Not a sponsor","","","The noise level was dangerously loud throughout the entire event."
"R00933","email",29,"Female","Lower secondary","Australia","Oceania","Unemployed","","Phoebos Memorial Run","Anakin Skywalker",10,"Not sure","Ok","Ok","Ok","Ok","Ok","Good","For the speed and the thrill","","For the betting and the wupiupi","","","Not a sponsor","Likeable","Don't know this brand","Very likeable","Sponsor","Likeable","","Waste of time, money, and gas getting out to this place."
"R00934","panel",26,"Prefer not to answer","Short-cycle tertiary","Canada","North America","Student","Arts and entertainment","Vinta Harvest Classic","Anakin Skywalker",10,"Unlikely","Ok","Very bad","Ok","Ok","Ok","Bad","","To support a favourite driver","","A day out with friends and family","Boonta Eve tradition","Not a sponsor","Very likeable","Sponsor","Unlikeable","Not a sponsor","Unlikeable","","The timing system was clearly sophisticated and accurate."
"R00935","email",41,"Female","Master or equivalent","United Kingdom","Europe","Employed full-time","Human health and social work","Boonta Eve Classic","Ody Mandrell",7,"Not sure","Good","Good","Ok","Bad","Ok","Ok","For the speed and the thrill","To support a favourite driver","","","","Sponsor","","Sponsor","","Don't know this brand","Very unlikeable","","Malastare's drivers are clearly being trained brilliantly."
"R00936","panel",17,"Non-binary","Bachelor or equivalent","United States","North America","Employed part-time","Information and communication","Boonta Eve Classic","Sebulba",6,"Not sure","Ok","Bad","Very bad","Good","Ok","Very bad","For the speed and the thrill","To support a favourite driver","","","Boonta Eve tradition","Sponsor","","Don't know this brand","","Don't know this brand","Very unlikeable","Fode kept calling drivers by the wrong names, it was embarrassing.",""
"R00937","in_app",16,"Female","Lower secondary","United States","North America","Employed full-time","Arts and entertainment","Vinta Harvest Classic","",7,"Likely","Ok","Good","Ok","Bad","Good","Good","For the speed and the thrill","","For the betting and the wupiupi","","","Not a sponsor","Very unlikeable","Don't know this brand","Unlikeable","Sponsor","Unlikeable","","Beed's commentary was louder than the actual pods, terrible balance."
"R00938","socials",16,"Female","Lower secondary","United States","North America","Employed full-time","Arts and entertainment","Vinta Harvest Classic","Ody Mandrell",9,"Very likely","Good","Ok","Ok","Good","Ok","Good","","","","","","Sponsor","Likeable","Not a sponsor","Likeable","Don't know this brand","","Anakin's reaction to victory showed genuine passion.","The race course itself was better maintained than the viewing infrastructure."
"R00939","socials",16,"Male","Short-cycle tertiary","United States","North America","Employed part-time","Other services","Vinta Harvest Classic","Anakin Skywalker",6,"Unlikely","Bad","Very bad","Bad","Good","Bad","Bad","For the speed and the thrill","","For the betting and the wupiupi","","Boonta Eve tradition","Not a sponsor","Unlikeable","Not a sponsor","","Sponsor","","The canyon dunes track section needs immediate safety upgrades.",""
"R00940","email",27,"Male","Primary or less","Canada","North America","Employed full-time","Other services","Mos Espa Circuit","Ody Mandrell",4,"Very unlikely","Very bad","Bad","Very bad","Very bad","Very bad","Ok","For the speed and the thrill","To support a favourite driver","","","","Sponsor","","Not a sponsor","Unlikeable","Sponsor","","","The track design encourages overtaking, not defensive racing."
"R00941","email",33,"Male","Upper secondary","Brazil","Latin America","Not in labour force","Other services","Vinta Harvest Classic","Boles Roor",7,"Unlikely","Ok","Ok","Very bad","Ok","Bad","Very bad","For the speed and the thrill","To support a favourite driver","For the betting and the wupiupi","A day out with friends and family","","Don't know this brand","Very likeable","Don't know this brand","Likeable","Sponsor","Very likeable","","Ody Mandrell should not be racing at professional levels."
"R00942","socials",28,"Female","Upper secondary","United Kingdom","Europe","Unemployed","Financial and insurance","Phoebos Memorial Run","Ben Quadinaros",7,"Unlikely","Bad","Bad","Very bad","Ok","Bad","Very bad","For the speed and the thrill","","","A day out with friends and family","","Don't know this brand","Likeable","Don't know this brand","Likeable","Sponsor","Very likeable","","Exceeded expectations compared to other sporting events."
"R00943","socials",16,"Male","","United Kingdom","Europe","Student","Education","Boonta Eve Classic","Anakin Skywalker",10,"Very likely","Very good","Good","Ok","Very good","Good","Very good","For the speed and the thrill","To support a favourite driver","","","","Sponsor","Likeable","Sponsor","Very likeable","Sponsor","","Can't fault anything about the day really.",""
"R00944","email",18,"Female","Short-cycle tertiary","United States","North America","Employed full-time","Education","Vinta Harvest Classic","Ratts Tyerell",8,"Likely","Bad","Bad","Ok","Very good","Bad","Ok","For the speed and the thrill","","For the betting and the wupiupi","","","Sponsor","Likeable","Not a sponsor","Likeable","Not a sponsor","","","The experience was completely ruined by the crowd's behavior."
"R00945","in_app",23,"Female","Bachelor or equivalent","United States","North America","Student","Public administration","Andobi Mountain Run","Anakin Skywalker",7,"Very unlikely","Very bad","Ok","Bad","Bad","Ok","Bad","For the speed and the thrill","To support a favourite driver","For the betting and the wupiupi","","Boonta Eve tradition","Sponsor","Very unlikeable","Sponsor","","Sponsor","Likeable","",""
"R00946","panel",43,"Female","Master or equivalent","Germany","Europe","Not in labour force","Manufacturing","Vinta Harvest Classic","Teemto Pagalies",8,"Likely","Very good","Bad","Ok","Very good","Very bad","Good","For the speed and the thrill","","","","","Sponsor","Likeable","Sponsor","Unlikeable","Sponsor","Unlikeable","","The crowd energy fluctuated with the race action, which kept things somewhat engaging."
"R00947","socials",36,"Male","Doctoral or equivalent","United Kingdom","Europe","Employed full-time","Other services","Boonta Eve Classic","Anakin Skywalker",4,"Very unlikely","Bad","Very bad","Very bad","Bad","Very bad","Ok","","","","","","Not a sponsor","","Sponsor","","Sponsor","Likeable","The merchandise stand had the worst quality items imaginable.",""
"R00948","panel",22,"Male","Upper secondary","United States","North America","Employed full-time","Manufacturing","Boonta Eve Classic","Anakin Skywalker",6,"Not sure","Good","Bad","Ok","Ok","Bad","Good","For the speed and the thrill","","For the betting and the wupiupi","A day out with friends and family","","Sponsor","","Don't know this brand","Unlikeable","Sponsor","Very likeable","Phoebos Memorial Run has better safety protocols in place.",""
"R00949","email",16,"Male","Short-cycle tertiary","France","Europe","Not in labour force","Manufacturing","Boonta Eve Classic","Anakin Skywalker",8,"Very likely","Good","Good","Very good","Very good","Ok","Bad","For the speed and the thrill","To support a favourite driver","For the betting and the wupiupi","","","Sponsor","","Not a sponsor","Likeable","Don't know this brand","Unlikeable","",""
"R00950","socials",30,"Female","Short-cycle tertiary","United States","North America","Employed full-time","Financial and insurance","Boonta Eve Classic","Sebulba",8,"Not sure","Good","Bad","Ok","Good","Ok","Bad","","To support a favourite driver","For the betting and the wupiupi","A day out with friends and family","","Sponsor","Likeable","Sponsor","","Don't know this brand","","",""
"R00951","panel",16,"Female","Short-cycle tertiary","Japan","Asia","Employed full-time","Information and communication","Boonta Eve Classic","Anakin Skywalker",9,"Very likely","Very good","Ok","Ok","Good","Good","Good","For the speed and the thrill","To support a favourite driver","For the betting and the wupiupi","A day out with friends and family","","Not a sponsor","Likeable","Not a sponsor","Likeable","Sponsor","Likeable","Would definitely recommend this to anyone who loves fast-paced action.","The event timing allowed for comfortable travel home."
"R00952","in_app",24,"","Bachelor or equivalent","Mexico","North America","Employed full-time","Human health and social work","Phoebos Memorial Run","",9,"Very likely","Very good","Bad","Very good","Very good","Very good","Ok","For the speed and the thrill","","","","","Not a sponsor","Very likeable","Not a sponsor","Likeable","Sponsor","Likeable","",""
"R00953","email",28,"Female","Short-cycle tertiary","United States","North America","Employed full-time","Arts and entertainment","Boonta Eve Classic","",8,"Not sure","Good","Bad","Ok","Ok","Very bad","Bad","For the speed and the thrill","To support a favourite driver","","","Boonta Eve tradition","Sponsor","Likeable","Don't know this brand","","Sponsor","","",""
"R00954","panel",47,"Female","Master or equivalent","United States","North America","Employed part-time","Information and communication","Andobi Mountain Run","Mawhonic",8,"Unlikely","Bad","Bad","Bad","Ok","Bad","Good","For the speed and the thrill","To support a favourite driver","","A day out with friends and family","Boonta Eve tradition","","Likeable","Not a sponsor","Unlikeable","Sponsor","Very likeable","",""
"R00955","email",43,"Female","Lower secondary","Germany","Europe","Not in labour force","Public administration","Boonta Eve Classic","Teemto Pagalies",8,"Unlikely","Good","Ok","Bad","Ok","Good","Bad","","To support a favourite driver","For the betting and the wupiupi","","","Sponsor","Likeable","Don't know this brand","Likeable","Sponsor","Unlikeable","","The vendor pricing wasn't price-gouging like some venues."
"R00956","socials",34,"Male","Bachelor or equivalent","Germany","Europe","Employed full-time","Education","Vinta Harvest Classic","Anakin Skywalker",8,"Very likely","Very good","Good","Bad","Ok","Ok","Good","For the speed and the thrill","","","A day out with friends and family","","Not a sponsor","Likeable","Sponsor","Unlikeable","Don't know this brand","Likeable","",""
"R00957","panel",29,"Non-binary","Primary or less","United Kingdom","Europe","Not in labour force","Arts and entertainment","Vinta Harvest Classic","Anakin Skywalker",7,"Likely","Good","Good","Ok","Very good","Ok","Good","For the speed and the thrill","To support a favourite driver","","","","Sponsor","Very likeable","Sponsor","","Not a sponsor","Very likeable","","Dud Bolt didn't embarrass himself, though he wasn't a standout either."
"R00958","panel",26,"Female","Bachelor or equivalent","Mexico","North America","Employed part-time","Wholesale and retail trade","Boonta Eve Classic","Anakin Skywalker",10,"Very likely","Good","Good","Very good","Very good","Good","Ok","For the speed and the thrill","To support a favourite driver","","","","Not a sponsor","","Not a sponsor","","Sponsor","Very likeable","This has to be the best sporting event on Tatooine.","Ody Mandrell's consistency lap after lap is underrated."
"R00959","panel",39,"Male","Lower secondary","Japan","Asia","Employed full-time","Education","Boonta Eve Classic","Anakin Skywalker",10,"Very likely","Very good","Ok","Ok","Very good","Very good","Very good","","To support a favourite driver","For the betting and the wupiupi","A day out with friends and family","","Sponsor","Very unlikeable","Don't know this brand","Very likeable","Not a sponsor","Very likeable","",""
"R00960","email",16,"Female","Upper secondary","United States","North America","Employed full-time","Information and communication","Boonta Eve Classic","Ody Mandrell",9,"Very likely","Good","Bad","Good","Very good","Good","Ok","For the speed and the thrill","To support a favourite driver","","","Boonta Eve tradition","Don't know this brand","","Sponsor","Likeable","Don't know this brand","","",""
"R00961","panel",28,"Female","Lower secondary","Brazil","Latin America","Employed full-time","Human health and social work","Boonta Eve Classic","Anakin Skywalker",9,"Likely","Good","Ok","Good","Good","Ok","Good","","To support a favourite driver","","A day out with friends and family","Boonta Eve tradition","Not a sponsor","Likeable","Sponsor","Unlikeable","Don't know this brand","Unlikeable","",""
"R00962","email",47,"Male","Upper secondary","Canada","North America","Employed full-time","Information and communication","Boonta Eve Classic","Teemto Pagalies",8,"Unlikely","Ok","Bad","Good","Good","Ok","Ok","","","","","","Not a sponsor","Very likeable","Sponsor","Unlikeable","Sponsor","Likeable","",""
"R00963","in_app",22,"Male","Lower secondary","United States","North America","Unemployed","Education","Andobi Mountain Run","Ody Mandrell",7,"Not sure","Ok","Bad","Ok","Ok","Bad","Bad","","To support a favourite driver","","A day out with friends and family","Boonta Eve tradition","","Unlikeable","Don't know this brand","Very likeable","Sponsor","Very likeable","","Ben Quadinaros drove competently when his pod cooperated, which wasn't often."
"R00964","email",16,"Male","Upper secondary","United States","North America","Student","Wholesale and retail trade","Phoebos Memorial Run","Dud Bolt",5,"Unlikely","Bad","Good","Ok","Ok","Ok","Very bad","For the speed and the thrill","","","A day out with friends and family","","Not a sponsor","Very likeable","Sponsor","Very likeable","Don't know this brand","Likeable","Visibility was zero during the dust storm sections.","Sebulba's dominance was evident but never really in doubt after lap five."
"R00965","socials",32,"Male","Primary or less","United States","North America","Not in labour force","Wholesale and retail trade","Vinta Harvest Classic","Anakin Skywalker",10,"Not sure","Good","Bad","Ok","Ok","Ok","Good","","","For the betting and the wupiupi","","Boonta Eve tradition","Don't know this brand","","Not a sponsor","Very unlikeable","Don't know this brand","Likeable","",""
"R00966","email",36,"Female","Bachelor or equivalent","Mexico","North America","Not in labour force","Other services","Mos Espa Circuit","Ody Mandrell",10,"Likely","Good","Ok","Good","Very good","Very good","Very good","For the speed and the thrill","To support a favourite driver","For the betting and the wupiupi","A day out with friends and family","Boonta Eve tradition","Don't know this brand","Unlikeable","Not a sponsor","Likeable","Sponsor","Likeable","",""
"R00967","panel",52,"Male","Lower secondary","United States","North America","Not in labour force","Wholesale and retail trade","Boonta Eve Classic","Ben Quadinaros",10,"Very likely","Very good","Good","Ok","Ok","Good","Good","","","For the betting and the wupiupi","","","Not a sponsor","Very likeable","Sponsor","Very unlikeable","Not a sponsor","","The pole position was hard-fought, everything came down to those final qualifying runs.",""
"R00968","socials",21,"Male","Short-cycle tertiary","United States","North America","Employed part-time","Human health and social work","Phoebos Memorial Run","Anakin Skywalker",4,"Very unlikely","Very bad","Bad","Very bad","Ok","Very bad","Very bad","","To support a favourite driver","","","Boonta Eve tradition","Don't know this brand","Likeable","Not a sponsor","Likeable","Sponsor","Unlikeable","Boles Roor's withdrawal ruined the entire betting pool.",""
"R00969","socials",26,"Female","Upper secondary","Germany","Europe","Employed full-time","Other services","Phoebos Memorial Run","Anakin Skywalker",7,"Likely","Bad","Very bad","Ok","Bad","Bad","Bad","","To support a favourite driver","","","Boonta Eve tradition","Not a sponsor","","Don't know this brand","Very likeable","Sponsor","Likeable","",""
"R00970","panel",47,"Female","Bachelor or equivalent","United Kingdom","Europe","Not in labour force","Education","Boonta Eve Classic","Anakin Skywalker",8,"Very likely","Very good","Good","Very good","Very good","Very good","Very good","For the speed and the thrill","","","","","","","Not a sponsor","Very likeable","Don't know this brand","Likeable","",""
"R00971","email",29,"Female","Upper secondary","Canada","North America","Employed full-time","Education","Boonta Eve Classic","Ben Quadinaros",5,"Unlikely","Ok","Bad","Bad","Bad","Very bad","Very bad","For the speed and the thrill","","","A day out with friends and family","","Sponsor","Likeable","Not a sponsor","Likeable","","Unlikeable","","Sebulba's reputation as a fierce competitor was on full display."
"R00972","email",36,"Female","Short-cycle tertiary","France","Europe","Employed part-time","Human health and social work","Mos Espa Circuit","Teemto Pagalies",7,"Unlikely","Bad","Bad","Very bad","Ok","Very bad","Very bad","","To support a favourite driver","For the betting and the wupiupi","","","Not a sponsor","Very unlikeable","Sponsor","Likeable","Sponsor","Unlikeable","",""
"R00973","email",38,"Female","Bachelor or equivalent","United States","North America","Employed part-time","Education","Boonta Eve Classic","Anakin Skywalker",6,"Very likely","Bad","Ok","Good","Good","Good","Very good","For the speed and the thrill","To support a favourite driver","For the betting and the wupiupi","","Boonta Eve tradition","Don't know this brand","","Not a sponsor","","Sponsor","Likeable","",""
"R00974","socials",47,"Female","Upper secondary","Canada","North America","Employed part-time","Public administration","Vinta Harvest Classic","Anakin Skywalker",10,"Very likely","Very good","Very good","Very good","Very good","Very good","Good","For the speed and the thrill","","","A day out with friends and family","","Sponsor","Likeable","Sponsor","Likeable","Sponsor","Likeable","Ben Quadinaros' fighting spirit never wavers.",""
"R00975","panel",43,"Female","Bachelor or equivalent","United States","North America","Student","Public administration","Boonta Eve Classic","Anakin Skywalker",10,"Very likely","Very good","Ok","Very good","Very good","Very good","Very good","For the speed and the thrill","To support a favourite driver","","A day out with friends and family","","Don't know this brand","Unlikeable","Sponsor","Very unlikeable","Don't know this brand","","","Gasgano's strategy worked in the early laps before faltering midway through."
"R00976","socials",32,"Female","Primary or less","United States","North America","Employed full-time","Arts and entertainment","Mos Espa Circuit","",7,"Likely","Ok","Good","Ok","Very good","Ok","Good","For the speed and the thrill","","","","","Sponsor","Likeable","Not a sponsor","Likeable","Sponsor","Likeable","",""
"R00977","panel",17,"Male","Doctoral or equivalent","Australia","Oceania","Not in labour force","Arts and entertainment","Boonta Eve Classic","Sebulba",8,"Likely","Very good","Good","Good","Good","Very good","Very good","","To support a favourite driver","For the betting and the wupiupi","A day out with friends and family","","Not a sponsor","Likeable","Don't know this brand","","Sponsor","Unlikeable","",""
"R00978","email",31,"Female","Bachelor or equivalent","France","Europe","Student","Human health and social work","Boonta Eve Classic","Ody Mandrell",9,"Likely","Very good","Good","Very good","Ok","Ok","Bad","For the speed and the thrill","To support a favourite driver","","A day out with friends and family","","","","Not a sponsor","Very likeable","Don't know this brand","Likeable","","The race format created genuine jeopardy right to the end."
"R00979","socials",41,"Male","Master or equivalent","United States","North America","Employed full-time","Arts and entertainment","Vinta Harvest Classic","Mawhonic",7,"Likely","Very good","Ok","Bad","Good","Bad","Ok","","","","A day out with friends and family","","Sponsor","Unlikeable","Not a sponsor","Likeable","Not a sponsor","Very likeable","","The Vinta Harvest Classic segment was less eventful than the opening races."
"R00980","socials",47,"Female","Bachelor or equivalent","Sweden","Europe","Employed full-time","Financial and insurance","Boonta Eve Classic","Sebulba",3,"Very unlikely","Very bad","Very bad","Very bad","Very bad","Very bad","Very bad","For the speed and the thrill","","","A day out with friends and family","","Sponsor","Unlikeable","Not a sponsor","Very likeable","Sponsor","Likeable","The seating was uncomfortable plastic chairs with no back support.","Phoebos Memorial Run was our first pod-racing event and we're hooked now."
"R00981","panel",40,"Male","Lower secondary","France","Europe","Unemployed","Education","Phoebos Memorial Run","Teemto Pagalies",9,"Very likely","Very good","Ok","Ok","Good","Ok","Ok","","","","","","Sponsor","Likeable","Don't know this brand","Very unlikeable","Not a sponsor","Very likeable","Anakin Skywalker is an absolute wizard on the track, what a driver.",""
"R00982","in_app",16,"Male","Lower secondary","United Kingdom","Europe","Employed full-time","Financial and insurance","Boonta Eve Classic","Ody Mandrell",10,"Very unlikely","Bad","Ok","Bad","Good","Ok","Ok","For the speed and the thrill","To support a favourite driver","","","Boonta Eve tradition","Not a sponsor","Unlikeable","Not a sponsor","Very likeable","Sponsor","Likeable","","The two commentators together were absolutely insufferable to listen to."
"R00983","email",34,"Female","Bachelor or equivalent","Mexico","North America","Employed full-time","Wholesale and retail trade","Mos Espa Circuit","Anakin Skywalker",9,"Likely","Good","Ok","Bad","Very good","Ok","Good","","","","","Boonta Eve tradition","Not a sponsor","Likeable","","Very unlikeable","Don't know this brand","Likeable","Gasgano's mechanical sensitivity is rarely seen nowadays.",""
"R00984","panel",18,"Female","Bachelor or equivalent","Australia","Oceania","Student","Public administration","Boonta Eve Classic","Anakin Skywalker",7,"Not sure","Ok","Bad","Very bad","Ok","Bad","Very bad","","To support a favourite driver","","A day out with friends and family","","Sponsor","","Not a sponsor","Likeable","Not a sponsor","","","My friends also complained the entire drive home about it."
"R00985","socials",26,"Female","Master or equivalent","France","Europe","","Information and communication","Andobi Mountain Run","Anakin Skywalker",5,"Very unlikely","Bad","Bad","Ok","Bad","Bad","Bad","For the speed and the thrill","","","","","Not a sponsor","","Not a sponsor","Unlikeable","Sponsor","","The negative experience overshadowed any positives completely.",""
"R00986","panel",19,"Male","","Canada","North America","Employed full-time","Arts and entertainment","Phoebos Memorial Run","Dud Bolt",8,"Very likely","Good","Ok","Ok","Very good","Ok","Very good","For the speed and the thrill","","For the betting and the wupiupi","A day out with friends and family","","Don't know this brand","Unlikeable","Don't know this brand","Likeable","Sponsor","Unlikeable","","Bathroom situation violated basic human dignity standards."
"R00987","socials",52,"Male","Bachelor or equivalent","France","Europe","Student","Financial and insurance","Boonta Eve Classic","Mawhonic",8,"Likely","Very good","Good","Bad","Ok","Very bad","Ok","For the speed and the thrill","To support a favourite driver","","A day out with friends and family","","Not a sponsor","","Sponsor","Likeable","Sponsor","Unlikeable","",""
"R00988","panel",30,"Female","Upper secondary","United Kingdom","Europe","Employed part-time","Information and communication","Boonta Eve Classic","Ben Quadinaros",10,"Very likely","Very good","Good","Very good","Very good","Very good","Very good","","To support a favourite driver","","","Boonta Eve tradition","Not a sponsor","Likeable","Don't know this brand","","Not a sponsor","Likeable","Boles Roor's energy management across the full race distance was textbook.","Stunning track design, every lap had different challenges."
"R00989","panel",54,"Female","Bachelor or equivalent","Australia","Oceania","Employed full-time","Other services","Mos Espa Circuit","Sebulba",10,"Likely","Very good","Very good","Good","Very good","Ok","Very good","For the speed and the thrill","To support a favourite driver","","","","Don't know this brand","Unlikeable","Sponsor","Likeable","Don't know this brand","Unlikeable","My whole family is already planning our return visit.","The program guide explained all the races perfectly."
"R00990","email",16,"Male","Upper secondary","Australia","Oceania","Employed full-time","Wholesale and retail trade","Phoebos Memorial Run","Mawhonic",9,"Very likely","Good","Good","Bad","Very good","Good","Good","","","","","Boonta Eve tradition","Don't know this brand","Likeable","Sponsor","Very likeable","Not a sponsor","","The security presence was reassuring without being oppressive.",""
"R00991","panel",23,"Female","Doctoral or equivalent","Australia","Oceania","Student","Arts and entertainment","Boonta Eve Classic","Mawhonic",10,"Unlikely","Very good","Ok","Ok","Very good","Bad","Good","","To support a favourite driver","","","","Don't know this brand","Very likeable","Not a sponsor","","Don't know this brand","Very likeable","",""
"R00992","in_app",42,"Prefer not to answer","Upper secondary","United States","North America","Employed full-time","Education","Andobi Mountain Run","Mawhonic",6,"Not sure","Good","Very bad","Very bad","Ok","Bad","Ok","For the speed and the thrill","","For the betting and the wupiupi","","","Not a sponsor","","Not a sponsor","Likeable","Not a sponsor","","",""
"R00993","email",26,"Male","Master or equivalent","Mexico","North America","","Other services","Phoebos Memorial Run","Boles Roor",7,"Unlikely","Bad","Very bad","Very good","Good","Ok","Good","For the speed and the thrill","","","","","Sponsor","","Not a sponsor","Very unlikeable","Don't know this brand","Unlikeable","",""
"R00994","email",56,"Male","Bachelor or equivalent","United Kingdom","Europe","Employed full-time","","Phoebos Memorial Run","Sebulba",8,"Very likely","Very good","Good","Bad","Good","Ok","Ok","For the speed and the thrill","","","A day out with friends and family","","Don't know this brand","Unlikeable","Sponsor","Likeable","Don't know this brand","Likeable","",""
"R00995","panel",24,"Female","Master or equivalent","Mexico","North America","Student","Arts and entertainment","Boonta Eve Classic","Gasgano",10,"Likely","Good","Ok","Ok","Good","Good","Very good","For the speed and the thrill","","","A day out with friends and family","Boonta Eve tradition","Sponsor","Unlikeable","Don't know this brand","","Sponsor","Unlikeable","Ody Mandrell's qualifying setup changes proved very effective.","Teemto Pagalies showed enough talent to potentially move up with better equipment."
"R00996","panel",16,"Female","Master or equivalent","Australia","Oceania","Not in labour force","Information and communication","Vinta Harvest Classic","Teemto Pagalies",7,"Likely","Good","Very bad","Ok","Ok","Good","Ok","For the speed and the thrill","To support a favourite driver","For the betting and the wupiupi","","","Sponsor","","Sponsor","","Not a sponsor","Very likeable","",""
"R00997","email",31,"Male","Bachelor or equivalent","United States","North America","Employed full-time","Wholesale and retail trade","Vinta Harvest Classic","Ratts Tyerell",7,"Not sure","Ok","Bad","Very bad","Bad","Very bad","Ok","For the speed and the thrill","To support a favourite driver","For the betting and the wupiupi","","","Not a sponsor","","Sponsor","Likeable","Sponsor","Unlikeable","","Ody Mandrell put on such a great show, the overtakes were nerve-racking."
"R00998","socials",27,"Female","Bachelor or equivalent","Canada","North America","Employed full-time","Human health and social work","Boonta Eve Classic","Anakin Skywalker",10,"Very likely","Very good","Ok","Ok","Very good","Very good","Good","For the speed and the thrill","To support a favourite driver","","A day out with friends and family","","Sponsor","Likeable","Don't know this brand","Very likeable","Sponsor","Unlikeable","Phoebos Memorial Run exceeded our expectations in every single way.",""
"R00999","email",30,"Male","Upper secondary","United States","North America","Employed full-time","Information and communication","Andobi Mountain Run","Anakin Skywalker",7,"Not sure","Good","Very bad","Ok","Bad","Bad","Very bad","","","","A day out with friends and family","","Not a sponsor","Very likeable","Not a sponsor","Likeable","Don't know this brand","Likeable","",""
"R01000","email",22,"Female","Upper secondary","Canada","North America","Not in labour force","Manufacturing","Boonta Eve Classic","Anakin Skywalker",7,"Unlikely","Ok","Bad","Bad","Bad","Ok","Good","For the speed and the thrill","To support a favourite driver","","A day out with friends and family","","Don't know this brand","Likeable","Sponsor","Likeable","Sponsor","Very unlikeable","","Ody Mandrell's qualification time was unbelievable."
