"patron_id","demo_age","demo_gender","demo_country","region","social_class","occupation","household_size","weekly_spend","payment","transport","visit_frequency","recommend","ratings_goods","ratings_service","ratings_credit","ratings_delivery","ratings_value","reasons_price","reasons_quality","reasons_credit","reasons_proximity","reasons_variety","reasons_service","comment"
"P0001",49,"Female","United Kingdom","Europe","Lower middle class","Farmer",4,"9.9","Cash","Bicycle","Rarely",8,"Very good","Good","Good","Ok","Ok","Fair prices","","","Near to home","Variety on offer","","The manager's politeness did not extend to flexibility regarding existing prices or terms."
"P0002",28,"Female","United Kingdom","Europe","Upper class","Governess",3,"34.7","On account","Omnibus","Sometimes",9,"Very good","Very good","Good","Good","Very good","Fair prices","Quality of the goods","","Near to home","","","The draper's calico, though modestly priced, has proven durable through many years of use."
"P0003",24,"Male","Australia","Oceania","Poor","Schoolteacher",6,"26.7","Cash","On foot","Often",6,"Ok","Bad","Very bad","Ok","Very bad","","Quality of the goods","","Near to home","","",""
"P0004",40,"Male","United States","North America","Skilled working class","Clerk",7,"10.5","On account","On foot","Often",7,"Good","Ok","Ok","Ok","Ok","","","","","","",""
"P0005",31,"Male","Canada","North America","Working class","Domestic servant",4,"9","Cash","On foot","Sometimes",5,"Ok","Ok","Ok","Bad","Very bad","Fair prices","Quality of the goods","","","Variety on offer","",""
"P0006",40,"Female","United Kingdom","Europe","Working class","Shopkeeper",3,"18.2","Cash","Bicycle","Sometimes",10,"Good","Very good","Ok","Good","Very good","","Quality of the goods","","","","Obliging staff","My purchases through the establishment have consistently exceeded my expectations regarding quality."
"P0007",41,"Female","United States","North America","Lower middle class","Labourer",4,"16","Cash","Horse and cart","Sometimes",6,"Very bad","Bad","Very bad","Very bad","Bad","Fair prices","Quality of the goods","","","","Obliging staff","My credit account was increased without my authorization and the manager claimed I had agreed to it verbally."
"P0008",62,"Male","United Kingdom","Europe","Working class","Shopkeeper",6,"2","On account","On foot","Sometimes",8,"Ok","Good","Bad","Bad","Bad","","Quality of the goods","","Near to home","","",""
"P0009",40,"Female","United Kingdom","Europe","Upper middle class","Governess",8,"10.9","Cash","On foot","Sometimes",6,"Ok","Ok","Bad","Ok","Bad","Fair prices","","Generous credit terms","Near to home","Variety on offer","",""
"P0010",44,"Female","United Kingdom","Europe","Skilled working class","Farmer",4,"14.8","Cash","On foot","Rarely",4,"Good","Ok","Ok","Good","Ok","","Quality of the goods","","","","Obliging staff","The manager refused to hear my complaint regarding the boot leather, suggesting the fault was my own."
"P0011",33,"Female","United States","North America","Skilled working class","Shopkeeper",6,"20","Cash","Bicycle","Rarely",5,"Good","Bad","Bad","Bad","Bad","Fair prices","Quality of the goods","Generous credit terms","","","","The floorwalker directed me to the entirely wrong section when I inquired about linen hall damask."
"P0012",40,"Female","United Kingdom","Europe","Working class","Farmer",4,"13.3","Barter","Motor-car","Always",9,"Good","Good","Good","Ok","Ok","","Quality of the goods","","","Variety on offer","","The linen hall damask available in the establishment is of a fineness that I had assumed would be costlier."
"P0013",49,"Male","Australia","Oceania","Lower middle class","Mill worker",6,"17.2","Cash","On foot","Often",5,"Good","Ok","Ok","Very bad","Bad","","Quality of the goods","Generous credit terms","Near to home","Variety on offer","Obliging staff",""
"P0014",33,"Male","United Kingdom","Europe","Working class","Mill worker",9,"19.6","On account","Horse and cart","Often",7,"Good","Ok","Very bad","Ok","Ok","","Quality of the goods","","Near to home","Variety on offer","","The grocer's provisions were fresh, his methods of preservation appeared sound and reliable."
"P0015",23,"Female","United Kingdom","Europe","Skilled working class","Labourer",3,"28.6","On account","Railway","Sometimes",9,"Good","Good","Ok","Good","Very good","Fair prices","","","Near to home","","",""
"P0016",24,"Female","United Kingdom","Europe","Working class","Shopkeeper",2,"10.8","Cash","On foot","Sometimes",6,"Good","Bad","Bad","Bad","Bad","Fair prices","Quality of the goods","","Near to home","","",""
"P0017",59,"Female","United States","North America","Upper middle class","Shopkeeper",5,"26.8","Cash","Bicycle","Always",4,"Bad","Very bad","Ok","Ok","Bad","","","","","","",""
"P0018",18,"Male","India","Asia","Lower middle class","Schoolteacher",2,"47","Cash","On foot","Sometimes",10,"Very good","Very good","Good","Ok","Very good","Fair prices","Quality of the goods","Generous credit terms","","","",""
"P0019",23,"Female","United States","North America","Poor","Seamstress",6,"20.6","Cash","Bicycle","Rarely",5,"Good","Ok","Ok","Ok","Ok","","","","Near to home","Variety on offer","Obliging staff",""
"P0020",46,"Female","United Kingdom","Europe","Poor","Clerk",5,"16.8","On account","On foot","Often",10,"Very good","Good","Good","Ok","Very good","Fair prices","Quality of the goods","","","Variety on offer","","The confectioner's sweets purchased for my husband's birthday were declared to be the finest he had ever tasted."
"P0021",50,"Male","United Kingdom","Europe","Upper middle class","Clerk",1,"17.8","On account","Bicycle","Sometimes",7,"Ok","Ok","Ok","Ok","Ok","Fair prices","Quality of the goods","Generous credit terms","Near to home","Variety on offer","",""
"P0022",59,"Female","United States","North America","Poor","Mill worker",9,"2.4","Cash","Railway","Rarely",5,"Very good","Bad","Bad","Bad","Ok","Fair prices","Quality of the goods","Generous credit terms","","","","My errand boy service has become so unreliable that I now must collect my own purchases."
"P0023",49,"Female","India","Asia","Lower middle class","Seamstress",7,"32.3","On account","Bicycle","Often",10,"Good","Very good","Very good","Ok","Good","Fair prices","Quality of the goods","Generous credit terms","","Variety on offer","",""
"P0024",32,"Female","Canada","North America","Lower middle class","Clerk",4,"15.9","Barter","On foot","Always",6,"Good","Good","Ok","Bad","Good","","Quality of the goods","","","Variety on offer","Obliging staff",""
"P0025",41,"Female","United Kingdom","Europe","Skilled working class","Farmer",3,"20.6","Cash","On foot","Sometimes",7,"Good","Ok","Very bad","Ok","Bad","Fair prices","","","","","",""
"P0026",46,"Female","United States","North America","Skilled working class","Clerk",2,"15.7","On account","Omnibus","Sometimes",9,"Ok","Ok","Ok","Bad","Ok","Fair prices","Quality of the goods","","","Variety on offer","Obliging staff","My account with your house has been managed with great care and I receive clear statements each quarter."
"P0027",57,"Female","Ireland","Europe","Working class","Farmer",10,"8.5","On account","Horse and cart","Often",5,"Ok","Bad","Good","Bad","Very bad","","","Generous credit terms","Near to home","","Obliging staff","My account was debited for goods that I explicitly did not authorize for purchase."
"P0028",33,"Prefer not to answer","Ireland","Europe","Working class","",6,"8.7","Cash","Omnibus","Sometimes",6,"Bad","Bad","Bad","Very bad","Ok","","","","Near to home","","",""
"P0029",68,"Female","United Kingdom","Europe","Lower middle class","Mill worker",6,"32.3","Cash","On foot","Often",5,"Bad","Very bad","Bad","Ok","Ok","Fair prices","Quality of the goods","","Near to home","","","My credit account now carries charges for goods I explicitly refused and returned unopened."
"P0030",25,"Female","United Kingdom","Europe","Skilled working class","Farmer",3,"15.1","On account","Horse and cart","Sometimes",7,"Ok","Good","Bad","Ok","Bad","Fair prices","","","Near to home","","Obliging staff","The floorwalker's morning rounds were swift, though afternoon brought apparent absence."
"P0031",51,"Male","United Kingdom","Europe","Working class","Schoolteacher",3,"24.3","On account","Omnibus","Rarely",4,"Very bad","Very bad","Very bad","Bad","Very bad","Fair prices","Quality of the goods","Generous credit terms","Near to home","Variety on offer","",""
"P0032",47,"Male","United Kingdom","Europe","Skilled working class","Shopkeeper",8,"13.6","Cash","On foot","Often",10,"Very good","Ok","Very good","Good","Good","Fair prices","","","Near to home","","Obliging staff","I have found the credit terms offered by your house to be most accommodating and fairly stated."
"P0033",41,"Female","United Kingdom","Europe","Upper middle class","Schoolteacher",6,"20.3","Cash","Motor-car","Always",6,"Ok","Ok","Good","Bad","Bad","","Quality of the goods","","","","","The haberdashery department's staff seem increasingly unhelpful and dismissive of customer inquiries."
"P0034",18,"Female","India","Asia","Lower middle class","Shopkeeper",2,"21.1","Cash","On foot","Sometimes",4,"Good","Bad","Ok","Bad","Very bad","Fair prices","Quality of the goods","","Near to home","","Obliging staff","The floorwalker's directions were so unclear that I wandered the establishment for some time before locating haberdashery."
"P0035",48,"Female","Canada","North America","Lower middle class","Mill worker",4,"49.5","Cash","Horse and cart","Sometimes",6,"Good","Good","Bad","Good","Good","Fair prices","","Generous credit terms","","Variety on offer","Obliging staff","The draper's calico purchased in quantity showed marked variation in colour from one bolt to the next."
"P0036",52,"Female","United Kingdom","Europe","","Domestic servant",5,"17.4","Cash","Railway","Sometimes",4,"Very bad","Very bad","Very bad","Bad","Bad","","Quality of the goods","Generous credit terms","Near to home","Variety on offer","",""
"P0037",39,"Female","United States","North America","Lower middle class","Governess",4,"20.8","Cash","Bicycle","Often",10,"Very good","Ok","Ok","Very good","Good","","Quality of the goods","","Near to home","Variety on offer","Obliging staff",""
"P0038",54,"Male","Australia","Oceania","Upper class","Farmer",1,"10.8","Cash","On foot","Rarely",9,"Very good","Good","Ok","Good","Very good","Fair prices","Quality of the goods","","","","Obliging staff","I was delighted to find that the haberdashery ribbons are available in quite obscure shades not seen elsewhere."
"P0039",23,"Female","United Kingdom","Europe","Skilled working class","Governess",5,"16.8","Cash","Horse and cart","Sometimes",6,"Bad","Very bad","Bad","Very bad","Ok","Fair prices","Quality of the goods","","Near to home","","",""
"P0040",21,"Female","United Kingdom","Europe","Skilled working class","Clerk",1,"12.4","Cash","Railway","Never",6,"Ok","Very bad","Ok","Bad","Very bad","","Quality of the goods","Generous credit terms","","Variety on offer","","The draper's calico, though initially appearing sound, revealed numerous defects upon close examination at home."
"P0041",33,"Female","United States","North America","Working class","Farmer",1,"14.5","On account","On foot","Often",8,"Very good","Good","Ok","Bad","Good","","","","","","",""
"P0042",44,"Female","Canada","North America","Upper middle class","Seamstress",4,"30.7","On account","Railway","Often",10,"Very good","Very good","Good","Good","Very good","Fair prices","Quality of the goods","","","","",""
"P0043",71,"Female","United Kingdom","Europe","Skilled working class","Labourer",9,"7.4","Cash","On foot","Often",7,"Bad","Very bad","Ok","Ok","Ok","","Quality of the goods","","Near to home","Variety on offer","Obliging staff","The linen hall's damask weave was appreciably fine, though the price reflected this excess."
"P0044",29,"Female","United Kingdom","Europe","Skilled working class","Governess",4,"9.3","On account","On foot","Often",7,"Very good","Bad","Ok","Very bad","Bad","","","","Near to home","","",""
"P0045",40,"Female","United States","North America","Lower middle class","Shopkeeper",1,"8.9","Cash","Omnibus","Often",6,"Ok","Ok","Very bad","Ok","Bad","Fair prices","","","","","",""
"P0046",40,"Female","Australia","Oceania","Skilled working class","Farmer",6,"28","Cash","Horse and cart","Often",8,"Very good","Bad","Good","Bad","Good","Fair prices","Quality of the goods","","Near to home","Variety on offer","","Bristol's boot department offered leather of varying grades, making comparison shopping advisable."
"P0047",45,"Female","United Kingdom","Europe","Poor","Shopkeeper",5,"18.4","Cash","On foot","Sometimes",5,"Ok","Very bad","Bad","Very bad","Very bad","Fair prices","Quality of the goods","","","Variety on offer","Obliging staff","My errand boy delivery was accompanied by the shopkeeper's apology regarding damage sustained in transit."
"P0048",49,"Male","United Kingdom","Europe","Upper class","Mill worker",1,"21.2","On account","On foot","Sometimes",6,"Good","Good","Ok","Ok","Ok","","Quality of the goods","","Near to home","","","The shop girl suggested I purchase a more expensive ribbon when the economy version would have sufficed."
"P0049",24,"Female","United States","North America","Poor","Domestic servant",6,"35.5","Cash","Horse and cart","Often",6,"Ok","Good","Ok","Ok","Very good","Fair prices","Quality of the goods","","","","","The linen hall damask section has become cluttered and difficult to browse through at one's leisure."
"P0050",54,"Male","United Kingdom","Europe","Lower middle class","Shopkeeper",4,"26.5","Cash","On foot","Never",9,"Ok","Good","Ok","Bad","Ok","","Quality of the goods","","","","Obliging staff",""
"P0051",63,"Female","United Kingdom","Europe","Skilled working class","Clerk",6,"10.1","Cash","On foot","Always",10,"Very good","Very good","Good","Bad","Good","","Quality of the goods","","","","Obliging staff",""
"P0052",72,"Female","Australia","Oceania","Lower middle class","Domestic servant",1,"30.5","On account","On foot","Often",10,"Good","Very good","Bad","Very good","Very good","Fair prices","Quality of the goods","","","","","The shop girl in the boot department offered to clean and polish my new shoes at no additional charge."
"P0053",38,"Female","United States","North America","Upper middle class","Farmer",5,"19.3","On account","On foot","Often",9,"Very good","Ok","Bad","Ok","Ok","Fair prices","Quality of the goods","","Near to home","","","The confectioner's sweets purchased as gifts have been praised by recipients who sought the source."
"P0054",53,"Male","India","Asia","Poor","",7,"7.9","Barter","Bicycle","Always",6,"Good","Very bad","Bad","Very bad","Ok","Fair prices","Quality of the goods","","","Variety on offer","","The confectioner's sweets bear such little resemblance to their window display that I suspect deliberate misrepresentation."
"P0055",32,"Female","United Kingdom","Europe","Working class","Seamstress",4,"13","On account","On foot","Often",6,"Very bad","Very bad","Bad","Bad","Very bad","Fair prices","Quality of the goods","Generous credit terms","","","Obliging staff",""
"P0056",53,"Male","Ireland","Europe","Upper middle class","Labourer",7,"13","On account","Railway","Often",5,"Bad","Good","Bad","Good","Very bad","Fair prices","","Generous credit terms","","","Obliging staff",""
"P0057",47,"","Canada","North America","Working class","Domestic servant",5,"14.1","Cash","Bicycle","Rarely",8,"Good","Very good","Very bad","Good","Good","Fair prices","","Generous credit terms","","Variety on offer","",""
"P0058",45,"Female","United Kingdom","Europe","Skilled working class","Shopkeeper",3,"29.3","Cash","On foot","Sometimes",7,"Good","Ok","Bad","Very good","Very bad","Fair prices","Quality of the goods","Generous credit terms","","","Obliging staff",""
"P0059",38,"Female","Canada","North America","Lower middle class","Seamstress",2,"3.5","Cash","Bicycle","Sometimes",7,"Bad","Bad","Very bad","Ok","Ok","Fair prices","Quality of the goods","","","","",""
"P0060",46,"Female","United States","North America","Skilled working class","Farmer",8,"33.2","On account","On foot","Often",5,"Ok","Very bad","Bad","Ok","Bad","","Quality of the goods","Generous credit terms","","","Obliging staff","The grocer's section has become increasingly disorganized and difficult to navigate."
"P0061",45,"Female","United Kingdom","Europe","Lower middle class","Labourer",7,"6.7","Cash","On foot","Always",8,"Good","Ok","Good","Good","Ok","Fair prices","Quality of the goods","","","Variety on offer","",""
"P0062",50,"Female","Canada","North America","Skilled working class","Seamstress",3,"27","On account","On foot","Often",6,"Good","Good","Ok","Good","Ok","Fair prices","Quality of the goods","Generous credit terms","Near to home","","",""
"P0063",38,"Female","United Kingdom","Europe","Lower middle class","Mill worker",8,"17.2","Barter","Bicycle","Rarely",8,"Good","Good","Very good","Ok","Very good","Fair prices","","","Near to home","","",""
"P0064",40,"Male","United States","North America","Upper class","Mill worker",5,"19.8","On account","On foot","Sometimes",5,"Good","Very bad","Good","Bad","Ok","Fair prices","","","","","","The grocer's tea quality has degraded so thoroughly that I must purchase from the local market instead."
"P0065",23,"Female","Australia","Oceania","Skilled working class","Labourer",7,"24.6","On account","Omnibus","Often",7,"Very good","Good","Ok","Very bad","Bad","","","Generous credit terms","Near to home","Variety on offer","","The manager's explanations were courteous if ultimately unhelpful regarding price adjustments."
"P0066",69,"Female","United States","North America","Skilled working class","Labourer",4,"25.1","On account","Horse and cart","Often",7,"Very good","Ok","Good","Ok","Good","","Quality of the goods","","Near to home","Variety on offer","Obliging staff",""
"P0067",51,"Female","United Kingdom","Europe","Poor","Domestic servant",8,"23.2","On account","On foot","Sometimes",8,"Very good","Bad","Very good","Bad","Bad","","Quality of the goods","Generous credit terms","","","",""
"P0068",64,"Male","Canada","North America","Poor","Seamstress",2,"17.2","Cash","Horse and cart","Sometimes",6,"Bad","Very bad","Very bad","Bad","Bad","","","","","Variety on offer","","The draper's calico in dark shades begins to fade within a fortnight of normal use and washing."
"P0069",42,"Female","Canada","North America","Poor","Farmer",6,"15.4","On account","On foot","Often",7,"Very good","Ok","Ok","Ok","Good","Fair prices","","Generous credit terms","Near to home","Variety on offer","",""
"P0070",76,"Male","Australia","Oceania","Lower middle class","Seamstress",1,"19.4","Cash","On foot","Rarely",8,"Ok","Bad","Very bad","Ok","Bad","","Quality of the goods","Generous credit terms","Near to home","","",""
"P0071",29,"Female","United Kingdom","Europe","Lower middle class","Clerk",5,"29.6","Cash","On foot","Rarely",10,"Very good","Very good","Very good","Very good","Good","","Quality of the goods","","","","Obliging staff",""
"P0072",49,"Female","Canada","North America","Skilled working class","Clerk",7,"15.9","Cash","Bicycle","Sometimes",9,"Ok","Good","Bad","Very bad","Ok","","","","","Variety on offer","Obliging staff","I was impressed by the boot department's stock of sizes and widths suitable for all manner of feet."
"P0073",52,"Male","United Kingdom","Europe","Working class","Governess",3,"3.6","Cash","Horse and cart","Rarely",6,"Ok","Ok","Bad","Ok","Ok","","","","Near to home","Variety on offer","","The grocer's section has become so expensive that I now purchase most items at the market."
"P0074",49,"Female","United Kingdom","Europe","Upper middle class","Mill worker",7,"21.4","Cash","On foot","Often",6,"Very good","Ok","Ok","Bad","Ok","Fair prices","Quality of the goods","","Near to home","","","The draper's calico purchased at reduced price began to pill after minimal wear and washing."
"P0075",55,"Male","Ireland","Europe","Working class","Labourer",6,"15.3","On account","Railway","Often",8,"Bad","Ok","Ok","Good","Ok","Fair prices","Quality of the goods","","Near to home","Variety on offer","",""
"P0076",48,"Female","United Kingdom","Europe","Working class","Labourer",4,"25.1","On account","On foot","Always",5,"Good","Bad","Ok","Good","Bad","","Quality of the goods","","","Variety on offer","Obliging staff",""
"P0077",26,"Female","United Kingdom","Europe","Working class","Schoolteacher",8,"5.8","On account","Horse and cart","Sometimes",5,"Bad","Ok","Bad","Ok","Very bad","","Quality of the goods","","","","",""
"P0078",48,"Female","United Kingdom","Europe","Skilled working class","Mill worker",5,"2","Barter","On foot","Often",5,"Very good","Ok","Ok","Bad","Ok","","Quality of the goods","","","Variety on offer","","The linen hall damask section is increasingly neglected and the selection is poor."
"P0079",52,"Female","United Kingdom","Europe","Lower middle class","Mill worker",8,"8.3","Cash","Railway","Sometimes",7,"Ok","Good","Ok","Ok","Bad","","Quality of the goods","Generous credit terms","Near to home","","",""
"P0080",58,"Female","India","Asia","Working class","Labourer",4,"28.5","On account","Railway","Rarely",10,"Very good","Good","Ok","Ok","Ok","Fair prices","Quality of the goods","","","Variety on offer","Obliging staff",""
"P0081",46,"Male","Australia","Oceania","Working class","Domestic servant",6,"29.6","On account","Motor-car","Always",10,"Good","Good","Ok","Good","Good","Fair prices","Quality of the goods","Generous credit terms","Near to home","","Obliging staff",""
"P0082",31,"Female","United States","North America","Skilled working class","Domestic servant",2,"17.9","Cash","Horse and cart","Sometimes",10,"Very good","Ok","Ok","Ok","Very good","","Quality of the goods","Generous credit terms","Near to home","Variety on offer","",""
"P0083",24,"Male","United Kingdom","Europe","Skilled working class","Domestic servant",3,"31.9","On account","Bicycle","Often",7,"Very good","Ok","Bad","Bad","Good","","Quality of the goods","","Near to home","","Obliging staff",""
"P0084",29,"Male","India","Asia","Upper middle class","Farmer",2,"17.2","On account","Horse and cart","Always",7,"Very good","Very good","Bad","Very good","Good","Fair prices","Quality of the goods","","","","Obliging staff","Candlemas found the shop girl at the draper's more engaged, as crowds permitted unhurried service."
"P0085",42,"Male","United Kingdom","Europe","Poor","Farmer",6,"15.4","On account","Omnibus","Sometimes",5,"Ok","Good","Very bad","Ok","Ok","","","","Near to home","Variety on offer","",""
"P0086",51,"Male","United States","North America","Lower middle class","Mill worker",6,"4.9","Cash","Railway","Sometimes",7,"Good","Ok","Very bad","Very bad","Very bad","Fair prices","Quality of the goods","","","","","Manchester's commercial streets offered adequate shelter from inclement weather, a practical consideration."
"P0087",34,"Male","United Kingdom","Europe","Skilled working class","Seamstress",8,"29.5","Cash","On foot","Often",4,"Bad","Very bad","Bad","Very bad","Very bad","","Quality of the goods","Generous credit terms","","Variety on offer","",""
"P0088",47,"Female","United Kingdom","Europe","Working class","Mill worker",9,"18","Cash","On foot","Often",5,"Very bad","Ok","Ok","Bad","Very bad","","Quality of the goods","","Near to home","Variety on offer","","The boot department's staff were rather curt when I inquired about exchanging my shoes for a different width."
"P0089",54,"Female","Canada","North America","Lower middle class","Mill worker",6,"12.5","On account","Horse and cart","Always",7,"Ok","Bad","Ok","Very bad","Bad","","Quality of the goods","","","","",""
"P0090",28,"Female","United States","North America","Lower middle class","Mill worker",5,"23.6","Cash","On foot","Rarely",7,"Good","Very good","Very good","Bad","Good","Fair prices","","Generous credit terms","","","",""
"P0091",42,"Male","United Kingdom","Europe","Lower middle class","Governess",3,"15.2","Cash","Omnibus","Sometimes",6,"Bad","Very good","Bad","Ok","Bad","Fair prices","","","Near to home","","","My account error was blamed upon me despite clear evidence that the establishment had made the mistake."
"P0092",39,"Male","United Kingdom","Europe","Skilled working class","Labourer",2,"27.7","Cash","Bicycle","Always",10,"Very good","Very good","Ok","Good","Very good","Fair prices","Quality of the goods","Generous credit terms","Near to home","","",""
"P0093",34,"Female","Ireland","Europe","Upper class","Mill worker",5,"23.6","On account","On foot","Often",10,"Good","Good","Ok","Good","Good","","Quality of the goods","","","","",""
"P0094",39,"Male","Australia","Oceania","Lower middle class","Mill worker",5,"4.5","Barter","On foot","Sometimes",7,"Ok","Bad","Very bad","Bad","Bad","","","","","","","Kensington's florist neighbored the drapers, which provided pleasant distraction during the inevitable wait."
"P0095",67,"Female","United States","North America","Skilled working class","Clerk",7,"37.2","Cash","On foot","Always",10,"Very good","Good","Bad","Ok","Good","","Quality of the goods","","","Variety on offer","","I was most satisfied that the draper's calico available at modest cost does not fade when exposed to sunlight."
"P0096",46,"Female","Australia","Oceania","Skilled working class","Mill worker",4,"2","Cash","On foot","Sometimes",4,"Very bad","Bad","Very bad","Bad","Very bad","","","Generous credit terms","Near to home","","","I found the confectioner's sweets to contain an unpleasant chemical taste quite unlike their typical product."
"P0097",25,"Female","India","Asia","Upper middle class","Mill worker",6,"22.2","On account","On foot","Often",6,"Bad","Ok","Ok","Very bad","Ok","","Quality of the goods","","","Variety on offer","","The draper's calico I purchased for a special occasion proved to be of inferior quality upon close inspection."
"P0098",49,"Female","India","Asia","Skilled working class","Domestic servant",9,"7.7","On account","On foot","Often",5,"Bad","Bad","Very bad","Very bad","Bad","Fair prices","Quality of the goods","","","","",""
"P0099",53,"Female","Australia","Oceania","Lower middle class","Labourer",6,"14.2","Cash","On foot","Often",5,"Good","Ok","Ok","Ok","Ok","Fair prices","","","","Variety on offer","",""
"P0100",34,"Female","United Kingdom","Europe","Lower middle class","Labourer",3,"7.4","Cash","On foot","Often",6,"Bad","Bad","Bad","Very bad","Very bad","Fair prices","Quality of the goods","","","Variety on offer","","My errand boy delivery package arrived open and several items were missing upon receipt."
"P0101",49,"Female","Ireland","Europe","Skilled working class","Labourer",5,"17.9","On account","On foot","Often",9,"Very good","Very good","Good","Ok","Very good","Fair prices","Quality of the goods","Generous credit terms","","","","I found the boot department's prices to be fair and the quality to justify the expense entirely."
"P0102",68,"Female","United Kingdom","Europe","Working class","Seamstress",4,"20.9","Cash","Horse and cart","Sometimes",5,"Ok","Ok","Ok","Ok","Bad","","Quality of the goods","","Near to home","","Obliging staff",""
"P0103",34,"Female","Australia","Oceania","Skilled working class","Clerk",4,"18.2","On account","On foot","Always",9,"Very good","Good","Ok","Very good","Very good","","","","Near to home","Variety on offer","","I have recommended the establishment so highly to friends that several have already made their first purchase."
"P0104",38,"Female","United Kingdom","Europe","Working class","Shopkeeper",5,"42.5","On account","On foot","Sometimes",9,"Bad","Ok","Ok","Ok","Ok","Fair prices","Quality of the goods","Generous credit terms","Near to home","","",""
"P0105",30,"Female","United States","North America","Skilled working class","Labourer",7,"28","Cash","On foot","Often",5,"Good","Ok","Very bad","Ok","Good","Fair prices","","","","Variety on offer","",""
"P0106",42,"","United Kingdom","Europe","Upper middle class","Clerk",8,"19.6","Cash","Horse and cart","Sometimes",8,"Ok","Ok","Very bad","Bad","Ok","Fair prices","","","","Variety on offer","","The draper's premises employed adequate lighting, which revealed minor flaws in the calico."
"P0107",47,"Female","United Kingdom","Europe","Upper middle class","Labourer",2,"13.8","On account","Bicycle","Sometimes",8,"Good","Bad","Bad","Very bad","Ok","Fair prices","","","","Variety on offer","Obliging staff",""
"P0108",54,"Male","United Kingdom","Europe","Lower middle class","Seamstress",5,"19.7","Cash","Bicycle","Often",7,"Ok","Good","Very good","Ok","Very good","Fair prices","Quality of the goods","","","Variety on offer","",""
"P0109",60,"Male","Canada","North America","Skilled working class","Mill worker",4,"22.6","Cash","On foot","Often",9,"Ok","Ok","Bad","Bad","Good","Fair prices","Quality of the goods","","","","",""
"P0110",39,"Female","United States","North America","","Labourer",3,"20.3","On account","On foot","Rarely",6,"Good","Ok","Ok","Bad","Ok","Fair prices","Quality of the goods","","","Variety on offer","Obliging staff","The boot leather I purchased is visibly peeling after mere weeks and the shop girl dismisses my concern."
"P0111",54,"Female","United Kingdom","Europe","Lower middle class","Mill worker",9,"16.5","On account","On foot","Often",9,"Very good","Good","Very good","Bad","Very good","Fair prices","Quality of the goods","","","Variety on offer","","I have found the draper's calico to be suitable for every season and purpose one might require."
"P0112",50,"Male","Ireland","Europe","Skilled working class","Shopkeeper",3,"19.2","Cash","Horse and cart","Rarely",4,"Very bad","Ok","Very bad","Very bad","Bad","","Quality of the goods","","","","",""
"P0113",58,"Female","United Kingdom","Europe","Skilled working class","Mill worker",5,"22.4","Cash","On foot","Always",8,"Good","Good","Very good","Bad","Good","","Quality of the goods","Generous credit terms","","","","The manager acknowledged my concerns politely enough, without offering any meaningful remedy."
"P0114",47,"Female","United Kingdom","Europe","Working class","Domestic servant",11,"13.9","Cash","Bicycle","Often",4,"Ok","Bad","Bad","Bad","Very bad","Fair prices","Quality of the goods","Generous credit terms","Near to home","Variety on offer","Obliging staff","The manager's indifference to my complaints regarding quality has prompted me to shop elsewhere."
"P0115",56,"Male","United States","North America","Working class","Clerk",6,"19.1","On account","Railway","Often",7,"Bad","Bad","Ok","Very bad","Good","Fair prices","","","","Variety on offer","","The haberdashery ribbons displayed fine workmanship, but the shopkeeper offered little assistance in choosing."
"P0116",42,"Male","United States","North America","Lower middle class","Seamstress",6,"13","Cash","Omnibus","Sometimes",10,"Bad","Ok","Bad","Very bad","Bad","","Quality of the goods","","Near to home","Variety on offer","Obliging staff",""
"P0117",31,"Female","India","Asia","Skilled working class","Domestic servant",6,"16.2","On account","On foot","Always",6,"Bad","Bad","Good","Good","Good","Fair prices","Quality of the goods","Generous credit terms","Near to home","","","The confectioner's sweets are an embarrassment to purchase and I would not recommend them to anyone."
"P0118",39,"Female","United Kingdom","Europe","Poor","Domestic servant",5,"29.8","On account","On foot","Often",8,"Ok","Good","Bad","Bad","Ok","Fair prices","Quality of the goods","","","Variety on offer","Obliging staff",""
"P0119",30,"Female","India","Asia","Upper middle class","Seamstress",5,"29.9","On account","Omnibus","Sometimes",6,"Ok","Ok","Bad","Ok","Good","","","","","","",""
"P0120",62,"Female","United Kingdom","Europe","Skilled working class","Seamstress",11,"19.9","On account","On foot","Never",7,"Ok","Bad","Ok","Good","Ok","Fair prices","Quality of the goods","","Near to home","","",""
"P0121",70,"Female","United Kingdom","Europe","Skilled working class","Schoolteacher",5,"23.6","Cash","Bicycle","Always",7,"Ok","Good","Ok","Bad","Good","Fair prices","Quality of the goods","","Near to home","","",""
"P0122",51,"Female","Australia","Oceania","Skilled working class","Seamstress",8,"14.2","Barter","Horse and cart","Often",7,"Bad","Very bad","Ok","Bad","Bad","","","","","","Obliging staff",""
"P0123",68,"Female","United States","North America","Working class","Domestic servant",6,"17.1","Cash","On foot","Rarely",7,"Bad","Ok","Bad","Bad","Very bad","","","","","","","The confectioner's sweets were affordable only by comparison to London establishments."
"P0124",26,"Male","United States","North America","Skilled working class","Governess",8,"24.5","Cash","On foot","Sometimes",9,"Very good","Good","Bad","Bad","Good","Fair prices","","Generous credit terms","Near to home","Variety on offer","Obliging staff",""
"P0125",33,"Male","United Kingdom","Europe","Skilled working class","Clerk",7,"16.5","Barter","Horse and cart","Always",8,"Good","Good","Very good","Bad","Ok","","","","","","Obliging staff","The confectioner maintained consistent quality, if portions seemed to diminish over successive visits."
"P0126",38,"Female","United Kingdom","Europe","Upper class","Shopkeeper",6,"36.3","Cash","On foot","Rarely",4,"Bad","Very bad","Very bad","Very bad","Very bad","Fair prices","Quality of the goods","Generous credit terms","","","",""
"P0127",50,"Female","Canada","North America","Poor","Labourer",4,"13.7","Cash","On foot","Often",10,"Very good","Very good","Ok","Very good","Good","Fair prices","","Generous credit terms","Near to home","Variety on offer","",""
"P0128",48,"Male","United Kingdom","Europe","Upper class","Governess",6,"19.5","On account","On foot","Always",7,"Good","Ok","Good","Bad","Good","","","","","Variety on offer","",""
"P0129",60,"Male","Ireland","Europe","Skilled working class","Domestic servant",6,"24.2","Cash","Railway","Always",7,"Good","Ok","Ok","Ok","Good","","Quality of the goods","Generous credit terms","","Variety on offer","",""
"P0130",34,"Male","Ireland","Europe","Working class","Seamstress",8,"31.8","On account","On foot","Often",7,"Bad","Ok","Ok","Ok","Ok","Fair prices","","Generous credit terms","","Variety on offer","Obliging staff",""
"P0131",58,"Male","United Kingdom","Europe","Lower middle class","Schoolteacher",12,"14.2","On account","On foot","Often",6,"Ok","Bad","Bad","Bad","Good","Fair prices","","","","","Obliging staff","I found the confectioner's sweets to be of such poor quality that I felt embarrassed to offer them to guests."
"P0132",48,"Female","United States","North America","Skilled working class","Mill worker",6,"15.4","On account","On foot","Often",6,"Ok","Ok","Bad","Bad","Good","Fair prices","","","Near to home","","","My errand boy package was delivered to the wrong address despite explicit instructions written upon it."
"P0133",32,"Male","Australia","Oceania","Skilled working class","Schoolteacher",6,"9.9","On account","On foot","Sometimes",10,"Very good","Very good","Ok","Good","Very good","","Quality of the goods","","Near to home","","Obliging staff",""
"P0134",56,"Female","Ireland","Europe","Working class","Domestic servant",2,"34.7","Barter","Horse and cart","Often",10,"Very good","Very good","Very good","Good","Very good","","","Generous credit terms","Near to home","Variety on offer","",""
"P0135",49,"Male","United Kingdom","Europe","Working class","Labourer",1,"16.2","On account","Railway","Always",7,"Very good","Good","Bad","Good","Ok","Fair prices","","Generous credit terms","Near to home","Variety on offer","","The draper's returns policy was more reasonable than at some competing establishments."
"P0136",48,"Female","United Kingdom","Europe","Skilled working class","Farmer",10,"20.6","Cash","Bicycle","Sometimes",8,"Good","Ok","Very good","Good","Good","Fair prices","","Generous credit terms","Near to home","Variety on offer","Obliging staff",""
"P0137",43,"Female","United Kingdom","Europe","Working class","Seamstress",12,"20.6","On account","Bicycle","Sometimes",9,"Ok","Good","Good","Good","Ok","Fair prices","Quality of the goods","","Near to home","","","The shop girl who assisted me understood precisely the effect I was attempting to achieve with my ribbon purchase."
"P0138",50,"Male","India","Asia","Skilled working class","Mill worker",5,"8.9","On account","On foot","Never",7,"Bad","Good","Bad","Very bad","Very bad","","Quality of the goods","","Near to home","","Obliging staff","The floorwalker's uniform marked his authority, which he seemed reluctant to exercise."
"P0139",67,"Female","United Kingdom","Europe","Skilled working class","Schoolteacher",4,"11.7","Barter","Omnibus","Sometimes",5,"Ok","Ok","Bad","Very bad","Very bad","Fair prices","","","","Variety on offer","","The haberdashery shop girl suggested the fault lay with me when the ribbon I purchased proved to be defective."
"P0140",51,"Male","United States","North America","Skilled working class","Shopkeeper",1,"14.4","On account","Omnibus","Often",7,"Bad","Ok","Ok","Very bad","Very bad","","Quality of the goods","","","","","One appreciated the haberdashery's willingness to special-order items, despite the additional waiting period."
"P0141",42,"Male","Australia","Oceania","Lower middle class","Seamstress",8,"13.6","Cash","Horse and cart","Sometimes",6,"Good","Good","Ok","Ok","Ok","Fair prices","Quality of the goods","","Near to home","","",""
"P0142",40,"Female","United Kingdom","Europe","Upper middle class","Farmer",8,"13.7","Cash","Horse and cart","Often",7,"Good","Good","Bad","Ok","Ok","","","","","Variety on offer","",""
"P0143",59,"Female","United Kingdom","Europe","Lower middle class","Domestic servant",6,"21.6","On account","Railway","Always",6,"Bad","Very bad","Bad","Very bad","Very bad","Fair prices","Quality of the goods","Generous credit terms","","Variety on offer","",""
"P0144",39,"Male","United States","North America","Skilled working class","Shopkeeper",8,"24.4","Cash","Bicycle","Often",8,"Good","Ok","Ok","Good","Very good","","Quality of the goods","Generous credit terms","","","",""
"P0145",29,"Female","United Kingdom","Europe","Lower middle class","Seamstress",2,"23","On account","On foot","Sometimes",7,"Very good","Good","Ok","Ok","Good","Fair prices","","","","","",""
"P0146",55,"Female","Canada","North America","Upper middle class","Mill worker",2,"28.9","Cash","Horse and cart","Often",5,"Bad","Bad","Ok","Bad","Bad","Fair prices","Quality of the goods","","","Variety on offer","","The draper's calico in the shade I desired was unavailable and no one offered to locate it from another branch."
"P0147",32,"Female","United Kingdom","Europe","Lower middle class","Shopkeeper",3,"21.3","Cash","Horse and cart","Sometimes",7,"Good","Bad","Ok","Ok","Ok","Fair prices","Quality of the goods","","Near to home","Variety on offer","",""
"P0148",47,"Female","United States","North America","Working class","Labourer",3,"17.6","Cash","Railway","Rarely",8,"Ok","Good","Ok","Bad","Ok","","Quality of the goods","Generous credit terms","Near to home","","","The errand boy's youth and vigor made him suitable for work that would exhaust an older worker."
"P0149",69,"Male","Canada","North America","Lower middle class","Schoolteacher",2,"13.2","Cash","Horse and cart","Sometimes",8,"Good","Ok","Bad","Good","Very bad","Fair prices","","Generous credit terms","","Variety on offer","",""
"P0150",50,"Female","Ireland","Europe","Poor","Shopkeeper",5,"3.8","Cash","Bicycle","Always",6,"Ok","Ok","Bad","Very bad","Bad","Fair prices","Quality of the goods","","","","Obliging staff","The boot leather has developed creases and wrinkles that make it appear cheap and worn within mere weeks."
"P0151",50,"Female","Australia","Oceania","Working class","Domestic servant",2,"4.5","On account","On foot","Sometimes",8,"Good","Very good","Good","Very good","Good","","Quality of the goods","Generous credit terms","Near to home","Variety on offer","",""
"P0152",27,"Female","United Kingdom","Europe","Skilled working class","Farmer",5,"13.1","On account","On foot","Rarely",4,"Bad","Good","Ok","Very bad","Very bad","","Quality of the goods","Generous credit terms","","Variety on offer","","My credit terms were altered substantially and I received no notification of the change prior to being charged."
"P0153",26,"Male","Canada","North America","Upper class","Farmer",3,"15.2","On account","Railway","Often",5,"Good","Ok","Ok","Bad","Very bad","","Quality of the goods","","Near to home","","Obliging staff","The draper's calico, when examined carefully, shows obvious signs of inferior manufacturing and weaving."
"P0154",29,"Male","United Kingdom","Europe","Lower middle class","Mill worker",3,"16.6","Cash","Railway","Rarely",7,"Bad","Good","Ok","Bad","Good","Fair prices","","","","Variety on offer","",""
"P0155",70,"Male","India","Asia","Skilled working class","Farmer",9,"2","Cash","Railway","Rarely",7,"Ok","Bad","Bad","Ok","Ok","Fair prices","Quality of the goods","","","","Obliging staff","The linen hall's damask proved serviceable for its intended purpose, if not luxurious."
"P0156",52,"Male","Canada","North America","Skilled working class","Domestic servant",4,"16.8","Cash","On foot","Often",6,"Bad","Good","Bad","Very bad","Ok","Fair prices","","","","","",""
"P0157",40,"Female","Ireland","Europe","Lower middle class","Labourer",3,"29.7","Barter","Bicycle","Always",5,"Good","Ok","Very bad","Bad","Bad","","Quality of the goods","Generous credit terms","","","","The boot department's staff have become increasingly unhelpful with each successive visit to the establishment."
"P0158",59,"Female","Ireland","Europe","Skilled working class","Domestic servant",5,"38.1","On account","On foot","Always",7,"Very good","Very good","Good","Ok","Good","Fair prices","Quality of the goods","","Near to home","","",""
"P0159",47,"Male","India","Asia","Upper middle class","Seamstress",8,"18.3","Cash","Bicycle","Sometimes",7,"Bad","Very bad","Very bad","Ok","Ok","Fair prices","Quality of the goods","","Near to home","","Obliging staff",""
"P0160",18,"Female","Canada","North America","Poor","Shopkeeper",6,"18.6","On account","Railway","Often",9,"Good","Bad","Ok","Ok","Ok","","","","","","Obliging staff",""
"P0161",19,"Female","Australia","Oceania","Upper middle class","Domestic servant",4,"14.4","On account","Omnibus","Always",7,"Ok","Bad","Ok","Good","Good","","","Generous credit terms","","","Obliging staff",""
"P0162",20,"Female","United Kingdom","Europe","Skilled working class","Seamstress",2,"24.4","Cash","Motor-car","Always",7,"Good","Good","Ok","Bad","Ok","Fair prices","Quality of the goods","","Near to home","","Obliging staff",""
"P0163",37,"Female","United States","North America","Skilled working class","",4,"22.5","Cash","On foot","Always",8,"Ok","Good","Bad","Good","Ok","","","Generous credit terms","","","",""
"P0164",38,"Male","Canada","North America","Working class","Labourer",8,"15.8","Cash","Bicycle","Often",5,"Very good","Very good","Ok","Bad","Ok","","","","","","","The errand boy's service has become so undependable that I no longer feel comfortable placing orders by post."
"P0165",53,"Male","United Kingdom","Europe","Upper middle class","Labourer",4,"3.9","Cash","Bicycle","Often",3,"Bad","Very bad","Bad","Ok","Very bad","Fair prices","Quality of the goods","","","Variety on offer","",""
"P0166",57,"Male","Ireland","Europe","Lower middle class","Clerk",3,"13.7","Cash","Horse and cart","Never",6,"Bad","Bad","Ok","Ok","Bad","Fair prices","Quality of the goods","Generous credit terms","Near to home","Variety on offer","",""
"P0167",40,"Male","United Kingdom","Europe","Working class","Shopkeeper",1,"20.6","On account","On foot","Rarely",10,"Very good","Good","Ok","Ok","Ok","","Quality of the goods","","Near to home","","","The grocer's tea, when brewed according to the shopkeeper's directions, produces a most satisfactory result."
"P0168",27,"Female","United States","North America","Skilled working class","Mill worker",7,"19.1","On account","On foot","Always",5,"Ok","Bad","Very bad","Very bad","Ok","","Quality of the goods","Generous credit terms","Near to home","","",""
"P0169",26,"Female","United States","North America","Skilled working class","Mill worker",7,"21","Cash","On foot","Sometimes",10,"Very good","Very good","Ok","Good","Very good","","Quality of the goods","Generous credit terms","Near to home","","Obliging staff",""
"P0170",68,"Female","India","Asia","Skilled working class","Mill worker",2,"22.1","Cash","On foot","Sometimes",7,"Ok","Ok","Ok","Very bad","Good","Fair prices","","","","Variety on offer","",""
"P0171",25,"Female","United Kingdom","Europe","Skilled working class","Domestic servant",1,"20.7","Cash","Bicycle","Always",9,"Good","Good","Very good","Ok","Very good","Fair prices","","","Near to home","","Obliging staff",""
"P0172",51,"Female","United Kingdom","Europe","Upper middle class","Domestic servant",5,"26","On account","On foot","Sometimes",8,"Very good","Very good","Very good","Good","Very good","Fair prices","","Generous credit terms","Near to home","","",""
"P0173",25,"Female","United Kingdom","Europe","Working class","Seamstress",4,"17.1","Cash","On foot","Often",4,"Bad","Bad","Good","Ok","Ok","Fair prices","Quality of the goods","Generous credit terms","","Variety on offer","",""
"P0174",32,"Female","United Kingdom","Europe","Lower middle class","Clerk",7,"37.6","Cash","Bicycle","Sometimes",7,"Bad","Bad","Bad","Very bad","Good","Fair prices","Quality of the goods","Generous credit terms","Near to home","","","The manager appeared genuinely interested in resolving complaints, though his authority remained questionable."
"P0175",31,"Female","United Kingdom","Europe","Lower middle class","Shopkeeper",6,"13.5","Barter","On foot","Often",8,"Very good","Ok","Bad","Bad","Ok","Fair prices","Quality of the goods","Generous credit terms","","Variety on offer","Obliging staff",""
"P0176",52,"Female","Canada","North America","Upper middle class","Domestic servant",3,"17.1","Cash","On foot","Rarely",8,"Good","Very good","Good","Good","Good","","Quality of the goods","Generous credit terms","","","",""
"P0177",56,"Female","India","Asia","Skilled working class","Labourer",9,"20.5","Cash","Omnibus","Sometimes",9,"Good","Bad","Good","Very good","Bad","Fair prices","Quality of the goods","","Near to home","","",""
"P0178",60,"Prefer not to answer","United Kingdom","Europe","Upper middle class","Shopkeeper",2,"6.1","On account","On foot","Always",9,"Ok","Good","Ok","Ok","Very good","","","","","","",""
"P0179",34,"Female","United Kingdom","Europe","Working class","Mill worker",5,"12.7","On account","Omnibus","Often",10,"Very good","Good","Ok","Ok","Very good","","","","","","Obliging staff","The draper's calico in pastels is particularly suited to the spring season and I have purchased several lengths."
"P0180",34,"Female","Australia","Oceania","Poor","Shopkeeper",1,"21.1","Cash","Bicycle","Always",7,"Good","Good","Bad","Bad","Bad","Fair prices","","Generous credit terms","Near to home","","","The floorwalker seemed attentive at first, though he disappeared when questions arose."
"P0181",48,"Female","United Kingdom","Europe","Skilled working class","Schoolteacher",6,"10.2","On account","Railway","Sometimes",9,"Good","Good","Bad","Bad","Very good","","Quality of the goods","","Near to home","Variety on offer","",""
"P0182",33,"Female","United States","North America","Upper middle class","Domestic servant",7,"14.2","Barter","Horse and cart","Rarely",5,"Ok","Bad","Bad","Ok","Ok","Fair prices","Quality of the goods","","","Variety on offer","Obliging staff",""
"P0183",74,"Female","Ireland","Europe","Working class","Governess",6,"31.3","On account","Bicycle","Sometimes",7,"Bad","Ok","Ok","Ok","Bad","Fair prices","Quality of the goods","Generous credit terms","","","Obliging staff",""
"P0184",34,"Male","United Kingdom","Europe","Lower middle class","Mill worker",4,"14.9","Cash","Omnibus","Sometimes",9,"Good","Ok","Bad","Ok","Good","Fair prices","Quality of the goods","","Near to home","Variety on offer","","The linen hall damask available through credit terms has allowed me to furnish my new sitting room quite handsomely."
"P0185",62,"Female","United Kingdom","Europe","Lower middle class","Farmer",3,"17","Cash","Omnibus","Sometimes",6,"Bad","Very bad","Good","Good","Ok","","Quality of the goods","","","","",""
"P0186",34,"Male","Australia","Oceania","Lower middle class","Mill worker",4,"20.3","Cash","Omnibus","Always",6,"Bad","Very bad","Bad","Ok","Ok","Fair prices","Quality of the goods","","Near to home","Variety on offer","Obliging staff",""
"P0187",45,"Male","India","Asia","Lower middle class","Mill worker",1,"37.3","Cash","On foot","Often",9,"Good","Ok","Good","Ok","Ok","","","Generous credit terms","","Variety on offer","",""
"P0188",26,"Female","Canada","North America","","Governess",3,"17.1","On account","On foot","Often",4,"Ok","Ok","Very bad","Bad","Very bad","Fair prices","Quality of the goods","","Near to home","Variety on offer","Obliging staff",""
"P0189",55,"Male","United Kingdom","Europe","Skilled working class","Clerk",8,"37.1","Cash","On foot","Always",5,"Good","Very good","Ok","Good","Ok","","Quality of the goods","","","","",""
"P0190",50,"Male","United Kingdom","Europe","Lower middle class","Governess",5,"29.1","Cash","Motor-car","Rarely",9,"Ok","Very good","Very good","Ok","Ok","Fair prices","","","","Variety on offer","","The haberdashery shop girl remembers my preferences and sets aside items she believes I will appreciate."
"P0191",36,"Female","Ireland","Europe","Upper middle class","Domestic servant",1,"24.8","Cash","Horse and cart","Always",5,"Ok","Good","Very bad","Very bad","Ok","Fair prices","Quality of the goods","","","","","My account statement shows charges for items I do not recognize and the manager refuses to investigate."
"P0192",51,"Female","United Kingdom","Europe","Skilled working class","Governess",4,"19.9","Cash","Railway","Sometimes",5,"Ok","Very bad","Bad","Ok","Very bad","Fair prices","Quality of the goods","","","","Obliging staff",""
"P0193",56,"Male","United Kingdom","Europe","Poor","Governess",4,"16.2","Cash","Horse and cart","Rarely",10,"Very good","Very good","Good","Good","Very good","","","Generous credit terms","Near to home","","","My credit account was extended without difficulty when I provided evidence of steady employment and prior payments."
"P0194",38,"Female","Australia","Oceania","Lower middle class","Domestic servant",3,"25.1","Cash","On foot","Often",9,"Good","Ok","Ok","Ok","Bad","Fair prices","Quality of the goods","","Near to home","","","The haberdashery department's prices remain competitive even when purchasing larger quantities of ribbon."
"P0195",42,"Male","United Kingdom","Europe","Skilled working class","Mill worker",5,"31","Cash","Motor-car","Sometimes",6,"Ok","Good","Good","Ok","Ok","Fair prices","","Generous credit terms","","Variety on offer","Obliging staff",""
"P0196",41,"Female","United Kingdom","Europe","Lower middle class","Seamstress",3,"23.5","On account","On foot","Sometimes",8,"Good","Ok","Ok","Very bad","Ok","Fair prices","","Generous credit terms","","Variety on offer","","Manchester's shopping district rewards those with time for thorough exploration and negotiation."
"P0197",47,"Male","United Kingdom","Europe","Skilled working class","Mill worker",4,"22.8","On account","Horse and cart","Sometimes",6,"Ok","Bad","Bad","Very bad","Ok","","Quality of the goods","","","","Obliging staff",""
"P0198",49,"Female","United Kingdom","Europe","Lower middle class","Domestic servant",5,"29.8","Cash","On foot","Sometimes",10,"Very good","Very good","Very good","Very good","Very good","","Quality of the goods","","","","",""
"P0199",52,"Female","United Kingdom","Europe","Working class","Farmer",8,"18","On account","On foot","Often",6,"Bad","Ok","Bad","Ok","Bad","Fair prices","","","Near to home","Variety on offer","",""
"P0200",41,"Female","United Kingdom","Europe","Working class","Schoolteacher",10,"23.8","On account","Omnibus","Often",8,"Good","Good","Ok","Ok","Ok","Fair prices","","","Near to home","Variety on offer","Obliging staff",""
"P0201",62,"Female","India","Asia","Lower middle class","Shopkeeper",4,"8.9","Cash","On foot","Always",5,"Bad","Very bad","Very bad","Ok","Bad","Fair prices","","","","","",""
"P0202",27,"Female","United States","North America","Working class","Domestic servant",4,"13.8","Barter","On foot","Sometimes",6,"Bad","Ok","Good","Ok","Very good","Fair prices","Quality of the goods","","Near to home","Variety on offer","Obliging staff","I found the manager's suggestion to purchase extended credit most inappropriate given my financial situation."
"P0203",47,"Female","United Kingdom","Europe","Working class","Clerk",8,"8.7","Cash","On foot","Always",9,"Very good","Good","Good","Ok","Very good","Fair prices","Quality of the goods","","Near to home","","",""
"P0204",43,"Female","United Kingdom","Europe","Lower middle class","Farmer",8,"12.5","On account","Horse and cart","Often",9,"Very good","Good","Bad","Good","Good","Fair prices","","","","Variety on offer","",""
"P0205",43,"Male","Ireland","Europe","Skilled working class","Farmer",4,"18","Cash","On foot","Sometimes",4,"Very bad","Bad","Ok","Very bad","Ok","Fair prices","","Generous credit terms","","Variety on offer","Obliging staff","The boot leather I selected has proven to be highly susceptible to water damage and staining."
"P0206",29,"","United States","North America","Skilled working class","Farmer",9,"24.7","Cash","On foot","Sometimes",6,"Good","Ok","Ok","Ok","Ok","","","Generous credit terms","","","Obliging staff","The haberdashery shop girl seemed almost resentful of my inquiries regarding the return policy."
"P0207",34,"Male","United Kingdom","Europe","Working class","Domestic servant",4,"15.6","On account","Railway","Often",7,"Very bad","Bad","Ok","Ok","Ok","","Quality of the goods","","","Variety on offer","Obliging staff","The manager responded to my request for credit with hesitation, though ultimately agreed."
"P0208",47,"Female","Canada","North America","Skilled working class","Labourer",4,"29.7","On account","Bicycle","Sometimes",6,"Ok","Ok","Very bad","Bad","Bad","","","","","","","The linen hall damask section is now so disorganized that shopping there is far more frustrating than pleasant."
"P0209",18,"Male","India","Asia","Working class","Domestic servant",2,"23.6","Barter","On foot","Sometimes",7,"Bad","Ok","Bad","Bad","Bad","Fair prices","","Generous credit terms","","Variety on offer","",""
"P0210",42,"Female","India","Asia","Skilled working class","Seamstress",5,"10.3","Cash","On foot","Sometimes",3,"Very bad","Very bad","Very bad","Bad","Very bad","Fair prices","Quality of the goods","Generous credit terms","","Variety on offer","",""
"P0211",50,"Female","United Kingdom","Europe","Lower middle class","Shopkeeper",2,"19.3","Cash","Horse and cart","Rarely",6,"Good","Ok","Ok","Bad","Bad","","","","","","","I cannot recommend the confectioner's sweets to anyone given their consistent decline in quality."
"P0212",25,"Male","United States","North America","Working class","Shopkeeper",4,"24.8","Cash","On foot","Often",10,"Good","Ok","Ok","Good","Very good","Fair prices","Quality of the goods","","","","",""
"P0213",47,"Female","United Kingdom","Europe","Skilled working class","Mill worker",4,"14.9","Cash","On foot","Sometimes",6,"Good","Bad","Very bad","Bad","Ok","Fair prices","Quality of the goods","","","","","My credit account shows a charge that I absolutely did not authorize and efforts to contact the manager have been futile."
"P0214",25,"Male","Ireland","Europe","Lower middle class","Clerk",9,"23.4","On account","Bicycle","Sometimes",7,"Very good","Ok","Ok","Ok","Bad","Fair prices","","","Near to home","","","The boot department's leather goods were reliable if uninspired in their styling choices."
"P0215",46,"Female","India","Asia","","Clerk",2,"14.6","Cash","Railway","Often",5,"Bad","Ok","Very bad","Very bad","Bad","Fair prices","Quality of the goods","Generous credit terms","Near to home","","","The grocer's tea has become so expensive and poor in quality that I have shifted my business entirely."
"P0216",43,"Female","India","Asia","Skilled working class","Farmer",9,"18.5","On account","Horse and cart","Sometimes",7,"Good","Bad","Good","Ok","Ok","","Quality of the goods","","Near to home","Variety on offer","","The manager listened to complaints without interruption, though remedies remained elusive."
"P0217",45,"Male","United Kingdom","Europe","Working class","Clerk",1,"11.1","On account","On foot","Often",7,"Very good","Ok","Bad","Ok","Very bad","Fair prices","Quality of the goods","","Near to home","","Obliging staff",""
"P0218",47,"Male","Australia","Oceania","Skilled working class","Clerk",3,"27.8","Cash","On foot","Always",10,"Good","Ok","Good","Ok","Very good","","","","Near to home","","","The floorwalker assisted my elderly mother with such gentle courtesy that she speaks of it yet."
"P0219",40,"Male","Ireland","Europe","Lower middle class","Labourer",1,"25.1","Cash","On foot","Often",8,"Very good","Very good","Ok","Good","Very good","Fair prices","Quality of the goods","","","Variety on offer","","The village shop stocks essentials adequately, though quality and selection cannot compete with county seats."
"P0220",39,"Male","United Kingdom","Europe","Skilled working class","Labourer",5,"13.6","On account","On foot","Often",5,"Ok","Bad","Bad","Very bad","Ok","Fair prices","","","Near to home","Variety on offer","","My credit account reflects charges that I absolutely did not authorize and cannot be explained satisfactorily."
"P0221",41,"Female","United Kingdom","Europe","Working class","Mill worker",5,"3.7","Cash","On foot","Always",7,"Bad","Bad","Good","Very bad","Ok","Fair prices","Quality of the goods","","Near to home","Variety on offer","",""
"P0222",51,"Male","United Kingdom","Europe","Poor","Mill worker",7,"16.1","On account","Horse and cart","Often",3,"Bad","Bad","Very bad","Very bad","Very bad","Fair prices","Quality of the goods","","","Variety on offer","","I found the grocer's measurement of tea to be inaccurate by more than an ounce on repeated purchases."
"P0223",41,"Female","United Kingdom","Europe","Working class","Clerk",4,"19.6","Cash","Horse and cart","Sometimes",6,"Ok","Bad","Ok","Very bad","Bad","","Quality of the goods","","","Variety on offer","Obliging staff",""
"P0224",42,"Female","United Kingdom","Europe","","Domestic servant",2,"16.3","Cash","On foot","Rarely",9,"Good","Very good","Bad","Very good","Ok","Fair prices","","","","","","The errand boy's punctuality has become such that I schedule my afternoons around his expected arrival time."
"P0225",58,"Female","United Kingdom","Europe","Working class","Labourer",4,"26.9","Barter","On foot","Often",10,"Very good","Very good","Good","Ok","Very good","","Quality of the goods","","Near to home","Variety on offer","","The errand boy's delivery service has proven so reliable that I have entrusted him with quite valuable parcels."
"P0226",47,"Female","Ireland","Europe","Upper middle class","Schoolteacher",6,"16.4","Cash","Omnibus","Often",9,"Very good","Good","Bad","Ok","Ok","Fair prices","","","Near to home","Variety on offer","",""
"P0227",28,"Male","Australia","Oceania","Working class","Schoolteacher",3,"17","Cash","Horse and cart","Rarely",8,"Good","Very good","Ok","Ok","Ok","Fair prices","","Generous credit terms","Near to home","Variety on offer","",""
"P0228",49,"Male","United States","North America","Lower middle class","Farmer",9,"10.2","On account","On foot","Never",8,"Bad","Ok","Good","Ok","Good","Fair prices","Quality of the goods","","Near to home","Variety on offer","Obliging staff","One visited during Candlemas, when shopping crowds are generally reduced and service improved."
"P0229",30,"Male","United Kingdom","Europe","Working class","Mill worker",8,"20.3","Cash","Railway","Often",5,"Ok","Ok","Bad","Very bad","Good","","Quality of the goods","","Near to home","Variety on offer","Obliging staff","The errand boy package was so poorly wrapped that I feared for the integrity of the contents."
"P0230",56,"Female","Australia","Oceania","Lower middle class","Shopkeeper",3,"16.1","On account","Railway","Always",3,"Very bad","Very bad","Very bad","Very bad","Bad","","Quality of the goods","","Near to home","","",""
"P0231",46,"Female","United Kingdom","Europe","Skilled working class","Domestic servant",4,"28.9","Barter","Railway","Sometimes",8,"Good","Ok","Good","Bad","Bad","Fair prices","Quality of the goods","","","","","The linen hall's damask wrapping was secured with appropriate care during the journey."
"P0232",32,"Female","Ireland","Europe","Poor","Labourer",2,"20.8","On account","Bicycle","Often",9,"Very good","Very good","Very good","Ok","Good","Fair prices","","","","Variety on offer","","I have passed word to several neighbours regarding the establishment's fair prices and courteous service."
"P0233",32,"Male","United Kingdom","Europe","Working class","Clerk",2,"18.8","Cash","Bicycle","Often",7,"Good","Ok","Bad","Very bad","Good","Fair prices","","","","Variety on offer","",""
"P0234",46,"Female","United Kingdom","Europe","Lower middle class","Farmer",4,"17.7","On account","Omnibus","Sometimes",7,"Very good","Bad","Bad","Ok","Good","Fair prices","Quality of the goods","","","","Obliging staff","The draper's calico was of good quality, though the price seemed dear for what one received."
"P0235",31,"Female","United Kingdom","Europe","Skilled working class","Clerk",9,"25.8","On account","Omnibus","Often",7,"Bad","Ok","Very bad","Ok","Ok","","Quality of the goods","Generous credit terms","","","Obliging staff",""
"P0236",29,"Male","Australia","Oceania","Lower middle class","Mill worker",4,"13.2","On account","On foot","Often",3,"Very bad","Bad","Bad","Bad","Very bad","Fair prices","Quality of the goods","","","","Obliging staff",""
"P0237",29,"Female","Australia","Oceania","Skilled working class","Clerk",7,"25.8","Cash","On foot","Sometimes",7,"Good","Bad","Bad","Ok","Ok","Fair prices","","Generous credit terms","Near to home","","","The boot department's leather conditioner was complimentary with purchase, a considerate gesture."
"P0238",35,"Female","United Kingdom","Europe","Lower middle class","Shopkeeper",3,"17.7","Cash","Horse and cart","Sometimes",10,"Ok","Ok","Very bad","Bad","Ok","Fair prices","","","Near to home","","",""
"P0239",28,"Female","United Kingdom","Europe","Skilled working class","Labourer",4,"11","Barter","Horse and cart","Often",7,"Ok","Good","Good","Good","Good","","","Generous credit terms","Near to home","Variety on offer","",""
"P0240",28,"Female","United States","North America","Upper middle class","Schoolteacher",7,"14.3","Cash","On foot","Often",8,"Ok","Good","Good","Ok","Ok","","","","Near to home","","Obliging staff",""
"P0241",80,"Female","Ireland","Europe","Upper middle class","Clerk",6,"34.8","Cash","On foot","Always",10,"Very good","Good","Very good","Good","Very good","Fair prices","Quality of the goods","","Near to home","Variety on offer","Obliging staff","The haberdashery staff are unfailingly polite and never make one feel rushed despite being quite busy."
"P0242",47,"Female","United Kingdom","Europe","Skilled working class","Mill worker",7,"13.6","On account","On foot","Rarely",8,"Good","Good","Ok","Ok","Good","","Quality of the goods","","","","","Lady Day marked the annual migration to seasonal wardrobes, creating considerable shopping pressure."
"P0243",37,"","United States","North America","Working class","Domestic servant",3,"2.9","On account","On foot","Rarely",8,"Bad","Ok","Very bad","Bad","Good","Fair prices","","","","Variety on offer","","The haberdashery's closing inventory sale offered modest reductions, though superior selections had already sold."
"P0244",41,"Male","United States","North America","Lower middle class","Seamstress",5,"23.8","Barter","On foot","Sometimes",8,"Good","Bad","Bad","Ok","Ok","","Quality of the goods","","","Variety on offer","Obliging staff",""
"P0245",55,"Male","United Kingdom","Europe","Working class","Governess",7,"32.4","Cash","On foot","Always",10,"Very good","Ok","Ok","Good","Good","Fair prices","","","","","",""
"P0246",78,"Female","United States","North America","Lower middle class","Clerk",4,"24.6","Barter","On foot","Rarely",9,"Good","Very good","Very bad","Ok","Good","Fair prices","","","","Variety on offer","",""
"P0247",22,"","United Kingdom","Europe","Working class","Labourer",5,"20.2","Cash","Omnibus","Often",5,"Ok","Good","Good","Very bad","Bad","","Quality of the goods","","Near to home","Variety on offer","",""
"P0248",72,"Male","United Kingdom","Europe","Working class","",4,"20.9","Cash","On foot","Often",6,"Good","Bad","Bad","Very bad","Ok","Fair prices","","","Near to home","Variety on offer","Obliging staff","The confectioner's sweets are now so inferior that I cannot imagine serving them to anyone I know."
"P0249",61,"Male","United Kingdom","Europe","Working class","Clerk",4,"34.6","Cash","On foot","Sometimes",8,"Ok","Bad","Bad","Bad","Good","","Quality of the goods","","","","",""
"P0250",58,"Female","India","Asia","Working class","Clerk",3,"13.5","Cash","On foot","Always",9,"Good","Very good","Ok","Ok","Ok","Fair prices","Quality of the goods","","","Variety on offer","Obliging staff",""
"P0251",38,"Female","Ireland","Europe","Working class","Seamstress",5,"27.1","Barter","On foot","Rarely",5,"Bad","Ok","Bad","Very bad","Ok","","Quality of the goods","","Near to home","Variety on offer","",""
"P0252",44,"Male","Ireland","Europe","Skilled working class","Schoolteacher",6,"18.7","On account","On foot","Often",8,"Good","Good","Ok","Bad","Ok","","Quality of the goods","","","","",""
"P0253",23,"Male","United Kingdom","Europe","Lower middle class","Mill worker",8,"15.8","Barter","Railway","Often",8,"Very good","Very good","Bad","Bad","Very good","Fair prices","","","Near to home","","",""
"P0254",36,"Female","United Kingdom","Europe","Lower middle class","Farmer",4,"22.5","Cash","Horse and cart","Sometimes",5,"Good","Very bad","Ok","Very bad","Bad","Fair prices","Quality of the goods","Generous credit terms","","","Obliging staff","The boot leather's poor quality makes me reluctant to purchase from the department again."
"P0255",61,"Male","United Kingdom","Europe","Working class","",6,"7.9","Cash","Railway","Rarely",8,"Good","Ok","Very bad","Bad","Good","Fair prices","","","","Variety on offer","Obliging staff",""
"P0256",56,"Female","India","Asia","Working class","Mill worker",7,"14.5","Cash","On foot","Sometimes",7,"Very good","Good","Ok","Ok","Good","Fair prices","Quality of the goods","Generous credit terms","Near to home","Variety on offer","Obliging staff","The errand boy's cart was overloaded with deliveries, yet he managed the route competently."
"P0257",46,"Female","United Kingdom","Europe","Lower middle class","Shopkeeper",5,"16.1","On account","Horse and cart","Sometimes",5,"Very bad","Very bad","Bad","Very bad","Ok","","Quality of the goods","Generous credit terms","Near to home","Variety on offer","Obliging staff","The boot leather selected developed an odour most unpleasant within days of purchase."
"P0258",18,"Female","Ireland","Europe","Upper middle class","Clerk",2,"10.7","On account","Bicycle","Often",6,"Ok","Bad","Bad","Ok","Bad","","","","","Variety on offer","Obliging staff",""
"P0259",32,"Female","Ireland","Europe","Lower middle class","Farmer",3,"4.8","On account","Omnibus","Often",7,"Good","Ok","Ok","Good","Good","","Quality of the goods","","","Variety on offer","",""
"P0260",42,"Female","United Kingdom","Europe","Skilled working class","Labourer",7,"17.3","On account","Horse and cart","Sometimes",5,"Ok","Ok","Good","Good","Bad","Fair prices","Quality of the goods","","Near to home","","Obliging staff","The grocer's tea selection has become so limited that I must seek alternatives elsewhere."
"P0261",18,"Female","United Kingdom","Europe","","Domestic servant",4,"19","On account","Horse and cart","Often",4,"Ok","Bad","Bad","Ok","Very bad","","Quality of the goods","","","","","The linen hall damask quality has deteriorated noticeably and the selection is now quite limited."
"P0262",36,"Female","United Kingdom","Europe","Upper middle class","Clerk",5,"21.8","On account","Bicycle","Rarely",7,"Good","Good","Ok","Ok","Good","Fair prices","Quality of the goods","","","Variety on offer","","Manchester's commercial district sprawls considerably, making one's shopping expedition rather exhausting."
"P0263",22,"Male","United Kingdom","Europe","Skilled working class","Farmer",1,"4.9","Cash","Motor-car","Often",10,"Bad","Very good","Ok","Ok","Ok","Fair prices","","","Near to home","","","The floorwalker assisted me with such grace that I felt welcomed rather than merely tolerated."
"P0264",70,"Female","Ireland","Europe","Skilled working class","Domestic servant",5,"28","On account","On foot","Often",7,"Very good","Good","Ok","Ok","Ok","Fair prices","Quality of the goods","Generous credit terms","","Variety on offer","",""
"P0265",57,"Male","Australia","Oceania","Skilled working class","Mill worker",7,"17.6","Cash","Omnibus","Often",5,"Ok","Bad","Very bad","Bad","Very bad","","Quality of the goods","","","","Obliging staff","The linen hall damask I admired in the window proved to be dramatically overpriced once I learned the cost."
"P0266",18,"Female","United Kingdom","Europe","Skilled working class","Seamstress",7,"25.9","On account","Horse and cart","Always",7,"Very good","Bad","Good","Bad","Very good","","","Generous credit terms","Near to home","","",""
"P0267",43,"Female","United Kingdom","Europe","Upper middle class","Labourer",3,"22.9","Cash","Bicycle","Sometimes",7,"Ok","Ok","Very bad","Ok","Bad","","Quality of the goods","","","Variety on offer","",""
"P0268",52,"Female","United Kingdom","Europe","Lower middle class","Clerk",8,"7.9","On account","Omnibus","Often",8,"Good","Very bad","Very bad","Ok","Very bad","","","","","","","The shop girl's familiarity with regular customers extended to their usual preferences."
"P0269",40,"Male","United Kingdom","Europe","Skilled working class","Seamstress",2,"9.5","On account","On foot","Rarely",6,"Ok","Ok","Bad","Good","Ok","","","","","","",""
"P0270",47,"Male","United Kingdom","Europe","Lower middle class","Clerk",7,"12.9","On account","On foot","Always",8,"Ok","Ok","Bad","Ok","Good","Fair prices","Quality of the goods","","Near to home","Variety on offer","",""
"P0271",32,"Male","India","Asia","Working class","Shopkeeper",7,"17.6","Cash","Railway","Often",8,"Good","Bad","Bad","Ok","Very bad","","","","","Variety on offer","",""
"P0272",36,"Female","United States","North America","Working class","Mill worker",8,"30.8","Cash","Horse and cart","Rarely",5,"Ok","Bad","Ok","Very bad","Ok","Fair prices","Quality of the goods","Generous credit terms","Near to home","Variety on offer","","The draper's calico in the colour I preferred was never available when I required it."
"P0273",38,"Male","United Kingdom","Europe","Upper middle class","Labourer",9,"5.7","On account","Bicycle","Always",7,"Very good","Good","Bad","Ok","Very good","Fair prices","Quality of the goods","","","","",""
"P0274",30,"Female","India","Asia","Working class","Clerk",3,"3.7","Cash","Horse and cart","Always",9,"Very good","Ok","Bad","Bad","Good","Fair prices","","","Near to home","","Obliging staff",""
"P0275",48,"Male","United Kingdom","Europe","Upper class","Clerk",3,"19.9","Cash","On foot","Sometimes",3,"Bad","Ok","Ok","Ok","Bad","","Quality of the goods","","","","Obliging staff","The draper's calico available at premium prices is not significantly finer than their economy offerings."
"P0276",52,"Female","United States","North America","Working class","Seamstress",1,"5.6","Cash","Bicycle","Often",4,"Bad","Bad","Very bad","Very bad","Very bad","Fair prices","Quality of the goods","","","","",""
"P0277",44,"Female","Canada","North America","Lower middle class","Labourer",9,"16","Barter","Railway","Never",8,"Good","Ok","Bad","Bad","Good","","Quality of the goods","","","Variety on offer","",""
"P0278",42,"Female","Canada","North America","Working class","Labourer",3,"31.2","Cash","On foot","Sometimes",9,"Very good","Good","Bad","Good","Very good","","","Generous credit terms","Near to home","","Obliging staff",""
"P0279",45,"Female","Canada","North America","Working class","Shopkeeper",3,"14.7","On account","Horse and cart","Always",6,"Good","Bad","Bad","Ok","Bad","","Quality of the goods","","","Variety on offer","",""
"P0280",28,"Male","United Kingdom","Europe","Poor","Labourer",4,"10.1","Cash","Horse and cart","Rarely",8,"Good","Ok","Bad","Very bad","Bad","Fair prices","Quality of the goods","","","","",""
"P0281",46,"Female","United Kingdom","Europe","Upper middle class","Domestic servant",7,"18.4","Cash","Horse and cart","Sometimes",7,"Ok","Ok","Bad","Very bad","Ok","Fair prices","Quality of the goods","Generous credit terms","Near to home","Variety on offer","Obliging staff",""
"P0282",45,"Female","Ireland","Europe","Poor","Farmer",4,"12.7","On account","Bicycle","Often",7,"Very good","Good","Very good","Bad","Good","Fair prices","Quality of the goods","","","","",""
"P0283",57,"Female","United Kingdom","Europe","Working class","",9,"12.7","Cash","On foot","Often",4,"Ok","Bad","Ok","Very bad","Ok","Fair prices","","","Near to home","","","The grocer's tea has become increasingly expensive whilst the quality has noticeably declined."
"P0284",45,"Prefer not to answer","United Kingdom","Europe","Lower middle class","Shopkeeper",10,"18.2","Cash","Bicycle","Rarely",5,"Very good","Very bad","Bad","Bad","Very bad","","Quality of the goods","","Near to home","","","The boot leather has creased badly and prematurely despite careful use and proper storage."
"P0285",42,"Female","United Kingdom","Europe","Working class","Farmer",5,"5.6","On account","Horse and cart","Always",3,"Very bad","Very bad","Bad","Very bad","Very bad","Fair prices","","","","Variety on offer","Obliging staff",""
"P0286",42,"","Ireland","Europe","Skilled working class","Mill worker",9,"30.9","On account","Motor-car","Often",8,"Very good","Good","Ok","Ok","Ok","Fair prices","Quality of the goods","","Near to home","Variety on offer","","The shop girl displayed initiative when stock of a desired item proved unavailable."
"P0287",29,"Female","Ireland","Europe","Working class","Schoolteacher",4,"32","On account","Horse and cart","Always",9,"Good","Ok","Good","Very bad","Ok","","","","Near to home","","Obliging staff","The errand boy's familiarity with my address and preferences has made subsequent orders more efficient."
"P0288",39,"Male","United Kingdom","Europe","Skilled working class","Shopkeeper",7,"20.6","Cash","Bicycle","Often",5,"Very good","Good","Bad","Ok","Ok","Fair prices","Quality of the goods","","Near to home","","Obliging staff",""
"P0289",54,"Male","Ireland","Europe","Working class","Mill worker",10,"12.4","Cash","On foot","Often",10,"Ok","Ok","Ok","Ok","Good","","","","Near to home","","","My recent visit to the establishment through Whitsun was made pleasant by the patient assistance of all staff."
"P0290",35,"Male","United Kingdom","Europe","Working class","Seamstress",3,"6.7","On account","On foot","Often",4,"Bad","Ok","Bad","Ok","Very bad","Fair prices","Quality of the goods","Generous credit terms","Near to home","","",""
"P0291",64,"Male","Canada","North America","Skilled working class","Mill worker",4,"24.4","Cash","Railway","Always",7,"Ok","Bad","Very good","Very bad","Good","Fair prices","Quality of the goods","","Near to home","","","Michaelmas brought seasonal merchandise, including some genuinely useful autumn selections."
"P0292",41,"Male","United States","North America","Upper middle class","Clerk",3,"17","Cash","Omnibus","Often",9,"Bad","Bad","Ok","Ok","Ok","Fair prices","","","Near to home","Variety on offer","","The confectioner's sweets were precisely as described in the window display and arrived in perfect condition."
"P0293",53,"Female","Australia","Oceania","Upper middle class","Mill worker",6,"5.4","Barter","Bicycle","Often",4,"Very bad","Bad","Bad","Very bad","Ok","Fair prices","Quality of the goods","Generous credit terms","Near to home","Variety on offer","","The manager made no offer of compensation when I reported the defective grocer's tea I had purchased."
"P0294",33,"Female","United Kingdom","Europe","Poor","Mill worker",7,"10.8","Cash","On foot","Often",4,"Very bad","Ok","Bad","Very bad","Very bad","","Quality of the goods","","Near to home","","",""
"P0295",46,"Female","United States","North America","Skilled working class","Domestic servant",3,"2.5","On account","On foot","Sometimes",0,"Very bad","Very bad","Very bad","Very bad","Very bad","","Quality of the goods","","Near to home","","Obliging staff",""
"P0296",27,"Female","Ireland","Europe","Lower middle class","Clerk",2,"17","On account","Omnibus","Often",10,"Very good","Good","Good","Very bad","Good","Fair prices","Quality of the goods","Generous credit terms","","","Obliging staff","The linen hall damask collection shows such variety that one may furnish an entire house from the selection available."
"P0297",24,"Female","Canada","North America","","Seamstress",6,"23","On account","Railway","Often",5,"Bad","Ok","Ok","Bad","Bad","","","","Near to home","Variety on offer","","The linen hall damask, whilst fine in appearance, proved to be considerably thinner than expected."
"P0298",42,"Male","Canada","North America","Lower middle class","Mill worker",5,"22.5","On account","Horse and cart","Sometimes",10,"Very good","Ok","Ok","Ok","Very good","","","","Near to home","","",""
"P0299",34,"Male","Ireland","Europe","Skilled working class","Schoolteacher",3,"5.6","Cash","On foot","Often",9,"Ok","Good","Good","Bad","Very good","","Quality of the goods","","Near to home","","Obliging staff","The shop girl offered sensible advice about the proper care of my new linen purchases."
"P0300",49,"Female","Ireland","Europe","Lower middle class","Domestic servant",6,"10.6","On account","Horse and cart","Always",8,"Good","Ok","Ok","Good","Good","Fair prices","","Generous credit terms","Near to home","","",""
"P0301",38,"Female","United Kingdom","Europe","Skilled working class","Domestic servant",3,"17.3","Cash","Horse and cart","Often",10,"Very good","Very good","Good","Very good","Very good","Fair prices","Quality of the goods","Generous credit terms","","Variety on offer","Obliging staff",""
"P0302",52,"Female","Canada","North America","Working class","Clerk",7,"20.7","On account","On foot","Sometimes",6,"Very good","Ok","Good","Bad","Ok","Fair prices","Quality of the goods","","Near to home","Variety on offer","Obliging staff",""
"P0303",57,"Female","United States","North America","Skilled working class","Farmer",8,"14.4","Cash","Railway","Always",8,"Good","Ok","Good","Ok","Good","Fair prices","Quality of the goods","","","","Obliging staff",""
"P0304",27,"Female","United Kingdom","Europe","Working class","Seamstress",5,"23.8","Cash","On foot","Always",7,"Ok","Very good","Bad","Very bad","Bad","","Quality of the goods","Generous credit terms","Near to home","","",""
"P0305",28,"Male","Canada","North America","Skilled working class","Shopkeeper",6,"2.1","On account","On foot","Often",3,"Good","Ok","Ok","Bad","Bad","","Quality of the goods","","Near to home","","Obliging staff","The confectioner's sweets appear to have been subjected to temperature fluctuations that compromised their integrity."
"P0306",76,"Male","United Kingdom","Europe","Working class","Farmer",3,"15.7","Cash","Omnibus","Always",4,"Very bad","Very bad","Bad","Bad","Very bad","","Quality of the goods","","","Variety on offer","","The errand boy's deposit of my package in a publicly accessible location caused me considerable worry."
"P0307",45,"Male","Australia","Oceania","Upper middle class","Domestic servant",3,"3.5","Cash","Bicycle","Always",6,"Good","Ok","Very good","Ok","Bad","","","Generous credit terms","Near to home","","","The linen hall damask has become so expensive that it is now beyond the reach of my household budget."
"P0308",53,"Female","United Kingdom","Europe","Working class","Labourer",7,"10.4","Cash","On foot","Often",3,"Ok","Ok","Bad","Bad","Very bad","Fair prices","Quality of the goods","Generous credit terms","Near to home","Variety on offer","",""
"P0309",50,"Female","United Kingdom","Europe","Skilled working class","Domestic servant",6,"23.4","Cash","On foot","Sometimes",7,"Very good","Good","Bad","Very bad","Very good","Fair prices","Quality of the goods","","","","",""
"P0310",19,"Male","Ireland","Europe","Working class","Labourer",4,"27.2","On account","Horse and cart","Always",8,"Good","Good","Ok","Ok","Good","Fair prices","Quality of the goods","Generous credit terms","","","",""
"P0311",31,"Female","United Kingdom","Europe","Poor","",5,"29.5","On account","Horse and cart","Sometimes",8,"Very good","Very good","Very good","Very good","Very good","Fair prices","Quality of the goods","","Near to home","Variety on offer","",""
"P0312",52,"Female","United States","North America","Poor","Shopkeeper",6,"18","Cash","On foot","Often",9,"Ok","Good","Bad","Good","Ok","Fair prices","","Generous credit terms","","","","The shop girl's suggestion to purchase a length of damask for my sitting room proved quite inspired."
"P0313",55,"Male","India","Asia","Skilled working class","Labourer",5,"24.9","On account","Omnibus","Often",8,"Very good","Good","Good","Good","Very good","","Quality of the goods","","Near to home","Variety on offer","",""
"P0314",18,"Female","United Kingdom","Europe","Skilled working class","Mill worker",1,"20.4","Cash","On foot","Sometimes",7,"Ok","Good","Ok","Ok","Good","","Quality of the goods","","","Variety on offer","Obliging staff","One's visit to the drapers was efficient at least, if not particularly welcoming."
"P0315",45,"Male","United Kingdom","Europe","Lower middle class","Mill worker",1,"29.1","On account","Bicycle","Sometimes",9,"Ok","Ok","Ok","Good","Very good","Fair prices","Quality of the goods","","","Variety on offer","",""
"P0316",43,"Female","United Kingdom","Europe","Lower middle class","Domestic servant",5,"24","On account","Horse and cart","Often",9,"Ok","Ok","Bad","Ok","Good","","","Generous credit terms","Near to home","","",""
"P0317",47,"Male","Australia","Oceania","","Schoolteacher",5,"15.6","Cash","Horse and cart","Often",6,"Ok","Ok","Ok","Good","Good","","Quality of the goods","","Near to home","","","My credit account was charged a fee that the manager claimed was standard but never mentioned at purchase."
"P0318",48,"Male","Ireland","Europe","Working class","Labourer",3,"16.9","On account","Horse and cart","Sometimes",5,"Ok","Ok","Ok","Bad","Bad","","Quality of the goods","","","Variety on offer","","The floorwalker seemed to take offence when I asked for assistance locating the haberdashery section."
"P0319",37,"Female","United States","North America","Lower middle class","Mill worker",1,"4.4","Cash","Horse and cart","Sometimes",7,"Very bad","Bad","Ok","Bad","Very bad","Fair prices","","","Near to home","Variety on offer","Obliging staff",""
"P0320",23,"Female","United Kingdom","Europe","Working class","Clerk",8,"33.9","Cash","Bicycle","Sometimes",10,"Very good","Very good","Good","Ok","Ok","Fair prices","Quality of the goods","","","Variety on offer","Obliging staff","I have relied upon the establishment's credit terms to furnish my cottage handsomely over time."
"P0321",52,"Male","Ireland","Europe","Lower middle class","Mill worker",8,"14.1","Barter","On foot","Often",8,"Good","Ok","Bad","Good","Good","","Quality of the goods","","","Variety on offer","",""
"P0322",23,"Female","United Kingdom","Europe","Working class","Shopkeeper",5,"10.3","On account","On foot","Rarely",5,"Bad","Very bad","Good","Bad","Bad","","","","Near to home","","",""
"P0323",20,"Female","Canada","North America","Working class","Shopkeeper",8,"17.2","Cash","Horse and cart","Rarely",6,"Bad","Good","Ok","Very bad","Ok","Fair prices","","","Near to home","Variety on offer","Obliging staff",""
"P0324",39,"Female","Ireland","Europe","Poor","Mill worker",4,"18.6","Cash","Horse and cart","Often",7,"Ok","Ok","Bad","Ok","Ok","Fair prices","","","","","","Bristol's shopping caters to practical needs without the pretension evident in larger cities."
"P0325",58,"Male","United Kingdom","Europe","Skilled working class","Schoolteacher",7,"26.3","Cash","Horse and cart","Often",7,"Ok","Good","Ok","Bad","Good","","","","Near to home","","",""
"P0326",50,"Male","Ireland","Europe","Lower middle class","Farmer",7,"20.5","On account","Railway","Often",9,"Very good","Ok","Ok","Good","Good","","Quality of the goods","","","","Obliging staff","I was quite impressed by the promptness with which my account error was rectified."
"P0327",32,"Female","United Kingdom","Europe","Skilled working class","Clerk",2,"15.9","Cash","On foot","Rarely",6,"Ok","Ok","Ok","Good","Bad","","","","Near to home","","Obliging staff",""
"P0328",32,"","United Kingdom","Europe","Upper middle class","Clerk",5,"21.5","Cash","Railway","Always",9,"Good","Ok","Ok","Good","Very good","Fair prices","","","Near to home","Variety on offer","",""
"P0329",56,"Male","India","Asia","Skilled working class","Schoolteacher",11,"13.3","On account","Railway","Always",8,"Ok","Good","Ok","Good","Bad","Fair prices","","","","","Obliging staff","The floorwalker's advice was sometimes solicited though infrequently acted upon."
"P0330",45,"Female","United Kingdom","Europe","Poor","Domestic servant",4,"8.9","On account","Bicycle","Always",6,"Ok","Bad","Very bad","Very bad","Very bad","","Quality of the goods","Generous credit terms","","","",""
"P0331",29,"Female","United Kingdom","Europe","Working class","Domestic servant",4,"9.9","On account","On foot","Often",9,"Ok","Ok","Good","Ok","Good","","Quality of the goods","Generous credit terms","Near to home","","Obliging staff",""
"P0332",61,"Female","Canada","North America","Skilled working class","Farmer",10,"28.1","On account","Railway","Rarely",7,"Very good","Ok","Bad","Good","Ok","","","","Near to home","","",""
"P0333",19,"Female","Ireland","Europe","Skilled working class","Domestic servant",6,"11.2","Cash","Bicycle","Always",3,"Bad","Very bad","Very bad","Bad","Bad","","Quality of the goods","","","","","My account statement contained charges I do not recall authorizing and took three visits to rectify."
"P0334",35,"Male","Australia","Oceania","Skilled working class","Mill worker",10,"13.9","Cash","On foot","Sometimes",7,"Very bad","Ok","Ok","Good","Bad","Fair prices","","Generous credit terms","","","","The errand boy's uniform was pressed immaculately, suggesting household discipline if not mercantile efficiency."
"P0335",35,"Male","United Kingdom","Europe","Lower middle class","Domestic servant",9,"12.1","On account","On foot","Often",7,"Good","Ok","Good","Very bad","Good","Fair prices","","","","Variety on offer","",""
"P0336",57,"Male","Australia","Oceania","Poor","Labourer",6,"3.8","Barter","Omnibus","Rarely",6,"Good","Good","Good","Very good","Bad","","","","Near to home","","Obliging staff",""
"P0337",44,"Female","United States","North America","Working class","Mill worker",3,"15.6","Cash","Omnibus","Sometimes",6,"Ok","Very good","Bad","Bad","Good","","Quality of the goods","","Near to home","","",""
"P0338",60,"Male","United Kingdom","Europe","Lower middle class","Labourer",7,"10.8","Cash","Horse and cart","Always",8,"Good","Very good","Ok","Very bad","Bad","","","","","","",""
"P0339",25,"Male","United States","North America","Skilled working class","Domestic servant",6,"11.1","Cash","On foot","Often",5,"Very bad","Ok","Ok","Very bad","Bad","Fair prices","Quality of the goods","","","","","I found the grocer's prices to be utterly unreasonable and I have taken my business elsewhere."
"P0340",44,"Male","Australia","Oceania","Lower middle class","Shopkeeper",3,"18.8","On account","Horse and cart","Rarely",3,"Bad","Very bad","Ok","Very bad","Bad","Fair prices","","","","Variety on offer","",""
"P0341",18,"Female","United Kingdom","Europe","Poor","Shopkeeper",8,"26.9","Barter","Omnibus","Often",9,"Good","Very good","Good","Good","Good","","Quality of the goods","","","Variety on offer","Obliging staff",""
"P0342",33,"Female","United Kingdom","Europe","Skilled working class","Schoolteacher",8,"8.5","On account","Railway","Never",7,"Good","Ok","Ok","Bad","Ok","Fair prices","Quality of the goods","","","","","The manager's insistence on payment terms proved inflexible, which disappointed repeat customers."
"P0343",56,"Male","Canada","North America","Lower middle class","Governess",7,"30.1","On account","On foot","Sometimes",7,"Ok","Bad","Ok","Bad","Very bad","Fair prices","Quality of the goods","","Near to home","","",""
"P0344",42,"Male","Ireland","Europe","Lower middle class","Labourer",8,"33.2","Barter","On foot","Always",6,"Ok","Good","Very bad","Bad","Bad","Fair prices","Quality of the goods","","Near to home","","Obliging staff",""
"P0345",43,"Female","United Kingdom","Europe","Upper middle class","Farmer",7,"24.9","Cash","On foot","Rarely",8,"Bad","Very good","Ok","Ok","Good","Fair prices","Quality of the goods","","","","","One found the grocer's system of weights and measures to be trustworthy, if occasionally slow."
"P0346",48,"","United Kingdom","Europe","Lower middle class","Labourer",9,"26.4","Cash","Horse and cart","Sometimes",9,"Very good","Ok","Bad","Bad","Bad","","","","","Variety on offer","Obliging staff","The errand boy's punctuality has been such that I now schedule other activities around the time of his expected arrival."
"P0347",51,"Female","United Kingdom","Europe","Upper class","Domestic servant",1,"6.6","Cash","On foot","Often",9,"Very good","Very good","Good","Good","Very good","","","","Near to home","Variety on offer","","The grocer's tea in bulk quantities represents exceptional value for those who consume it regularly."
"P0348",35,"Male","Ireland","Europe","Working class","Governess",2,"29.2","On account","Railway","Often",9,"Very good","Ok","Good","Good","Good","Fair prices","Quality of the goods","","Near to home","Variety on offer","","My recent visit to the establishment during Candlemas found the staff cheerful despite the considerable cold."
"P0349",30,"Male","India","Asia","Poor","Domestic servant",5,"20","On account","On foot","Sometimes",5,"Bad","Good","Ok","Very bad","Bad","Fair prices","Quality of the goods","","Near to home","Variety on offer","Obliging staff",""
"P0350",27,"Male","India","Asia","Poor","Clerk",6,"12.8","Cash","On foot","Rarely",5,"Ok","Ok","Ok","Very bad","Good","","Quality of the goods","Generous credit terms","","Variety on offer","Obliging staff","The floorwalker seemed altogether too occupied with other patrons to assist me in locating the haberdashery section."
"P0351",43,"Male","United States","North America","Lower middle class","Governess",6,"28","Cash","Railway","Sometimes",8,"Very good","Very good","Bad","Ok","Very good","Fair prices","","","","","Obliging staff",""
"P0352",37,"Male","United Kingdom","Europe","Skilled working class","Clerk",5,"10.1","Cash","Railway","Sometimes",8,"Ok","Ok","Bad","Ok","Ok","Fair prices","Quality of the goods","","Near to home","","",""
"P0353",46,"Female","Canada","North America","Lower middle class","Labourer",7,"19.6","Cash","Horse and cart","Sometimes",8,"Ok","Good","Good","Good","Ok","Fair prices","","Generous credit terms","","Variety on offer","","The shop girl attempted to be helpful during Whitsun's rush, though her capabilities were tested."
"P0354",18,"Female","United Kingdom","Europe","Poor","Farmer",6,"20.1","On account","On foot","Often",10,"Very good","Very good","Very good","Bad","Very good","","Quality of the goods","","Near to home","Variety on offer","","The shopkeeper in the haberdashery spoke with me at length about colour schemes for my winter wardrobe."
"P0355",73,"Female","United Kingdom","Europe","Poor","Domestic servant",3,"16.6","Cash","Railway","Often",7,"Ok","Good","Bad","Good","Good","Fair prices","Quality of the goods","","","","",""
"P0356",18,"Female","United Kingdom","Europe","Lower middle class","Clerk",1,"28","On account","Railway","Often",9,"Good","Ok","Bad","Ok","Ok","Fair prices","Quality of the goods","","Near to home","","Obliging staff",""
"P0357",40,"Female","Ireland","Europe","Skilled working class","Domestic servant",7,"31","Cash","On foot","Never",8,"Very good","Good","Ok","Very good","Good","","Quality of the goods","","","Variety on offer","",""
"P0358",34,"Female","United Kingdom","Europe","Working class","Domestic servant",9,"19.2","Cash","Horse and cart","Sometimes",6,"Good","Bad","Very bad","Bad","Very bad","Fair prices","Quality of the goods","","Near to home","","",""
"P0359",41,"Female","Canada","North America","Lower middle class","Mill worker",7,"19.1","Cash","Motor-car","Often",8,"Bad","Ok","Very bad","Ok","Ok","Fair prices","Quality of the goods","Generous credit terms","","","",""
"P0360",40,"Female","United Kingdom","Europe","Skilled working class","Domestic servant",7,"14.4","On account","Horse and cart","Often",6,"Good","Good","Good","Bad","Ok","Fair prices","Quality of the goods","Generous credit terms","Near to home","Variety on offer","Obliging staff",""
"P0361",19,"Female","Australia","Oceania","Skilled working class","Mill worker",1,"18","Barter","Horse and cart","Always",5,"Ok","Bad","Very bad","Good","Ok","","","Generous credit terms","Near to home","","","The haberdashery ribbons I selected frayed upon the first use and proved entirely unsuitable for my project."
"P0362",54,"Female","United Kingdom","Europe","Lower middle class","Schoolteacher",6,"16.4","Cash","Horse and cart","Often",7,"Ok","Bad","Ok","Bad","Bad","","Quality of the goods","","","","","The manager's family connection to the establishment seemed to explain both his courtesy and limitations."
"P0363",22,"Female","United Kingdom","Europe","Lower middle class","Farmer",7,"5.7","Cash","Horse and cart","Often",7,"Good","Ok","Ok","Bad","Ok","Fair prices","","","","Variety on offer","",""
"P0364",28,"Female","United Kingdom","Europe","Lower middle class","Labourer",4,"7.9","On account","On foot","Rarely",5,"Ok","Good","Ok","Ok","Ok","","Quality of the goods","","","Variety on offer","Obliging staff",""
"P0365",40,"Male","United Kingdom","Europe","Lower middle class","Clerk",3,"9.4","Cash","Horse and cart","Sometimes",5,"Very bad","Good","Very bad","Very bad","Good","","","","Near to home","Variety on offer","Obliging staff",""
"P0366",29,"Male","United Kingdom","Europe","Skilled working class","Domestic servant",1,"12.7","Cash","Railway","Often",5,"Good","Bad","Bad","Ok","Ok","","Quality of the goods","","","","","The confectioner's sweets arrived well past their freshness date and I could not bring myself to serve them."
"P0367",26,"Male","United States","North America","Working class","Mill worker",5,"20.2","Cash","On foot","Always",7,"Good","Good","Good","Ok","Ok","Fair prices","","","","","Obliging staff",""
"P0368",32,"Female","Ireland","Europe","Upper middle class","Shopkeeper",3,"29.2","On account","Bicycle","Often",9,"Good","Very good","Good","Ok","Good","Fair prices","Quality of the goods","","Near to home","","","My errand boy package arrived beautifully arranged and each item was protected with care."
"P0369",48,"Prefer not to answer","Australia","Oceania","Working class","Mill worker",5,"31.4","Cash","Omnibus","Sometimes",8,"Ok","Good","Ok","Good","Very good","","","Generous credit terms","","Variety on offer","","The manager acknowledged competitive pricing elsewhere, though refused to match it."
"P0370",25,"Female","United Kingdom","Europe","Working class","Labourer",3,"24.2","On account","Railway","Rarely",5,"Ok","Ok","Good","Ok","Very good","Fair prices","","","Near to home","Variety on offer","Obliging staff","I was disappointed by the confectioner's sweets which seemed to be an entirely different recipe from previous batches."
"P0371",40,"Female","United Kingdom","Europe","Lower middle class","Farmer",5,"24.6","Barter","Railway","Sometimes",6,"Bad","Bad","Ok","Very bad","Ok","Fair prices","","","","Variety on offer","",""
"P0372",60,"Female","United Kingdom","Europe","Working class","Labourer",3,"22.8","On account","Bicycle","Often",3,"Very bad","Very bad","Bad","Ok","Very bad","","Quality of the goods","","","Variety on offer","",""
"P0373",38,"Female","United Kingdom","Europe","Working class","Domestic servant",5,"30.3","Cash","Railway","Often",9,"Very good","Very good","Ok","Good","Good","Fair prices","","","Near to home","","Obliging staff","The boot department's leather selection cannot be surpassed for durability and appearance."
"P0374",35,"Female","United Kingdom","Europe","Working class","Clerk",5,"19.3","Cash","Horse and cart","Rarely",9,"Very good","Bad","Ok","Very bad","Ok","","","Generous credit terms","Near to home","","Obliging staff",""
"P0375",33,"Female","Australia","Oceania","Working class","Shopkeeper",6,"21.4","On account","On foot","Often",8,"Good","Good","Good","Very good","Good","Fair prices","","","","Variety on offer","Obliging staff",""
"P0376",47,"Female","Australia","Oceania","Poor","Clerk",1,"20.7","On account","Omnibus","Sometimes",5,"Good","Very bad","Very bad","Bad","Bad","","","Generous credit terms","","","","The linen hall damask I had placed on credit terms was reassigned to another customer before my payment arrived."
"P0377",23,"Male","United Kingdom","Europe","Lower middle class","Labourer",6,"20","Cash","On foot","Sometimes",10,"Very good","Very good","Good","Good","Very good","","","Generous credit terms","","","","The boot leather selected by the shopkeeper has proven resistant to cracking even after considerable wear."
"P0378",18,"Female","Ireland","Europe","Skilled working class","Mill worker",5,"13.2","On account","Bicycle","Never",8,"Good","Ok","Very bad","Good","Good","Fair prices","Quality of the goods","Generous credit terms","","Variety on offer","Obliging staff","Birmingham's streets crowd with commerce, providing abundant choice if limited peace."
"P0379",32,"Female","Canada","North America","Skilled working class","Clerk",8,"7.7","Cash","Horse and cart","Sometimes",10,"Very good","Good","Ok","Bad","Ok","","","","","","Obliging staff","The confectioner's sweets provide excellent value for money when purchased by the tin rather than individually."
"P0380",40,"Male","United Kingdom","Europe","Lower middle class","Labourer",2,"14.3","Barter","Horse and cart","Often",6,"Bad","Very bad","Good","Ok","Very bad","Fair prices","Quality of the goods","","","","",""
"P0381",52,"Male","United Kingdom","Europe","Lower middle class","",4,"31.2","On account","On foot","Always",8,"Ok","Ok","Bad","Ok","Ok","Fair prices","Quality of the goods","","Near to home","","Obliging staff","The linen hall's damask selections expanded during Lady Day season as is customary."
"P0382",39,"Female","United Kingdom","Europe","Lower middle class","Farmer",5,"37.2","On account","Horse and cart","Often",7,"Bad","Ok","Very bad","Ok","Ok","Fair prices","","","Near to home","","",""
"P0383",28,"Female","United Kingdom","Europe","Upper middle class","Farmer",5,"13.5","Cash","Bicycle","Sometimes",4,"Bad","Bad","Bad","Bad","Bad","Fair prices","Quality of the goods","","Near to home","","","The linen hall damask available through the establishment has become considerably more expensive without improvement in quality."
"P0384",38,"Female","India","Asia","Skilled working class","",7,"17.4","Cash","On foot","Often",9,"Ok","Ok","Ok","Bad","Ok","Fair prices","Quality of the goods","","Near to home","","Obliging staff","The draper's selection of calico is broad enough that family members may all find shades they prefer."
"P0385",53,"Female","United States","North America","Skilled working class","Labourer",4,"16.1","On account","On foot","Sometimes",7,"Very good","Good","Good","Ok","Ok","Fair prices","Quality of the goods","","","Variety on offer","Obliging staff",""
"P0386",53,"Female","United Kingdom","Europe","Lower middle class","Mill worker",6,"23.5","Cash","Horse and cart","Sometimes",6,"Bad","Very bad","Ok","Bad","Bad","Fair prices","Quality of the goods","Generous credit terms","","Variety on offer","Obliging staff","The haberdashery shop girl was most unhelpful when I requested a specific width of ribbon in an unusual colour."
"P0387",38,"Male","United Kingdom","Europe","Working class","Schoolteacher",5,"26.3","On account","On foot","Often",10,"Very good","Very good","Very good","Very good","Very good","Fair prices","","Generous credit terms","Near to home","Variety on offer","",""
"P0388",51,"Male","Ireland","Europe","Skilled working class","Mill worker",2,"14.4","Cash","Horse and cart","Never",5,"Ok","Good","Ok","Bad","Ok","Fair prices","","","Near to home","","Obliging staff",""
"P0389",56,"Female","India","Asia","Upper middle class","Mill worker",5,"18","Cash","On foot","Rarely",5,"Good","Good","Ok","Very bad","Ok","","","","","Variety on offer","",""
"P0390",49,"Male","Australia","Oceania","Lower middle class","Labourer",7,"23.2","On account","Bicycle","Always",7,"Ok","Good","Ok","Ok","Good","","","","Near to home","Variety on offer","",""
"P0391",53,"Female","United Kingdom","Europe","Working class","Labourer",4,"20.2","On account","Bicycle","Rarely",5,"Ok","Bad","Very bad","Bad","Bad","Fair prices","Quality of the goods","Generous credit terms","","Variety on offer","Obliging staff","The boot leather, though initially comfortable, has become quite rigid and uncomfortable after a fortnight of wear."
"P0392",70,"Female","Ireland","Europe","Skilled working class","Seamstress",3,"30.1","Cash","Railway","Rarely",8,"Very good","Good","Ok","Ok","Good","Fair prices","Quality of the goods","Generous credit terms","Near to home","","","The shop girl at the linen hall demonstrated familial knowledge of damask varieties."
"P0393",46,"Female","United Kingdom","Europe","Skilled working class","Mill worker",5,"23.7","Barter","Horse and cart","Never",5,"Ok","Good","Ok","Bad","Very good","","","Generous credit terms","Near to home","Variety on offer","Obliging staff",""
"P0394",18,"Female","Ireland","Europe","Upper middle class","Domestic servant",7,"8.5","Cash","Bicycle","Always",8,"Ok","Ok","Bad","Very bad","Very good","Fair prices","Quality of the goods","","","","",""
"P0395",39,"Female","Ireland","Europe","Poor","Mill worker",1,"28.1","Cash","On foot","Sometimes",10,"Very good","Ok","Very good","Very good","Very good","Fair prices","Quality of the goods","","Near to home","","Obliging staff","The grocer's arrangement of tea in the window creates an effect most pleasing to the eye."
"P0396",32,"Male","Australia","Oceania","Lower middle class","Schoolteacher",1,"32.5","On account","Horse and cart","Sometimes",9,"Very good","Very good","Good","Good","Ok","Fair prices","Quality of the goods","","Near to home","","","The grocer's spices are stored in such a manner that they retain their full flavour for an extended period."
"P0397",41,"Female","United Kingdom","Europe","Skilled working class","Shopkeeper",1,"19","On account","On foot","Often",5,"Ok","Ok","Bad","Bad","Very bad","Fair prices","Quality of the goods","","","","Obliging staff",""
"P0398",50,"Male","United Kingdom","Europe","Working class","Mill worker",5,"23","On account","Horse and cart","Rarely",6,"Ok","Bad","Ok","Ok","Bad","Fair prices","","Generous credit terms","","","","The haberdashery department's prices have increased substantially without any corresponding improvement in quality."
"P0399",50,"Female","United Kingdom","Europe","Skilled working class","Domestic servant",9,"11.3","Cash","Railway","Often",8,"Bad","Bad","Bad","Bad","Good","Fair prices","Quality of the goods","","Near to home","Variety on offer","","The confectioner's sweets proved fresher than expected, given the distance from the village."
"P0400",63,"Male","United Kingdom","Europe","Working class","Domestic servant",5,"14.4","Cash","On foot","Always",6,"Good","Good","Ok","Ok","Bad","","","","","Variety on offer","",""
"P0401",37,"Male","United States","North America","Working class","Farmer",4,"25.3","Cash","On foot","Always",5,"Ok","Bad","Very bad","Ok","Very bad","","","","","","","The boot leather purchased at considerable expense has proven to be both uncomfortable and structurally unsound."
"P0402",54,"Male","United Kingdom","Europe","Skilled working class","Mill worker",3,"16.3","On account","On foot","Often",6,"Bad","Good","Bad","Ok","Good","","","","Near to home","Variety on offer","","My errand boy delivery was left in an exposed location and I worried the goods might have been damaged by weather."
"P0403",31,"Male","United States","North America","Working class","Shopkeeper",8,"2","Cash","Bicycle","Always",3,"Very bad","Very bad","Very bad","Very bad","Very bad","Fair prices","Quality of the goods","Generous credit terms","","Variety on offer","Obliging staff",""
"P0404",43,"Female","India","Asia","Lower middle class","Schoolteacher",6,"15.6","On account","Bicycle","Often",7,"Very good","Very good","Ok","Bad","Good","","","","","","Obliging staff",""
"P0405",31,"Male","United States","North America","Upper class","Governess",6,"27.6","On account","Bicycle","Often",7,"Ok","Very good","Ok","Bad","Good","Fair prices","Quality of the goods","","","Variety on offer","Obliging staff","The haberdashery manager seemed more comfortable with existing clientele than new patrons."
"P0406",44,"","Australia","Oceania","Working class","Seamstress",7,"2.9","Cash","On foot","Sometimes",6,"Very good","Ok","Good","Bad","Bad","","","Generous credit terms","Near to home","","Obliging staff",""
"P0407",32,"Male","United Kingdom","Europe","Skilled working class","Clerk",3,"19","Cash","Omnibus","Often",6,"Ok","Ok","Bad","Good","Ok","Fair prices","Quality of the goods","","","","","I was most disappointed by the quality of confectioner's sweets which seemed to deteriorate with each successive purchase."
"P0408",23,"Male","United Kingdom","Europe","Upper middle class","Clerk",6,"17.7","Cash","Horse and cart","Often",8,"Good","Ok","Ok","Bad","Good","Fair prices","Quality of the goods","","Near to home","","Obliging staff","The grocer's reputation for fair dealing appeared justified by one's transactions."
"P0409",38,"Female","United Kingdom","Europe","Lower middle class","Farmer",5,"16.2","Cash","On foot","Often",6,"Very good","Ok","Very good","Ok","Ok","Fair prices","Quality of the goods","Generous credit terms","Near to home","","Obliging staff",""
"P0410",66,"","United Kingdom","Europe","Skilled working class","Seamstress",2,"20","Cash","On foot","Sometimes",10,"Good","Very good","Good","Ok","Very good","Fair prices","","","","","","My recent purchase of grocer's tea has proven most satisfactory and I shall certainly buy again."
"P0411",25,"Female","United Kingdom","Europe","Working class","Mill worker",6,"16.3","Cash","Railway","Often",5,"Very good","Ok","Good","Bad","Ok","Fair prices","Quality of the goods","","","Variety on offer","",""
"P0412",52,"Female","United States","North America","Skilled working class","Shopkeeper",2,"22.5","Cash","Horse and cart","Often",7,"Good","Ok","Very bad","Very bad","Very bad","Fair prices","Quality of the goods","","","","","The confectioner proved civil in manner if parsimonious in portions."
"P0413",59,"Female","United Kingdom","Europe","Working class","Labourer",7,"15.4","Cash","Horse and cart","Often",6,"Bad","Ok","Ok","Ok","Bad","Fair prices","","Generous credit terms","","","Obliging staff",""
"P0414",68,"Female","Canada","North America","Upper middle class","Governess",7,"22.2","On account","On foot","Often",10,"Very good","Good","Good","Good","Very good","","Quality of the goods","","","","Obliging staff",""
"P0415",43,"Female","India","Asia","Upper middle class","Domestic servant",3,"11.2","Barter","Horse and cart","Rarely",6,"Bad","Ok","Bad","Ok","Bad","","Quality of the goods","","Near to home","","","The linen hall damask I selected proved unsuitable for my purposes but the return was refused as final sale."
"P0416",63,"Male","United States","North America","Working class","Seamstress",4,"18.3","Cash","Horse and cart","Sometimes",6,"Good","Ok","Bad","Very bad","Very bad","","Quality of the goods","","","Variety on offer","Obliging staff",""
"P0417",42,"Male","United Kingdom","Europe","Lower middle class","Labourer",6,"26.9","Cash","Bicycle","Sometimes",5,"Bad","Ok","Ok","Very good","Ok","","","","Near to home","Variety on offer","",""
"P0418",34,"Male","United Kingdom","Europe","Skilled working class","Labourer",6,"23","On account","Omnibus","Sometimes",3,"Bad","Ok","Ok","Bad","Very bad","Fair prices","Quality of the goods","","Near to home","Variety on offer","Obliging staff",""
"P0419",25,"Male","Canada","North America","Working class","Domestic servant",1,"29.5","Cash","On foot","Sometimes",8,"Very good","Ok","Ok","Ok","Ok","","Quality of the goods","","Near to home","","","The draper's calico came in acceptable hues, though durability remained uncertain without prolonged use."
"P0420",43,"","Ireland","Europe","Working class","Seamstress",4,"26.7","On account","Omnibus","Rarely",7,"Good","Very good","Bad","Very good","Good","Fair prices","","","Near to home","Variety on offer","Obliging staff",""
"P0421",63,"Female","Ireland","Europe","Upper middle class","Mill worker",5,"4.9","On account","On foot","Never",2,"Ok","Bad","Bad","Very bad","Bad","Fair prices","Quality of the goods","","Near to home","","",""
"P0422",35,"","United Kingdom","Europe","Upper class","Shopkeeper",7,"18.9","Cash","On foot","Sometimes",6,"Ok","Good","Ok","Ok","Bad","","Quality of the goods","Generous credit terms","","Variety on offer","Obliging staff","The draper's calico quality declined noticeably after my last satisfactory purchase two months prior."
"P0423",34,"Male","United Kingdom","Europe","Skilled working class","Governess",3,"8.9","Cash","On foot","Sometimes",6,"Ok","Bad","Bad","Very bad","Ok","Fair prices","Quality of the goods","Generous credit terms","","","",""
"P0424",32,"Male","United States","North America","Upper middle class","Seamstress",4,"27","On account","Horse and cart","Often",5,"Good","Ok","Good","Good","Ok","Fair prices","Quality of the goods","","","","Obliging staff","The haberdashery ribbons unraveled from the spool almost immediately upon opening the package."
"P0425",18,"Female","United Kingdom","Europe","Poor","Domestic servant",5,"25.7","Cash","On foot","Often",9,"Very good","Good","Ok","Ok","Good","Fair prices","Quality of the goods","","Near to home","Variety on offer","Obliging staff","The floorwalker's courtesy and knowledge make navigating the establishment a genuine pleasure."
"P0426",23,"Male","United States","North America","Upper middle class","Mill worker",4,"11.9","Cash","Omnibus","Often",5,"Bad","Good","Ok","Bad","Bad","","Quality of the goods","Generous credit terms","Near to home","","",""
"P0427",26,"Female","United States","North America","","Shopkeeper",9,"22","Cash","Railway","Often",8,"Very good","Very good","Ok","Bad","Very good","","Quality of the goods","","","","",""
"P0428",52,"Female","United Kingdom","Europe","Upper class","Farmer",3,"19.6","Cash","On foot","Always",8,"Good","Good","Very bad","Bad","Bad","Fair prices","Quality of the goods","Generous credit terms","Near to home","Variety on offer","",""
"P0429",18,"Male","United Kingdom","Europe","Working class","Clerk",11,"21.9","Cash","On foot","Sometimes",3,"Ok","Bad","Ok","Very bad","Bad","Fair prices","","","Near to home","Variety on offer","Obliging staff","The boot department's staff made no effort to assist me when my shoes proved uncomfortable and required adjustment."
"P0430",58,"Female","India","Asia","Lower middle class","Shopkeeper",4,"11.1","Cash","On foot","Sometimes",5,"Bad","Ok","Ok","Bad","Bad","","","","Near to home","","Obliging staff",""
"P0431",36,"Female","Canada","North America","Poor","Schoolteacher",3,"37.7","On account","On foot","Always",9,"Very good","Very good","Good","Very good","Bad","","","Generous credit terms","","Variety on offer","",""
"P0432",41,"Male","Ireland","Europe","Working class","Farmer",6,"20.8","Cash","On foot","Sometimes",8,"Bad","Ok","Very good","Ok","Ok","","Quality of the goods","","Near to home","Variety on offer","","Bristol's shopping streets were moderately congested during Whitsun, making navigation manageable."
"P0433",66,"Female","Ireland","Europe","Skilled working class","Mill worker",5,"19.1","Cash","Bicycle","Always",8,"Good","Ok","Good","Ok","Very bad","Fair prices","Quality of the goods","Generous credit terms","","","",""
"P0434",49,"Female","Canada","North America","Skilled working class","Clerk",4,"11.3","Cash","On foot","Rarely",6,"Bad","Ok","Bad","Very bad","Bad","Fair prices","Quality of the goods","","","","",""
"P0435",18,"Male","Australia","Oceania","Lower middle class","Schoolteacher",5,"13.2","On account","On foot","Never",6,"Ok","Ok","Bad","Bad","Ok","","","","","","Obliging staff","The grocer's prices have become wholly unreasonable and represent poor value for the quality offered."
"P0436",48,"Female","United Kingdom","Europe","Poor","Labourer",2,"23.5","Cash","Railway","Always",10,"Very good","Very good","Good","Very good","Very good","Fair prices","Quality of the goods","","","","",""
"P0437",25,"Female","United States","North America","Working class","Shopkeeper",6,"12","Barter","On foot","Sometimes",4,"Bad","Ok","Very bad","Bad","Bad","Fair prices","","","Near to home","Variety on offer","",""
"P0438",37,"Female","India","Asia","Lower middle class","Governess",3,"33.3","On account","Horse and cart","Rarely",5,"Ok","Bad","Bad","Bad","Bad","Fair prices","Quality of the goods","Generous credit terms","Near to home","Variety on offer","Obliging staff",""
"P0439",39,"Male","United Kingdom","Europe","Working class","Mill worker",8,"20.9","Cash","Omnibus","Sometimes",5,"Ok","Ok","Good","Bad","Very bad","","Quality of the goods","","","Variety on offer","","The boot leather I selected is visibly peeling and separating after only three weeks of modest use."
"P0440",33,"Female","United Kingdom","Europe","Lower middle class","Clerk",9,"3.8","On account","Omnibus","Often",3,"Bad","Bad","Bad","Very bad","Bad","Fair prices","","","","","",""
"P0441",54,"Female","United Kingdom","Europe","Upper middle class","Farmer",5,"14.5","Cash","Bicycle","Often",8,"Ok","Ok","Ok","Good","Very good","","","Generous credit terms","","Variety on offer","",""
"P0442",45,"Male","Australia","Oceania","Working class","Shopkeeper",8,"34.6","On account","On foot","Always",9,"Good","Very good","Good","Bad","Ok","","Quality of the goods","","Near to home","","","My recent order to the Birmingham branch was handled with such care that I am now inclined to shop there by preference."
"P0443",42,"Female","Ireland","Europe","Working class","Clerk",2,"15.9","Cash","Horse and cart","Sometimes",7,"Ok","Very good","Ok","Ok","Ok","","","","Near to home","","",""
"P0444",43,"Female","United Kingdom","Europe","","Seamstress",8,"10","On account","On foot","Often",6,"Good","Bad","Bad","Ok","Bad","Fair prices","","Generous credit terms","Near to home","Variety on offer","","The floorwalker demonstrated such poor knowledge of the establishment that his directions took me completely off course."
"P0445",57,"Female","United Kingdom","Europe","","Domestic servant",9,"27.4","Cash","Horse and cart","Sometimes",5,"Bad","Very bad","Bad","Bad","Ok","","","Generous credit terms","","Variety on offer","","The haberdashery shop girl's knowledge of her department seems to have diminished considerably."
"P0446",43,"","United Kingdom","Europe","Skilled working class","Labourer",2,"15.8","Cash","Bicycle","Sometimes",8,"Bad","Bad","Bad","Very bad","Bad","","Quality of the goods","","","","",""
"P0447",29,"Male","United Kingdom","Europe","Upper middle class","Shopkeeper",5,"15","Cash","Horse and cart","Often",6,"Very bad","Bad","Very bad","Ok","Very bad","Fair prices","","","Near to home","","",""
"P0448",57,"Male","United Kingdom","Europe","Upper middle class","Labourer",5,"20.1","On account","On foot","Sometimes",5,"Bad","Ok","Bad","Very bad","Bad","Fair prices","Quality of the goods","","","Variety on offer","","The boot leather selected by the shopkeeper does not conform to what was described during the sale."
"P0449",59,"Female","United Kingdom","Europe","Working class","Domestic servant",2,"3.6","Cash","On foot","Sometimes",6,"Ok","Bad","Ok","Very bad","Bad","","","Generous credit terms","","","",""
"P0450",67,"Male","Ireland","Europe","Working class","Clerk",1,"28.4","On account","Horse and cart","Rarely",8,"Good","Good","Very bad","Bad","Good","Fair prices","Quality of the goods","","Near to home","","",""
"P0451",31,"Female","United Kingdom","Europe","Lower middle class","Domestic servant",3,"24.3","Cash","On foot","Sometimes",9,"Ok","Good","Very bad","Bad","Ok","","","","","Variety on offer","Obliging staff","My visits to the haberdashery section have become a weekly pleasure thanks to the friendly and knowledgeable staff."
"P0452",35,"Male","United Kingdom","Europe","Lower middle class","Shopkeeper",5,"18.2","Barter","On foot","Always",7,"Very good","Bad","Bad","Bad","Good","Fair prices","","","","Variety on offer","Obliging staff",""
"P0453",60,"Male","United States","North America","Skilled working class","Domestic servant",8,"31.7","Cash","On foot","Rarely",10,"Very good","Ok","Ok","Good","Good","","","","","","","The haberdashery department's organization makes it simple to locate any desired shade or width of ribbon."
"P0454",37,"Male","India","Asia","Skilled working class","Clerk",2,"21.6","On account","Bicycle","Always",8,"Very good","Ok","Ok","Bad","Ok","","Quality of the goods","","Near to home","","",""
"P0455",40,"Female","United Kingdom","Europe","Poor","Farmer",1,"10","Cash","Bicycle","Sometimes",3,"Bad","Very bad","Very bad","Very bad","Very bad","Fair prices","Quality of the goods","Generous credit terms","Near to home","","","The boot leather selected proved to be uncomfortably stiff and showed no sign of softening with time."
"P0456",38,"Female","Canada","North America","Skilled working class","Seamstress",5,"11","Cash","Omnibus","Rarely",4,"Very bad","Very bad","Bad","Very bad","Very bad","Fair prices","","Generous credit terms","Near to home","Variety on offer","","The floorwalker's knowledge of the establishment's stock seemed quite limited and unhelpful."
"P0457",46,"Female","United Kingdom","Europe","Working class","Mill worker",4,"28.6","Cash","On foot","Often",5,"Bad","Bad","Bad","Very bad","Bad","","Quality of the goods","","Near to home","","Obliging staff","The draper's calico selection has become repetitive and I find little of interest in recent visits."
"P0458",51,"Female","United States","North America","Skilled working class","Domestic servant",9,"16.2","Cash","Horse and cart","Often",7,"Ok","Very good","Good","Ok","Ok","Fair prices","Quality of the goods","","Near to home","","Obliging staff",""
"P0459",24,"Female","United Kingdom","Europe","Poor","Farmer",3,"10.3","Cash","Bicycle","Always",5,"Very bad","Bad","Very bad","Bad","Very bad","","Quality of the goods","","","Variety on offer","",""
"P0460",40,"Male","United Kingdom","Europe","Lower middle class","",7,"9.4","On account","Bicycle","Often",5,"Ok","Good","Ok","Ok","Bad","","","Generous credit terms","Near to home","","",""
"P0461",40,"Male","United Kingdom","Europe","Working class","Domestic servant",4,"18.3","Cash","Horse and cart","Never",8,"Good","Ok","Bad","Bad","Very bad","Fair prices","","","","Variety on offer","","The confectioner's sweets were reasonably fresh, though the cost per item was somewhat excessive."
"P0462",45,"Female","Australia","Oceania","Lower middle class","Labourer",4,"26.6","Cash","On foot","Rarely",9,"Good","Bad","Ok","Good","Good","Fair prices","Quality of the goods","Generous credit terms","Near to home","","","I was impressed by the errand boy's knowledge of the proper time to deliver to avoid disrupting my household routine."
"P0463",57,"Male","Canada","North America","Skilled working class","Seamstress",5,"33.1","On account","On foot","Often",7,"Very bad","Bad","Bad","Bad","Ok","","Quality of the goods","","Near to home","Variety on offer","",""
"P0464",71,"Female","United States","North America","Lower middle class","Schoolteacher",3,"25.1","On account","Railway","Often",6,"Good","Very good","Ok","Very good","Very good","Fair prices","Quality of the goods","","Near to home","","Obliging staff",""
"P0465",27,"Female","Ireland","Europe","Upper middle class","Governess",2,"17.7","Cash","Omnibus","Often",6,"Good","Very bad","Ok","Good","Ok","Fair prices","","","","Variety on offer","Obliging staff","The confectioner's sweets gifted to friends were returned with apologies regarding their stale appearance."
"P0466",60,"Female","India","Asia","Skilled working class","Mill worker",5,"14.6","On account","Horse and cart","Never",9,"Very good","Very good","Ok","Good","Very good","","Quality of the goods","","Near to home","Variety on offer","",""
"P0467",29,"Female","United Kingdom","Europe","Skilled working class","Mill worker",2,"14.6","Cash","On foot","Rarely",7,"Ok","Ok","Ok","Good","Ok","","Quality of the goods","Generous credit terms","","","","Kensington's shopping district suited leisurely browsing for those not pressed by time."
"P0468",56,"Male","United Kingdom","Europe","Skilled working class","Domestic servant",6,"11.5","Cash","On foot","Sometimes",5,"Good","Ok","Ok","Very bad","Very bad","Fair prices","Quality of the goods","","","Variety on offer","Obliging staff","The boot department's staff made little effort to assist me when sizing proved problematic."
"P0469",30,"Female","United Kingdom","Europe","Lower middle class","Clerk",4,"31.2","Cash","On foot","Sometimes",9,"Ok","Good","Good","Ok","Ok","","","","Near to home","Variety on offer","","The haberdashery department is well organised and the staff know their stock thoroughly."
"P0470",64,"Female","Ireland","Europe","Skilled working class","Domestic servant",2,"20.5","Cash","On foot","Often",6,"Good","Ok","Bad","Bad","Very bad","Fair prices","Quality of the goods","Generous credit terms","Near to home","","",""
"P0471",24,"Prefer not to answer","United Kingdom","Europe","Working class","Clerk",9,"11.4","Barter","On foot","Often",6,"Bad","Ok","Ok","Ok","Bad","Fair prices","Quality of the goods","","Near to home","","Obliging staff",""
"P0472",70,"Female","Ireland","Europe","Lower middle class","Seamstress",3,"25.5","Cash","On foot","Often",8,"Very good","Ok","Bad","Ok","Ok","Fair prices","","Generous credit terms","Near to home","Variety on offer","Obliging staff",""
"P0473",46,"Female","India","Asia","Working class","Shopkeeper",4,"14","Barter","On foot","Often",9,"Very good","Very good","Good","Good","Good","","Quality of the goods","","Near to home","","","Service during the Michaelmas rush was remarkably efficient despite the considerable crowds."
"P0474",54,"Male","Australia","Oceania","Skilled working class","Clerk",10,"13.9","On account","On foot","Often",8,"Ok","Ok","Ok","Very good","Good","","","","","","",""
"P0475",52,"Female","India","Asia","Upper middle class","Governess",4,"28","On account","On foot","Often",4,"Ok","Bad","Very bad","Bad","Ok","","","Generous credit terms","","","Obliging staff","My account was charged for goods that arrived damaged and which I refused to accept."
"P0476",53,"Female","United States","North America","Working class","Clerk",4,"16","Cash","On foot","Always",10,"Very good","Very good","Ok","Good","Very good","Fair prices","","","Near to home","Variety on offer","","My errand boy deliveries are now such a regular part of my household routine that I anticipate them eagerly."
"P0477",18,"Male","Australia","Oceania","Poor","Shopkeeper",3,"24.2","Cash","On foot","Often",8,"Good","Ok","Ok","Good","Good","Fair prices","","Generous credit terms","","Variety on offer","",""
"P0478",44,"Female","United Kingdom","Europe","Skilled working class","Labourer",7,"14","Cash","On foot","Always",8,"Ok","Very good","Ok","Bad","Bad","","Quality of the goods","","Near to home","Variety on offer","Obliging staff",""
"P0479",67,"Male","India","Asia","Lower middle class","Clerk",4,"8.4","Cash","On foot","Often",5,"Bad","Very bad","Very bad","Bad","Bad","","","","","","Obliging staff","The draper's calico bled colour when washed and I feared damage to my other garments."
"P0480",31,"Female","United Kingdom","Europe","Skilled working class","Shopkeeper",5,"8","On account","On foot","Often",4,"Bad","Very bad","Very bad","Bad","Very bad","Fair prices","","","","Variety on offer","",""
"P0481",36,"Male","United Kingdom","Europe","Upper middle class","Shopkeeper",3,"12.9","Cash","On foot","Often",7,"Bad","Bad","Good","Bad","Ok","","","","Near to home","","Obliging staff","The grocer's premises occupied an excellent location, though foot traffic made entry challenging."
"P0482",44,"Male","United Kingdom","Europe","Poor","Labourer",1,"17.9","Cash","Horse and cart","Rarely",2,"Very bad","Bad","Ok","Bad","Very bad","","Quality of the goods","","Near to home","Variety on offer","","The haberdashery department's organization is poor and items are difficult to locate without assistance."
"P0483",42,"Female","Canada","North America","Upper class","Mill worker",6,"13.7","Cash","On foot","Sometimes",4,"Ok","Good","Bad","Bad","Good","","","","","Variety on offer","",""
"P0484",35,"Female","Canada","North America","Working class","Labourer",6,"20.2","On account","Omnibus","Often",8,"Ok","Very good","Very bad","Very bad","Bad","","","Generous credit terms","Near to home","Variety on offer","Obliging staff",""
"P0485",38,"Female","United Kingdom","Europe","Upper class","Mill worker",3,"25.6","Cash","Railway","Sometimes",8,"Very good","Very good","Very bad","Good","Ok","Fair prices","Quality of the goods","Generous credit terms","","","Obliging staff",""
"P0486",37,"Female","United States","North America","Skilled working class","Clerk",8,"7.9","Cash","On foot","Sometimes",9,"Very good","Very good","Bad","Ok","Ok","","Quality of the goods","","","Variety on offer","",""
"P0487",41,"Male","United Kingdom","Europe","Working class","Labourer",9,"14.4","On account","On foot","Sometimes",6,"Good","Bad","Bad","Ok","Ok","Fair prices","Quality of the goods","Generous credit terms","","","",""
"P0488",25,"Female","United States","North America","Working class","Domestic servant",5,"25.4","Cash","Motor-car","Often",7,"Good","Ok","Bad","Ok","Ok","Fair prices","Quality of the goods","","","Variety on offer","",""
"P0489",40,"Female","United Kingdom","Europe","Upper class","Farmer",8,"23.4","Cash","On foot","Often",6,"Bad","Bad","Ok","Bad","Very bad","Fair prices","","","","","","My credit terms were suddenly changed without notification and I was overcharged based on the new arrangement."
"P0490",47,"Male","United States","North America","Upper middle class","Clerk",6,"20.3","Cash","On foot","Sometimes",7,"Very good","Bad","Ok","Good","Ok","Fair prices","","Generous credit terms","Near to home","Variety on offer","",""
"P0491",48,"Female","United Kingdom","Europe","Lower middle class","Labourer",5,"10","Cash","On foot","Often",6,"Ok","Bad","Very bad","Very bad","Bad","","","","","","Obliging staff",""
"P0492",30,"","United Kingdom","Europe","Upper middle class","Mill worker",7,"6.7","Cash","On foot","Often",8,"Ok","Very good","Ok","Ok","Good","Fair prices","","","Near to home","","Obliging staff","The confectioner's sweets proved palatable if unremarkable, their primary virtue being immediate availability."
"P0493",32,"Female","United States","North America","Lower middle class","Mill worker",8,"29.7","On account","On foot","Always",8,"Very good","Very good","Ok","Ok","Good","","Quality of the goods","","","","Obliging staff",""
"P0494",21,"Female","Ireland","Europe","Working class","Clerk",7,"21.8","On account","Omnibus","Sometimes",6,"Ok","Good","Good","Good","Good","","Quality of the goods","","Near to home","","",""
"P0495",37,"Male","United Kingdom","Europe","Lower middle class","Farmer",3,"18.3","On account","Bicycle","Always",9,"Bad","Ok","Good","Bad","Good","Fair prices","Quality of the goods","Generous credit terms","","","Obliging staff","The errand boy's discretion and reliability have been much appreciated over the years."
"P0496",53,"Female","United Kingdom","Europe","Skilled working class","Schoolteacher",6,"11","Cash","On foot","Rarely",10,"Very good","Good","Good","Ok","Very good","Fair prices","Quality of the goods","","","","",""
"P0497",49,"Female","United Kingdom","Europe","Skilled working class","Labourer",5,"30.2","Cash","On foot","Often",9,"Very good","Ok","Good","Ok","Very good","","Quality of the goods","","Near to home","","Obliging staff",""
"P0498",56,"Female","Ireland","Europe","Working class","Mill worker",8,"21","Cash","On foot","Always",8,"Ok","Good","Ok","Ok","Very good","Fair prices","","","Near to home","Variety on offer","","Kensington's shopping caters to those seeking superior goods and superior pricing to match."
"P0499",38,"Female","Ireland","Europe","Working class","Domestic servant",4,"3.3","On account","On foot","Sometimes",8,"Ok","Bad","Very bad","Good","Bad","","Quality of the goods","","","","Obliging staff",""
"P0500",38,"Female","United Kingdom","Europe","Poor","Clerk",5,"21.8","Cash","Horse and cart","Often",3,"Bad","Bad","Very bad","Bad","Bad","Fair prices","Quality of the goods","","","Variety on offer","",""
"P0501",49,"Female","United Kingdom","Europe","Skilled working class","Mill worker",2,"19.4","Barter","On foot","Never",5,"Bad","Bad","Good","Ok","Bad","","Quality of the goods","","","","",""
"P0502",52,"Male","United Kingdom","Europe","Lower middle class","Shopkeeper",7,"31.5","Barter","Omnibus","Sometimes",8,"Good","Ok","Ok","Ok","Bad","Fair prices","","","Near to home","","",""
"P0503",27,"Male","Canada","North America","Lower middle class","Shopkeeper",7,"16.3","Barter","Bicycle","Rarely",8,"Ok","Bad","Ok","Ok","Ok","","Quality of the goods","Generous credit terms","Near to home","Variety on offer","",""
"P0504",28,"Female","United Kingdom","Europe","Working class","Farmer",4,"19.5","On account","On foot","Often",8,"Good","Good","Good","Good","Very good","","","","","","","The draper's premises maintained adequate standards of cleanliness if not luxury or warmth."
"P0505",52,"Female","United Kingdom","Europe","Lower middle class","Domestic servant",1,"22.5","Cash","On foot","Often",7,"Good","Very good","Ok","Good","Ok","Fair prices","","","Near to home","Variety on offer","",""
"P0506",21,"Female","United Kingdom","Europe","Poor","Farmer",5,"20.3","On account","On foot","Always",4,"Ok","Very bad","Bad","Very bad","Very bad","","","Generous credit terms","","","Obliging staff",""
"P0507",48,"Female","United States","North America","Poor","Seamstress",3,"5.4","On account","Bicycle","Sometimes",10,"Very good","Very good","Good","Good","Very good","","Quality of the goods","","Near to home","","",""
"P0508",35,"Male","United Kingdom","Europe","Upper middle class","Clerk",9,"5.1","Cash","On foot","Often",4,"Bad","Bad","Very bad","Bad","Ok","Fair prices","","","","Variety on offer","","The confectioner's sweets left a sticky residue on my gloves that proved quite difficult to remove."
"P0509",20,"Prefer not to answer","United States","North America","Upper class","Shopkeeper",5,"38.8","Cash","Bicycle","Always",8,"Very good","Good","Very good","Bad","Very good","Fair prices","","","Near to home","Variety on offer","","The boot department's reputation proved partially justified upon closer examination."
"P0510",55,"Female","United Kingdom","Europe","Working class","Mill worker",4,"39.9","Cash","Horse and cart","Always",5,"Bad","Very good","Good","Bad","Ok","","Quality of the goods","","","","","My account error was blamed entirely upon me despite clear evidence of calculation mistakes made by the establishment."
"P0511",38,"Prefer not to answer","Canada","North America","Skilled working class","Shopkeeper",1,"7.1","On account","On foot","Often",6,"Ok","Bad","Very bad","Bad","Ok","Fair prices","","Generous credit terms","Near to home","Variety on offer","Obliging staff","The errand boy's delivery to my village address required a journey on my part to collect from his incorrect location."
"P0512",18,"Female","Australia","Oceania","Working class","Mill worker",6,"12.9","Cash","Horse and cart","Always",8,"Ok","Bad","Ok","Very bad","Very bad","","","","Near to home","Variety on offer","",""
"P0513",18,"Female","Ireland","Europe","Lower middle class","Domestic servant",5,"27.2","On account","On foot","Always",10,"Good","Ok","Very good","Bad","Very good","Fair prices","Quality of the goods","","Near to home","Variety on offer","",""
"P0514",45,"Female","Canada","North America","Working class","Domestic servant",6,"18.9","Cash","Omnibus","Sometimes",5,"Good","Bad","Bad","Very bad","Very bad","","Quality of the goods","","Near to home","","Obliging staff",""
"P0515",22,"Female","United States","North America","Upper middle class","Seamstress",3,"10.8","Cash","On foot","Often",7,"Very bad","Ok","Good","Bad","Very bad","Fair prices","","Generous credit terms","Near to home","Variety on offer","Obliging staff","Birmingham's shopping lanes were adequately signposted, which one appreciated when seeking specific goods."
"P0516",58,"Male","Ireland","Europe","Lower middle class","Domestic servant",3,"25.4","Cash","Horse and cart","Always",8,"Very good","Ok","Ok","Ok","Bad","","Quality of the goods","","Near to home","","",""
"P0517",66,"Male","United Kingdom","Europe","Working class","Clerk",3,"23.6","Cash","Horse and cart","Sometimes",7,"Very good","Bad","Ok","Ok","Ok","","","","Near to home","Variety on offer","","Martinmas shopping found inventory refreshed yet with costs that seemed to climb annually."
"P0518",56,"Female","Ireland","Europe","Skilled working class","Seamstress",7,"23.4","Cash","On foot","Sometimes",9,"Very good","Very good","Very good","Ok","Ok","","Quality of the goods","","","","","The errand boy arrived at my residence with such punctuality that I have come to rely upon his service entirely."
"P0519",50,"Male","Ireland","Europe","Skilled working class","Seamstress",10,"13.4","Cash","On foot","Often",8,"Very good","Bad","Good","Very good","Good","Fair prices","","","Near to home","Variety on offer","Obliging staff",""
"P0520",41,"Female","United Kingdom","Europe","Working class","Governess",3,"33.4","Cash","On foot","Rarely",8,"Very good","Ok","Good","Ok","Good","Fair prices","","Generous credit terms","Near to home","","",""
"P0521",45,"Female","United States","North America","Poor","Labourer",5,"21.6","Cash","Railway","Rarely",5,"Bad","Bad","Bad","Bad","Ok","Fair prices","","","Near to home","","",""
"P0522",42,"Female","Canada","North America","Working class","Seamstress",7,"6.2","Cash","Bicycle","Rarely",5,"Ok","Bad","Ok","Bad","Ok","Fair prices","Quality of the goods","","Near to home","","",""
"P0523",33,"Male","India","Asia","Upper middle class","Domestic servant",4,"29.1","On account","On foot","Often",8,"Very good","Good","Good","Ok","Very good","Fair prices","Quality of the goods","Generous credit terms","Near to home","Variety on offer","",""
"P0524",22,"Female","United Kingdom","Europe","Skilled working class","Shopkeeper",6,"19.3","Cash","Omnibus","Sometimes",10,"Very good","Very good","Good","Very good","Bad","Fair prices","Quality of the goods","Generous credit terms","","Variety on offer","","The boot department's staff can advise with confidence and knowledge that speaks to years of experience."
"P0525",30,"Female","United Kingdom","Europe","Upper middle class","Domestic servant",4,"23.9","Cash","Omnibus","Sometimes",10,"Very good","Very good","Good","Very good","Very good","Fair prices","Quality of the goods","","","","Obliging staff","The linen available through the damask section is of a weight and weave that will last for many years."
"P0526",52,"Female","United States","North America","Skilled working class","Shopkeeper",6,"12","Cash","On foot","Rarely",5,"Very bad","Good","Very bad","Bad","Very bad","","","Generous credit terms","","","",""
"P0527",41,"Female","Ireland","Europe","Skilled working class","Clerk",1,"18","Cash","Bicycle","Rarely",5,"Ok","Very bad","Bad","Bad","Very bad","Fair prices","","","Near to home","Variety on offer","Obliging staff","The draper's calico purchased in good faith proved to contain substantial defects upon opening the parcel."
"P0528",19,"Female","Australia","Oceania","Skilled working class","Domestic servant",7,"17.9","On account","Motor-car","Often",8,"Bad","Good","Ok","Ok","Good","","","Generous credit terms","","Variety on offer","","The errand boy's eagerness could not quite overcome the weight of his daily deliveries."
"P0529",48,"Female","United Kingdom","Europe","","Schoolteacher",7,"6.9","Cash","Horse and cart","Sometimes",5,"Ok","Ok","Very bad","Very bad","Bad","","","","","","","My account statement contained multiple errors that required several visits to clarify and correct."
"P0530",41,"Female","United Kingdom","Europe","Lower middle class","Farmer",6,"12.1","On account","On foot","Sometimes",8,"Good","Good","Ok","Ok","Bad","","Quality of the goods","","","","",""
"P0531",51,"Female","Ireland","Europe","Upper middle class","Clerk",3,"15.6","On account","On foot","Always",8,"Good","Good","Ok","Ok","Good","","Quality of the goods","","","","",""
"P0532",34,"Female","United Kingdom","Europe","Skilled working class","Domestic servant",5,"13","Cash","Omnibus","Sometimes",7,"Good","Good","Good","Ok","Bad","","Quality of the goods","","","","","The haberdashery manager acknowledged stock limitations with surprising honesty."
"P0533",18,"Female","United Kingdom","Europe","Upper class","Domestic servant",5,"18.3","Cash","On foot","Always",6,"Bad","Bad","Very bad","Bad","Very bad","Fair prices","Quality of the goods","","Near to home","","Obliging staff",""
"P0534",38,"Female","United Kingdom","Europe","Poor","Governess",8,"23.9","Cash","On foot","Sometimes",9,"Very good","Ok","Good","Good","Good","","","","","","",""
"P0535",18,"Female","Australia","Oceania","Lower middle class","Labourer",5,"14.8","Cash","On foot","Rarely",8,"Good","Very good","Good","Good","Ok","Fair prices","Quality of the goods","Generous credit terms","","Variety on offer","",""
"P0536",68,"Male","United Kingdom","Europe","Skilled working class","Labourer",4,"8.4","Cash","On foot","Sometimes",9,"Good","Bad","Ok","Good","Bad","","","","","","",""
"P0537",44,"Female","Ireland","Europe","Upper middle class","",7,"39.1","Cash","On foot","Always",10,"Very good","Very good","Very good","Good","Very good","","Quality of the goods","","","","Obliging staff","The shop girl's suggestion to purchase damask for drapery proved most successful and the effect is quite handsome."
"P0538",20,"Female","United Kingdom","Europe","Upper middle class","Seamstress",8,"14.9","Cash","On foot","Rarely",6,"Good","Ok","Bad","Bad","Ok","","Quality of the goods","","Near to home","Variety on offer","","The floorwalker seemed to take particular offence at my request for directions to the boot department."
"P0539",42,"Male","United Kingdom","Europe","Skilled working class","Domestic servant",4,"19.6","Barter","Bicycle","Sometimes",6,"Good","Bad","Ok","Bad","Very bad","Fair prices","","","","Variety on offer","",""
"P0540",32,"Female","United Kingdom","Europe","Skilled working class","Shopkeeper",3,"20","Barter","On foot","Always",7,"Ok","Good","Good","Bad","Very good","Fair prices","","Generous credit terms","Near to home","","",""
"P0541",31,"Female","Canada","North America","Skilled working class","Mill worker",6,"18.5","Barter","Horse and cart","Often",9,"Very good","Ok","Good","Very good","Ok","Fair prices","Quality of the goods","","Near to home","Variety on offer","Obliging staff",""
"P0542",63,"Female","India","Asia","","Domestic servant",7,"26.7","Cash","Bicycle","Rarely",7,"Good","Ok","Bad","Very bad","Bad","Fair prices","","","","Variety on offer","","The grocer presented seasonal specialties with genuine pride in his offerings."
"P0543",37,"Male","India","Asia","Upper class","Mill worker",4,"13.2","On account","Motor-car","Sometimes",5,"Very bad","Ok","Very bad","Bad","Very bad","","Quality of the goods","Generous credit terms","Near to home","Variety on offer","Obliging staff",""
"P0544",18,"Female","United States","North America","Lower middle class","Domestic servant",1,"22.1","Cash","On foot","Sometimes",10,"Very good","Good","Ok","Good","Very good","","Quality of the goods","","","","",""
"P0545",47,"Female","United States","North America","Working class","Clerk",7,"20.5","On account","Bicycle","Rarely",4,"Ok","Very bad","Bad","Bad","Very bad","Fair prices","","Generous credit terms","","","Obliging staff","The confectioner's sweets were mixed with inferior stock that seemed to have been stored in a warehouse."
"P0546",20,"Male","United Kingdom","Europe","Lower middle class","Domestic servant",5,"6.4","On account","Horse and cart","Sometimes",7,"Ok","Ok","Ok","Bad","Bad","Fair prices","","","Near to home","","","The draper's selection of fabrics was adequate for ordinary needs though lacking in premium options."
"P0547",69,"Male","United Kingdom","Europe","Skilled working class","Shopkeeper",2,"19.3","Cash","On foot","Often",8,"Good","Very good","Ok","Good","Very good","Fair prices","","","Near to home","Variety on offer","Obliging staff",""
"P0548",46,"Female","United Kingdom","Europe","Working class","Farmer",5,"8.2","Cash","Omnibus","Often",9,"Good","Very good","Ok","Ok","Good","","Quality of the goods","Generous credit terms","","","",""
"P0549",21,"Female","Ireland","Europe","Skilled working class","Farmer",8,"41.5","On account","Bicycle","Sometimes",8,"Very good","Bad","Ok","Bad","Bad","Fair prices","Quality of the goods","","","","",""
"P0550",47,"Female","United Kingdom","Europe","Upper class","Domestic servant",6,"16.3","Cash","Omnibus","Often",10,"Good","Good","Good","Good","Very good","Fair prices","Quality of the goods","","Near to home","","Obliging staff","My account with the establishment has been managed with such care that I trust it entirely."
"P0551",39,"Male","United Kingdom","Europe","Lower middle class","Labourer",8,"19.4","Barter","On foot","Often",8,"Very good","Very good","Ok","Good","Very good","Fair prices","Quality of the goods","Generous credit terms","","","Obliging staff",""
"P0552",58,"Female","United States","North America","Upper class","Shopkeeper",2,"15.6","Barter","Omnibus","Rarely",7,"Bad","Very bad","Good","Good","Bad","Fair prices","Quality of the goods","Generous credit terms","","Variety on offer","","The shop girl suggested alterations when the initial fit proved imperfect, earning goodwill."
"P0553",44,"Male","Australia","Oceania","","Labourer",5,"6.9","Cash","On foot","Often",6,"Very bad","Bad","Very bad","Bad","Very bad","","Quality of the goods","","Near to home","","",""
"P0554",52,"Male","United Kingdom","Europe","Working class","Shopkeeper",5,"23.7","Cash","On foot","Often",7,"Good","Bad","Bad","Ok","Ok","Fair prices","Quality of the goods","Generous credit terms","","","",""
"P0555",36,"Female","United Kingdom","Europe","Poor","Mill worker",6,"15.5","Cash","Railway","Often",4,"Very bad","Very bad","Very bad","Very bad","Very bad","Fair prices","","","","Variety on offer","Obliging staff",""
"P0556",55,"Male","Ireland","Europe","Lower middle class","Mill worker",10,"10.6","Cash","Bicycle","Always",10,"Ok","Good","Bad","Very good","Good","","Quality of the goods","","Near to home","Variety on offer","Obliging staff","The Candlemas season brought an influx of shoppers but the haberdashery staff remained attentive to all."
"P0557",24,"Female","United Kingdom","Europe","Lower middle class","Domestic servant",4,"37","On account","On foot","Often",4,"Good","Very bad","Very bad","Bad","Bad","","Quality of the goods","","","","Obliging staff",""
"P0558",26,"Male","United Kingdom","Europe","Upper class","Farmer",6,"2.6","Cash","Omnibus","Often",4,"Ok","Bad","Bad","Ok","Very bad","","Quality of the goods","","","Variety on offer","",""
"P0559",43,"Male","United Kingdom","Europe","","Labourer",4,"37.5","Cash","Omnibus","Sometimes",8,"Ok","Good","Ok","Bad","Very bad","Fair prices","","","Near to home","Variety on offer","",""
"P0560",56,"Male","Canada","North America","Poor","Clerk",5,"5.4","Cash","On foot","Sometimes",6,"Ok","Bad","Very bad","Bad","Bad","Fair prices","Quality of the goods","","","Variety on offer","","My credit account was placed in collection status due to an error made by the establishment itself."
"P0561",20,"Male","United Kingdom","Europe","","Mill worker",6,"24.2","Cash","On foot","Sometimes",6,"Bad","Bad","Bad","Good","Bad","Fair prices","Quality of the goods","Generous credit terms","","Variety on offer","","The haberdashery shop girl was quite unhelpful and seemed to resent my questions regarding ribbon care."
"P0562",39,"Female","Ireland","Europe","Working class","",5,"5.6","On account","On foot","Sometimes",2,"Bad","Very bad","Bad","Bad","Very bad","Fair prices","","","Near to home","Variety on offer","",""
"P0563",35,"Female","Australia","Oceania","Lower middle class","Governess",6,"15","On account","Omnibus","Often",3,"Bad","Very bad","Bad","Very bad","Bad","","","","","","","The haberdashery ribbons began to fray almost immediately after I opened the package and commenced use."
"P0564",19,"Female","United Kingdom","Europe","Lower middle class","Schoolteacher",5,"6.3","On account","Bicycle","Always",4,"Good","Bad","Ok","Ok","Bad","Fair prices","Quality of the goods","","","Variety on offer","",""
"P0565",44,"Female","United Kingdom","Europe","Skilled working class","Schoolteacher",5,"3.2","On account","Horse and cart","Often",5,"Good","Good","Very bad","Bad","Bad","Fair prices","","Generous credit terms","","Variety on offer","Obliging staff","The confectioner's sweets arrived quite stale and several were broken in transit."
"P0566",41,"Male","United Kingdom","Europe","Working class","Shopkeeper",8,"18.8","Cash","On foot","Sometimes",6,"Very good","Good","Bad","Ok","Bad","","Quality of the goods","Generous credit terms","Near to home","","","The linen hall damask section is becoming increasingly difficult to navigate and no staff assistance is offered."
"P0567",64,"Female","India","Asia","Skilled working class","Domestic servant",5,"19.4","On account","On foot","Often",7,"Very good","Ok","Good","Bad","Bad","Fair prices","Quality of the goods","","","Variety on offer","Obliging staff",""
"P0568",53,"Female","United Kingdom","Europe","Skilled working class","Labourer",2,"16.1","Cash","Railway","Sometimes",7,"Bad","Good","Ok","Ok","Good","","Quality of the goods","","Near to home","","",""
"P0569",52,"Male","United Kingdom","Europe","Lower middle class","Labourer",8,"30.7","Cash","Railway","Sometimes",10,"Very good","Very good","Good","Ok","Good","","","","","","",""
"P0570",50,"Female","United States","North America","Lower middle class","Domestic servant",1,"20.8","Cash","On foot","Sometimes",8,"Good","Good","Good","Ok","Ok","Fair prices","Quality of the goods","","","","","The shop girl assisted with selections, though her pace made one question her prior experience."
"P0571",46,"Female","United Kingdom","Europe","","Mill worker",1,"18.5","On account","Bicycle","Sometimes",4,"Good","Bad","Very bad","Very good","Very bad","","Quality of the goods","","Near to home","Variety on offer","","I was most put out to discover that the confectioner's sweets bore little resemblance to their displayed sample."
"P0572",18,"Male","Australia","Oceania","Lower middle class","Shopkeeper",7,"21.3","Cash","Bicycle","Sometimes",8,"Good","Very good","Bad","Ok","Good","","","","","","Obliging staff",""
"P0573",18,"Female","United States","North America","Lower middle class","Farmer",8,"17.6","Cash","On foot","Sometimes",8,"Good","Bad","Bad","Bad","Ok","","Quality of the goods","","Near to home","","Obliging staff",""
"P0574",31,"Female","United Kingdom","Europe","Lower middle class","Farmer",5,"14.2","On account","Horse and cart","Always",8,"Very bad","Very bad","Ok","Bad","Very bad","","","","","","Obliging staff",""
"P0575",29,"Male","India","Asia","Lower middle class","",4,"33.2","On account","On foot","Always",5,"Very bad","Ok","Bad","Bad","Bad","","Quality of the goods","","","Variety on offer","","I was kept waiting for nearly an hour before a shop girl became available to assist me in the drapery section."
"P0576",19,"Female","United Kingdom","Europe","Upper middle class","Schoolteacher",7,"16.6","Cash","On foot","Sometimes",3,"Very bad","Good","Bad","Bad","Very bad","Fair prices","Quality of the goods","","","","","The draper's calico now seems to fray and pill with alarming ease despite careful use."
"P0577",69,"Female","United Kingdom","Europe","","Labourer",3,"15.1","Cash","On foot","Sometimes",6,"Good","Bad","Bad","Very bad","Bad","Fair prices","","","Near to home","","",""
"P0578",64,"Male","United Kingdom","Europe","Skilled working class","Schoolteacher",3,"10.5","Cash","Horse and cart","Never",6,"Bad","Bad","Ok","Bad","Bad","","Quality of the goods","","Near to home","Variety on offer","Obliging staff",""
"P0579",32,"Female","United Kingdom","Europe","Skilled working class","",6,"19.2","Barter","Horse and cart","Often",6,"Good","Very bad","Bad","Ok","Very bad","Fair prices","","","Near to home","","Obliging staff",""
"P0580",35,"Female","Canada","North America","Lower middle class","Shopkeeper",4,"24.8","On account","Bicycle","Rarely",6,"Ok","Bad","Ok","Bad","Ok","Fair prices","Quality of the goods","","","Variety on offer","","The grocer's section is becoming increasingly disorganized and one struggles to locate desired items."
"P0581",55,"Female","United Kingdom","Europe","Poor","Schoolteacher",2,"24.4","Cash","Horse and cart","Often",8,"Ok","Good","Very bad","Ok","Very good","Fair prices","","","","","",""
"P0582",32,"Male","United Kingdom","Europe","Skilled working class","Mill worker",10,"13.3","On account","On foot","Sometimes",3,"Very bad","Very bad","Bad","Very bad","Very bad","Fair prices","Quality of the goods","Generous credit terms","","","",""
"P0583",54,"Female","United States","North America","Skilled working class","Domestic servant",4,"6.1","Cash","Horse and cart","Sometimes",9,"Good","Very good","Very bad","Ok","Ok","","","","Near to home","","",""
"P0584",65,"Female","United States","North America","Skilled working class","Mill worker",1,"11.1","Cash","Motor-car","Sometimes",6,"Good","Very good","Ok","Ok","Ok","","","Generous credit terms","","","","I was dismayed to discover that the confectioner's sweets had developed a mouldy appearance within days."
"P0585",37,"Female","United Kingdom","Europe","Working class","Farmer",6,"22.9","Cash","Bicycle","Sometimes",10,"Ok","Good","Good","Bad","Ok","","","","","Variety on offer","",""
"P0586",42,"Male","United Kingdom","Europe","Lower middle class","Domestic servant",2,"19.7","Cash","On foot","Often",8,"Very good","Very good","Bad","Ok","Very good","","Quality of the goods","","","","Obliging staff",""
"P0587",48,"Female","United Kingdom","Europe","Working class","Labourer",5,"11.7","Cash","On foot","Often",7,"Good","Ok","Ok","Good","Bad","","Quality of the goods","","Near to home","Variety on offer","",""
"P0588",39,"Prefer not to answer","United Kingdom","Europe","Working class","Schoolteacher",3,"24.5","Cash","On foot","Often",7,"Ok","Ok","Ok","Bad","Ok","","Quality of the goods","","Near to home","","","Candlemas found the draper's premises quieter, allowing time for genuine consultation."
"P0589",39,"Female","United Kingdom","Europe","Working class","Clerk",2,"2.7","On account","On foot","Often",1,"Very bad","Very bad","Bad","Very bad","Very bad","","Quality of the goods","Generous credit terms","","Variety on offer","Obliging staff",""
"P0590",37,"Male","United Kingdom","Europe","Working class","Farmer",4,"19.7","On account","On foot","Sometimes",6,"Good","Good","Very good","Bad","Good","","","Generous credit terms","","Variety on offer","","The floorwalker's vague directions caused me to wander the establishment for far longer than necessary."
"P0591",65,"Male","United Kingdom","Europe","Skilled working class","Governess",5,"22","Barter","Horse and cart","Rarely",5,"Ok","Bad","Ok","Bad","Good","","Quality of the goods","","Near to home","","Obliging staff","The errand boy seemed quite careless with my package and I worry what state the goods might be in."
"P0592",34,"Female","United Kingdom","Europe","","Clerk",4,"23.6","Cash","On foot","Always",9,"Very good","Very good","Very good","Very good","Very good","Fair prices","Quality of the goods","","","","","I have recommended the establishment's credit terms to several neighbours as a sensible way to acquire fine goods."
"P0593",63,"Male","United States","North America","Lower middle class","Labourer",4,"19.2","On account","On foot","Sometimes",2,"Bad","Very bad","Bad","Very bad","Ok","","Quality of the goods","","","Variety on offer","Obliging staff","The boot leather I purchased developed an unsightly mark that the shopkeeper claimed was inherent to the material."
"P0594",46,"Female","United Kingdom","Europe","Skilled working class","Labourer",7,"18.7","Barter","On foot","Often",5,"Bad","Good","Ok","Ok","Ok","Fair prices","Quality of the goods","","","","Obliging staff",""
"P0595",50,"","India","Asia","Lower middle class","Domestic servant",5,"16.4","Cash","On foot","Sometimes",10,"Good","Good","Good","Good","Very good","Fair prices","","","","","",""
"P0596",42,"","United Kingdom","Europe","Lower middle class","Mill worker",12,"17","On account","On foot","Often",7,"Good","Bad","Ok","Ok","Ok","Fair prices","","","Near to home","","Obliging staff",""
"P0597",37,"Female","Ireland","Europe","Lower middle class","Clerk",1,"18.3","Barter","Bicycle","Sometimes",7,"Ok","Bad","Very bad","Very bad","Bad","Fair prices","Quality of the goods","","","","",""
"P0598",45,"Male","Australia","Oceania","Skilled working class","Farmer",3,"20.2","On account","Bicycle","Always",9,"Good","Good","Good","Very good","Very good","Fair prices","Quality of the goods","Generous credit terms","Near to home","","",""
"P0599",59,"Male","United Kingdom","Europe","Skilled working class","Domestic servant",6,"9.9","Cash","Omnibus","Often",8,"Good","Good","Good","Good","Bad","","Quality of the goods","","","Variety on offer","",""
"P0600",43,"Male","United Kingdom","Europe","Working class","Farmer",8,"22.6","Cash","On foot","Sometimes",6,"Ok","Ok","Ok","Ok","Bad","Fair prices","Quality of the goods","","","","","The boot department's staff were unapologetic regarding the poor quality of the leather offered."
"P0601",29,"Female","United States","North America","Lower middle class","Clerk",3,"22.6","On account","Bicycle","Often",3,"Very bad","Very bad","Bad","Very bad","Ok","","Quality of the goods","","","","",""
"P0602",35,"Female","United Kingdom","Europe","Skilled working class","Clerk",5,"28.9","Cash","On foot","Sometimes",10,"Very good","Very good","Good","Very good","Good","Fair prices","","","Near to home","Variety on offer","Obliging staff",""
"P0603",43,"Female","Ireland","Europe","Skilled working class","Farmer",2,"8.2","On account","Omnibus","Always",7,"Bad","Good","Very good","Good","Ok","","Quality of the goods","","","Variety on offer","","The haberdashery's closing time was adhered to strictly, requiring one to return on a subsequent visit."
"P0604",52,"Female","United Kingdom","Europe","Skilled working class","Shopkeeper",6,"21.3","Cash","Railway","Always",3,"Ok","Bad","Very bad","Bad","Very bad","Fair prices","Quality of the goods","","Near to home","","Obliging staff","My recent purchase of boot leather from the establishment proves to be uncomfortable and gives no sign of improving."
"P0605",43,"Male","United Kingdom","Europe","Upper middle class","Clerk",9,"20.6","On account","On foot","Sometimes",4,"Bad","Ok","Good","Bad","Ok","Fair prices","","","Near to home","","Obliging staff","The draper's calico colour proved to be quite different in daylight than in the shop's illumination."
"P0606",49,"Female","Ireland","Europe","Lower middle class","Farmer",6,"3.4","Cash","Omnibus","Never",9,"Good","Bad","Bad","Ok","Very good","","Quality of the goods","","Near to home","Variety on offer","Obliging staff",""
"P0607",25,"","United Kingdom","Europe","Skilled working class","Farmer",5,"31.1","Cash","On foot","Sometimes",8,"Very good","Bad","Good","Good","Very good","Fair prices","Quality of the goods","","Near to home","Variety on offer","",""
"P0608",38,"Female","Ireland","Europe","Skilled working class","Mill worker",6,"21.8","On account","Omnibus","Sometimes",7,"Very good","Bad","Bad","Very bad","Ok","Fair prices","Quality of the goods","Generous credit terms","Near to home","","Obliging staff",""
"P0609",57,"Female","United States","North America","Skilled working class","Domestic servant",6,"13","On account","On foot","Rarely",9,"Good","Ok","Very good","Ok","Good","Fair prices","Quality of the goods","","","Variety on offer","",""
"P0610",26,"Male","United Kingdom","Europe","Working class","Mill worker",6,"21.6","Cash","Railway","Rarely",9,"Good","Good","Ok","Very good","Very good","Fair prices","Quality of the goods","Generous credit terms","Near to home","","","The linen hall damask in the finest weaves creates furnishings worthy of the most discerning households."
"P0611",40,"Female","United States","North America","Upper class","Domestic servant",6,"13","On account","On foot","Often",9,"Very good","Very good","Good","Ok","Ok","","Quality of the goods","","Near to home","","Obliging staff","The grocer's selection of tea includes varieties that I would have assumed were available only through London merchants."
"P0612",57,"Female","India","Asia","Working class","Clerk",7,"29","Cash","Railway","Rarely",4,"Ok","Ok","Ok","Bad","Bad","","","","Near to home","","Obliging staff",""
"P0613",38,"Female","United States","North America","Skilled working class","Clerk",10,"11.7","Cash","On foot","Often",5,"Bad","Good","Very bad","Bad","Very bad","Fair prices","Quality of the goods","","","","Obliging staff","The haberdashery ribbons I purchased were wound so tightly that they became creased and difficult to straighten."
"P0614",53,"Female","United Kingdom","Europe","Upper class","Shopkeeper",9,"32.4","Barter","Horse and cart","Sometimes",6,"Ok","Good","Very good","Ok","Very good","","","","","","","The linen hall damask available in the weight I preferred was entirely absent from stock."
"P0615",56,"Male","United Kingdom","Europe","Lower middle class","Mill worker",4,"15.9","On account","Horse and cart","Always",7,"Ok","Bad","Very bad","Bad","Ok","","","Generous credit terms","Near to home","","",""
"P0616",24,"Female","United Kingdom","Europe","Skilled working class","Clerk",5,"28.9","On account","Horse and cart","Often",6,"Ok","Bad","Good","Very bad","Bad","","Quality of the goods","","Near to home","","Obliging staff","My errand boy package was carelessly packed and one item arrived quite ruined."
"P0617",51,"Female","United Kingdom","Europe","Skilled working class","Farmer",8,"27.9","Cash","On foot","Sometimes",7,"Good","Good","Ok","Bad","Very good","","","Generous credit terms","Near to home","","","The floorwalker corrected a pricing error promptly, which partially redeemed earlier inattention."
"P0618",45,"Male","United Kingdom","Europe","Skilled working class","Domestic servant",4,"19.9","On account","On foot","Often",7,"Good","Bad","Ok","Ok","Ok","","Quality of the goods","","","","","The boot department's repairs were promised for Thursday, delivered promptly on Tuesday."
"P0619",50,"Female","United Kingdom","Europe","Poor","Clerk",1,"37.3","Cash","On foot","Rarely",8,"Bad","Good","Good","Ok","Bad","Fair prices","Quality of the goods","Generous credit terms","","Variety on offer","Obliging staff",""
"P0620",59,"Female","Canada","North America","Poor","Mill worker",8,"18.9","Cash","On foot","Often",7,"Good","Ok","Bad","Ok","Ok","","Quality of the goods","Generous credit terms","","","",""
"P0621",39,"Female","United States","North America","Upper middle class","Shopkeeper",1,"23.9","Cash","On foot","Often",7,"Very good","Ok","Ok","Ok","Ok","","Quality of the goods","","Near to home","Variety on offer","",""
"P0622",42,"Prefer not to answer","United Kingdom","Europe","Skilled working class","Labourer",2,"10.6","Cash","Bicycle","Often",7,"Ok","Good","Good","Good","Good","Fair prices","","","","Variety on offer","",""
"P0623",47,"Female","United States","North America","Skilled working class","Domestic servant",5,"16","Cash","Railway","Rarely",4,"Very bad","Ok","Bad","Very bad","Very bad","Fair prices","Quality of the goods","Generous credit terms","","Variety on offer","Obliging staff",""
"P0624",51,"Male","United Kingdom","Europe","Lower middle class","Clerk",8,"10.6","Cash","On foot","Often",4,"Very bad","Very bad","Bad","Good","Bad","Fair prices","Quality of the goods","","","Variety on offer","","My credit arrangements, once so reasonable, have become increasingly onerous and difficult to manage."
"P0625",27,"Female","United Kingdom","Europe","Working class","Labourer",3,"13.9","Cash","Bicycle","Sometimes",7,"Very good","Very good","Ok","Bad","Good","Fair prices","","","Near to home","","Obliging staff",""
"P0626",49,"Male","United Kingdom","Europe","Working class","Domestic servant",4,"13.4","Cash","Horse and cart","Sometimes",5,"Good","Ok","Very bad","Very bad","Ok","","Quality of the goods","","Near to home","Variety on offer","","The floorwalker's inability to locate the grocer's section suggested he had never truly worked within the establishment."
"P0627",19,"Male","Ireland","Europe","Lower middle class","Farmer",4,"18.3","Cash","Omnibus","Often",5,"Ok","Good","Good","Ok","Bad","Fair prices","Quality of the goods","","Near to home","","","The haberdashery shop girl overcharged me by several shillings and refused to verify the original quote."
"P0628",61,"Male","United Kingdom","Europe","Working class","Mill worker",2,"24.9","Cash","On foot","Always",10,"Very good","Very good","Good","Good","Ok","","","","Near to home","Variety on offer","Obliging staff","My visits to your establishment during Martinmas proved most fruitful and the staff remained cheerful throughout."
"P0629",43,"Male","Canada","North America","Skilled working class","Domestic servant",5,"17","Cash","Omnibus","Sometimes",6,"Bad","Good","Good","Bad","Very bad","","","","","","",""
"P0630",56,"","Canada","North America","Working class","Shopkeeper",1,"19","On account","On foot","Rarely",6,"Bad","Ok","Bad","Very bad","Good","Fair prices","Quality of the goods","","Near to home","Variety on offer","","The linen hall damask I selected proved to be dimensionally inconsistent and unsuitable for my purposes."
"P0631",77,"Female","India","Asia","Upper class","",5,"19.2","On account","Bicycle","Always",6,"Ok","Very bad","Ok","Bad","Very bad","Fair prices","","","","","","The manager's refusal to adjust my account despite clear evidence of overcharge was most vexing."
"P0632",24,"Male","India","Asia","Upper middle class","Mill worker",8,"17.9","Cash","Horse and cart","Sometimes",7,"Ok","Good","Bad","Ok","Ok","Fair prices","Quality of the goods","","","Variety on offer","Obliging staff",""
"P0633",45,"Male","United States","North America","Skilled working class","Clerk",2,"17.5","On account","Railway","Always",8,"Good","Ok","Good","Bad","Bad","","Quality of the goods","Generous credit terms","","Variety on offer","Obliging staff",""
"P0634",43,"Male","Ireland","Europe","Upper middle class","Schoolteacher",5,"21.5","On account","On foot","Always",8,"Very good","Very good","Very good","Ok","Ok","","Quality of the goods","Generous credit terms","","","",""
"P0635",75,"Female","United States","North America","Skilled working class","Clerk",6,"2","On account","On foot","Often",6,"Very bad","Very bad","Bad","Bad","Very bad","","","","Near to home","","","The errand boy's service has become increasingly unreliable and I no longer feel confident placing orders."
"P0636",55,"Female","United Kingdom","Europe","Working class","Domestic servant",5,"8.8","Cash","Horse and cart","Sometimes",8,"Ok","Ok","Ok","Bad","Bad","Fair prices","Quality of the goods","","","","",""
"P0637",64,"Female","United Kingdom","Europe","Skilled working class","Domestic servant",3,"4.2","On account","Bicycle","Sometimes",2,"Very bad","Very bad","Bad","Very bad","Very bad","","","","Near to home","Variety on offer","",""
"P0638",53,"Female","United Kingdom","Europe","Upper middle class","Mill worker",4,"9.4","Cash","Horse and cart","Rarely",5,"Ok","Very bad","Bad","Ok","Bad","","Quality of the goods","Generous credit terms","Near to home","","Obliging staff","My errand boy delivery included items I had not ordered and lacked items I had specifically requested."
"P0639",36,"Male","United Kingdom","Europe","Poor","Labourer",5,"33.8","Cash","Railway","Sometimes",7,"Good","Ok","Good","Ok","Good","","Quality of the goods","","Near to home","Variety on offer","",""
"P0640",71,"Female","United Kingdom","Europe","Poor","Mill worker",4,"31","Cash","Omnibus","Sometimes",10,"Ok","Good","Good","Good","Good","","Quality of the goods","","","","Obliging staff",""
"P0641",37,"Female","United Kingdom","Europe","Lower middle class","Mill worker",5,"11.2","On account","Horse and cart","Often",7,"Ok","Good","Ok","Ok","Good","Fair prices","Quality of the goods","Generous credit terms","","Variety on offer","",""
"P0642",49,"Female","Australia","Oceania","Skilled working class","Mill worker",1,"23.5","Cash","On foot","Sometimes",4,"Bad","Bad","Bad","Bad","Good","","","","","Variety on offer","","The haberdashery shop girl seemed almost dismissive of my attempt to match ribbon with existing garments."
"P0643",41,"Male","United States","North America","Working class","Labourer",3,"27.8","On account","On foot","Often",8,"Very good","Ok","Bad","Good","Very good","","","","","","","The confectioner's sweets arrived in proper condition after delivery, suggesting careful packing."
"P0644",53,"Male","United Kingdom","Europe","Working class","Domestic servant",2,"23.6","Cash","On foot","Often",4,"Ok","Bad","Bad","Very bad","Ok","","Quality of the goods","","Near to home","","Obliging staff","The boot leather selected by the shopkeeper was visibly damaged in ways that should have been detected before sale."
"P0645",59,"Female","United Kingdom","Europe","Working class","Mill worker",6,"19.1","Cash","Bicycle","Often",4,"Good","Bad","Ok","Ok","Ok","Fair prices","","","","Variety on offer","Obliging staff",""
"P0646",44,"Male","United States","North America","Lower middle class","Farmer",3,"2","On account","Bicycle","Often",9,"Very bad","Ok","Very bad","Very bad","Ok","Fair prices","Quality of the goods","Generous credit terms","","Variety on offer","Obliging staff",""
"P0647",74,"","Australia","Oceania","Working class","Domestic servant",5,"14.5","On account","Horse and cart","Always",7,"Ok","Bad","Good","Ok","Bad","Fair prices","Quality of the goods","Generous credit terms","","","Obliging staff",""
"P0648",33,"Prefer not to answer","India","Asia","Upper middle class","Farmer",10,"22","Barter","Railway","Always",6,"Good","Good","Ok","Good","Bad","Fair prices","Quality of the goods","Generous credit terms","","Variety on offer","Obliging staff","The boot department's staff seemed to view me with suspicion when I inquired about defects in my purchase."
"P0649",47,"Female","United States","North America","Skilled working class","Clerk",10,"12","Cash","Bicycle","Often",7,"Ok","Good","Ok","Very bad","Ok","","","","Near to home","Variety on offer","",""
"P0650",53,"Female","Australia","Oceania","Working class","Domestic servant",5,"2","Barter","On foot","Often",4,"Very bad","Very bad","Very bad","Very bad","Very bad","","Quality of the goods","","Near to home","Variety on offer","","The floorwalker offered such vague directions to the boot department that I eventually abandoned my search."
"P0651",26,"Female","United Kingdom","Europe","Skilled working class","Mill worker",5,"16.7","Cash","Railway","Sometimes",8,"Very bad","Ok","Bad","Ok","Bad","Fair prices","Quality of the goods","Generous credit terms","","","",""
"P0652",50,"Female","United Kingdom","Europe","Lower middle class","Clerk",4,"13.2","Cash","Horse and cart","Often",6,"Ok","Good","Very bad","Very bad","Very bad","","Quality of the goods","Generous credit terms","Near to home","Variety on offer","","The manager's tone was dismissive when I raised concerns regarding the quality of my grocer's tea purchase."
"P0653",49,"Male","United Kingdom","Europe","Skilled working class","Domestic servant",2,"23.2","On account","Bicycle","Rarely",10,"Very good","Very good","Good","Good","Very good","","","","Near to home","","","The draper's calico in the most economical grade remains durable and suitable for everyday use."
"P0654",27,"Male","Australia","Oceania","Working class","Labourer",5,"24.8","On account","On foot","Rarely",9,"Good","Good","Very bad","Very good","Good","Fair prices","Quality of the goods","Generous credit terms","","Variety on offer","",""
"P0655",67,"Male","United States","North America","Working class","Clerk",8,"24.2","Cash","Horse and cart","Always",7,"Ok","Ok","Bad","Good","Ok","","Quality of the goods","","","","Obliging staff",""
"P0656",56,"Male","United Kingdom","Europe","Upper middle class","Shopkeeper",3,"18.9","Cash","On foot","Often",5,"Bad","Ok","Ok","Very good","Ok","Fair prices","","","","Variety on offer","",""
"P0657",47,"Male","Australia","Oceania","Skilled working class","Clerk",2,"25.3","On account","Horse and cart","Often",9,"Good","Ok","Bad","Good","Good","","Quality of the goods","","","","Obliging staff",""
"P0658",48,"Female","United Kingdom","Europe","Working class","Governess",5,"19.9","Cash","On foot","Sometimes",10,"Very good","Bad","Ok","Bad","Bad","Fair prices","Quality of the goods","","","","Obliging staff",""
"P0659",37,"Female","United Kingdom","Europe","Working class","Clerk",5,"11.5","On account","On foot","Often",9,"Very good","Very good","Good","Good","Very good","Fair prices","Quality of the goods","","Near to home","","Obliging staff",""
"P0660",54,"Male","United States","North America","Poor","Labourer",7,"23.9","Cash","On foot","Rarely",9,"Ok","Very good","Ok","Ok","Good","","Quality of the goods","","","Variety on offer","","I have never seen a more handsome window display than the one featuring the new season's ribbons and trimmings."
"P0661",25,"Female","Australia","Oceania","Skilled working class","Labourer",3,"13.9","Cash","Omnibus","Often",3,"Ok","Very bad","Bad","Bad","Bad","","Quality of the goods","","","","","The confectioner's sweets left a most unpleasant aftertaste that I cannot attribute to any ingredient I recognize."
"P0662",33,"Female","United Kingdom","Europe","Working class","Shopkeeper",5,"5.1","Cash","Horse and cart","Always",7,"Ok","Good","Bad","Good","Very bad","Fair prices","Quality of the goods","Generous credit terms","Near to home","","",""
"P0663",18,"Female","United States","North America","Lower middle class","Farmer",4,"38.7","Cash","Horse and cart","Often",10,"Very good","Good","Good","Very good","Very good","Fair prices","","Generous credit terms","Near to home","","",""
"P0664",53,"Female","United Kingdom","Europe","Working class","",3,"20.8","Barter","Bicycle","Always",9,"Good","Very good","Bad","Good","Good","Fair prices","Quality of the goods","Generous credit terms","Near to home","Variety on offer","Obliging staff","I was most impressed by the establishment's decision to clearly mark which calico shades are subject to fading."
"P0665",27,"Male","India","Asia","","Farmer",7,"20.2","On account","On foot","Often",8,"Very good","Good","Ok","Ok","Good","Fair prices","Quality of the goods","","Near to home","","",""
"P0666",50,"Female","United Kingdom","Europe","Working class","Shopkeeper",6,"8","On account","On foot","Rarely",5,"Very good","Bad","Very bad","Very bad","Bad","","","","Near to home","","","The manager's refusal to acknowledge quality issues has left me quite frustrated and disappointed."
"P0667",58,"Female","United Kingdom","Europe","Lower middle class","Mill worker",1,"20.1","Cash","Bicycle","Often",3,"Bad","Ok","Bad","Bad","Good","Fair prices","","","","","Obliging staff","The haberdashery shop girl's prices quoted verbally bore no relationship to what was charged at the counter."
"P0668",26,"Female","United Kingdom","Europe","Working class","Labourer",4,"7.7","Cash","On foot","Often",4,"Ok","Bad","Ok","Bad","Bad","Fair prices","Quality of the goods","","Near to home","Variety on offer","","The confectioner's sweets were wrapped in such sparse paper that several had crumbled by the time I opened the package."
"P0669",66,"Female","United Kingdom","Europe","Lower middle class","Governess",6,"29","On account","On foot","Rarely",6,"Ok","Ok","Bad","Bad","Very bad","Fair prices","Quality of the goods","Generous credit terms","","","Obliging staff",""
"P0670",54,"Female","Ireland","Europe","Skilled working class","Labourer",6,"20.8","On account","On foot","Often",10,"Very good","Good","Ok","Good","Good","","","","Near to home","Variety on offer","Obliging staff","The shop girl in the linen hall was remarkably patient and helped me find the perfect damask for my tablecloths."
"P0671",18,"Female","Australia","Oceania","Skilled working class","Shopkeeper",10,"18.2","Cash","On foot","Always",6,"Good","Bad","Ok","Bad","Bad","Fair prices","","","","","Obliging staff","The linen hall damask available through the establishment has become a luxury I can no longer justify affording."
"P0672",35,"Female","India","Asia","Working class","Mill worker",1,"17.7","Cash","On foot","Often",10,"Very good","Very good","Good","Very good","Good","Fair prices","","","","Variety on offer","",""
"P0673",34,"Female","Ireland","Europe","Upper middle class","Mill worker",4,"12.1","On account","Bicycle","Sometimes",6,"Bad","Good","Ok","Ok","Bad","Fair prices","Quality of the goods","","Near to home","Variety on offer","",""
"P0674",40,"Female","Canada","North America","Working class","Domestic servant",6,"20.5","Cash","On foot","Sometimes",3,"Very bad","Very bad","Bad","Very bad","Bad","","Quality of the goods","","Near to home","","Obliging staff",""
"P0675",26,"Female","United Kingdom","Europe","Lower middle class","Schoolteacher",4,"2.4","Barter","Bicycle","Sometimes",6,"Ok","Ok","Bad","Bad","Bad","","Quality of the goods","","","","",""
"P0676",48,"Female","United Kingdom","Europe","Working class","Farmer",5,"19.4","Cash","Horse and cart","Often",5,"Very bad","Good","Ok","Bad","Good","Fair prices","","Generous credit terms","Near to home","","","I found the confectioner's sweets to be quite unappetizing and far removed from their prior standard."
"P0677",23,"Male","Ireland","Europe","Skilled working class","Clerk",5,"23.3","Barter","On foot","Sometimes",10,"Very good","Bad","Good","Good","Very good","Fair prices","Quality of the goods","","Near to home","Variety on offer","",""
"P0678",50,"Male","United States","North America","Skilled working class","Clerk",3,"16.5","Cash","On foot","Sometimes",6,"Good","Ok","Good","Ok","Very good","","Quality of the goods","","Near to home","Variety on offer","",""
"P0679",78,"Female","United Kingdom","Europe","Skilled working class","Shopkeeper",3,"6","Cash","On foot","Sometimes",4,"Very bad","Bad","Ok","Ok","Bad","Fair prices","Quality of the goods","Generous credit terms","","","Obliging staff","The manager brushed aside my concerns regarding the boot leather quality with evident disinterest."
"P0680",47,"Female","Canada","North America","Working class","Seamstress",4,"22.6","Cash","On foot","Always",9,"Good","Bad","Good","Ok","Very good","","Quality of the goods","Generous credit terms","","Variety on offer","Obliging staff","The shop girl took such pains to help my daughter select her first grown-up ribbon that she has spoken of it ever since."
"P0681",31,"Male","United Kingdom","Europe","Working class","Schoolteacher",6,"12.5","Cash","On foot","Often",8,"Good","Very good","Good","Ok","Good","","","","Near to home","Variety on offer","",""
"P0682",48,"Female","United Kingdom","Europe","Working class","Farmer",6,"10.3","Cash","Horse and cart","Rarely",4,"Ok","Bad","Bad","Bad","Bad","Fair prices","Quality of the goods","","","","",""
"P0683",55,"Male","Ireland","Europe","Working class","Mill worker",5,"33.8","On account","Bicycle","Sometimes",9,"Very good","Ok","Ok","Very good","Ok","","Quality of the goods","","Near to home","Variety on offer","","The errand boy's reliability has become such that my household plans other activities around his scheduled arrival."
"P0684",33,"Female","Canada","North America","Skilled working class","Clerk",3,"22.4","Cash","Omnibus","Always",3,"Very bad","Very bad","Bad","Ok","Very bad","Fair prices","Quality of the goods","Generous credit terms","","Variety on offer","",""
"P0685",41,"Female","United Kingdom","Europe","Upper middle class","Schoolteacher",4,"9.7","Cash","Horse and cart","Always",9,"Good","Very good","Ok","Bad","Ok","","","","Near to home","","","The draper's calico available through patient shopping can create a wardrobe of genuine elegance and taste."
"P0686",40,"Male","United Kingdom","Europe","Skilled working class","Mill worker",6,"20.2","On account","On foot","Often",8,"Good","Good","Bad","Bad","Ok","Fair prices","Quality of the goods","Generous credit terms","Near to home","","",""
"P0687",41,"Female","Ireland","Europe","Skilled working class","Mill worker",4,"16.3","On account","On foot","Always",7,"Good","Ok","Ok","Good","Bad","","Quality of the goods","","","","",""
"P0688",57,"Female","United Kingdom","Europe","Upper middle class","Seamstress",1,"21.3","Cash","Bicycle","Always",6,"Very good","Ok","Ok","Bad","Very good","Fair prices","Quality of the goods","","Near to home","","",""
"P0689",18,"Female","United Kingdom","Europe","Poor","Mill worker",2,"15.9","On account","On foot","Often",6,"Ok","Bad","Bad","Bad","Ok","Fair prices","Quality of the goods","","","Variety on offer","","The grocer's section is poorly organized and I waste considerable time locating items."
"P0690",34,"Female","India","Asia","Working class","Labourer",3,"20.2","Cash","On foot","Often",6,"Good","Bad","Good","Bad","Bad","Fair prices","","Generous credit terms","","Variety on offer","","The haberdashery shop girl suggested I purchase a more expensive ribbon when she clearly knew I sought economy."
"P0691",43,"Female","Canada","North America","Upper middle class","Schoolteacher",6,"16.6","Cash","On foot","Often",6,"Ok","Very bad","Bad","Bad","Good","Fair prices","","Generous credit terms","","","",""
"P0692",59,"Female","United States","North America","Skilled working class","Mill worker",1,"27.9","On account","On foot","Often",10,"Good","Very good","Good","Ok","Very good","Fair prices","","Generous credit terms","","Variety on offer","Obliging staff","One cannot fault the attention paid to detail in the arrangement of the haberdashery goods."
"P0693",53,"Male","United Kingdom","Europe","Skilled working class","Domestic servant",6,"25.6","On account","Omnibus","Always",6,"Ok","Ok","Ok","Bad","Ok","Fair prices","Quality of the goods","","","","Obliging staff","My account shows a charge from a full month ago that was not mentioned when I spoke with the manager."
"P0694",33,"Female","United States","North America","Upper middle class","Labourer",5,"10","Barter","Omnibus","Often",6,"Very bad","Bad","Bad","Bad","Ok","Fair prices","","","Near to home","","Obliging staff",""
"P0695",39,"Female","United Kingdom","Europe","Working class","Labourer",5,"14.1","Cash","On foot","Sometimes",7,"Ok","Very bad","Bad","Ok","Good","Fair prices","","","Near to home","Variety on offer","",""
"P0696",44,"Female","United Kingdom","Europe","Poor","Mill worker",3,"16.7","Barter","On foot","Always",8,"Very good","Very good","Very good","Very good","Ok","Fair prices","Quality of the goods","","Near to home","","","One found the shop girl obliging enough, yet the service moved at a leisurely pace."
"P0697",45,"Male","United Kingdom","Europe","Lower middle class","Labourer",4,"31.8","Cash","On foot","Often",8,"Ok","Ok","Good","Ok","Good","Fair prices","","","Near to home","Variety on offer","Obliging staff","The confectioner's display case gleamed, though the contents justified neither its prominence nor its cost."
"P0698",55,"Female","United Kingdom","Europe","Upper middle class","Domestic servant",9,"11.3","Cash","Bicycle","Sometimes",6,"Bad","Bad","Very bad","Ok","Bad","Fair prices","Quality of the goods","","Near to home","","Obliging staff",""
"P0699",26,"Male","United Kingdom","Europe","Skilled working class","Labourer",7,"16.4","Cash","On foot","Rarely",9,"Good","Good","Bad","Good","Good","","","","Near to home","Variety on offer","Obliging staff",""
"P0700",47,"","United Kingdom","Europe","Lower middle class","Clerk",6,"11.7","Cash","On foot","Sometimes",4,"Very bad","Bad","Bad","Very bad","Ok","Fair prices","Quality of the goods","","Near to home","Variety on offer","",""
"P0701",43,"Female","Australia","Oceania","Skilled working class","Seamstress",4,"8.8","Cash","Bicycle","Sometimes",7,"Ok","Very good","Ok","Ok","Bad","","Quality of the goods","","","Variety on offer","",""
"P0702",35,"Female","United States","North America","Skilled working class","Labourer",5,"23.9","On account","On foot","Always",7,"Ok","Good","Good","Ok","Good","Fair prices","Quality of the goods","","","","Obliging staff",""
"P0703",39,"Female","United Kingdom","Europe","Working class","Labourer",5,"13.7","On account","Horse and cart","Always",4,"Bad","Bad","Very bad","Ok","Bad","Fair prices","Quality of the goods","","","","",""
"P0704",32,"Female","United States","North America","Skilled working class","Governess",1,"23.9","Barter","Bicycle","Often",7,"Good","Good","Ok","Bad","Ok","Fair prices","Quality of the goods","","","","","Lady Day marked a busy shopping season, with inventory that seemed adequate if not exceptional."
"P0705",58,"Male","India","Asia","Working class","Labourer",5,"11.5","On account","Omnibus","Rarely",5,"Very bad","Ok","Good","Bad","Ok","Fair prices","Quality of the goods","Generous credit terms","","","",""
"P0706",47,"","United Kingdom","Europe","Skilled working class","Domestic servant",3,"16.2","Cash","On foot","Sometimes",4,"Bad","Bad","Bad","Bad","Bad","","Quality of the goods","","","","Obliging staff",""
"P0707",80,"Male","Australia","Oceania","Skilled working class","Schoolteacher",3,"4.6","On account","Bicycle","Sometimes",6,"Bad","Bad","Bad","Very bad","Ok","","Quality of the goods","Generous credit terms","Near to home","Variety on offer","","The errand boy arrived at a time that caused me considerable inconvenience despite my written instructions."
"P0708",60,"Male","Ireland","Europe","Poor","Farmer",4,"27.8","Cash","On foot","Sometimes",5,"Very good","Ok","Bad","Bad","Good","Fair prices","","","","","Obliging staff",""
"P0709",71,"Female","United Kingdom","Europe","Working class","Clerk",5,"35.2","Cash","Horse and cart","Sometimes",10,"Very good","Ok","Very good","Good","Very good","","Quality of the goods","","Near to home","","",""
"P0710",47,"Female","Ireland","Europe","Skilled working class","Domestic servant",14,"15.3","Cash","Bicycle","Often",2,"Ok","Very bad","Very bad","Very bad","Very bad","","","Generous credit terms","","Variety on offer","",""
"P0711",38,"Male","Ireland","Europe","Lower middle class","Clerk",7,"38.4","On account","Railway","Often",8,"Very good","Ok","Good","Ok","Good","Fair prices","","","Near to home","Variety on offer","","The haberdashery's selection of ribbons seemed tailored to conservative tastes."
"P0712",40,"Male","United Kingdom","Europe","Lower middle class","Shopkeeper",7,"10.6","Cash","On foot","Sometimes",8,"Good","Ok","Bad","Bad","Ok","Fair prices","Quality of the goods","","","","Obliging staff",""
"P0713",55,"Male","United States","North America","Skilled working class","Labourer",4,"22.9","Cash","On foot","Sometimes",9,"Good","Good","Bad","Bad","Ok","Fair prices","","","Near to home","Variety on offer","Obliging staff",""
"P0714",80,"Male","United Kingdom","Europe","Working class","Domestic servant",7,"19.6","On account","Railway","Always",6,"Bad","Ok","Ok","Ok","Ok","","Quality of the goods","","","","","The haberdashery shop girl seemed offended when I expressed that I would shop elsewhere for this season's ribbons."
"P0715",47,"Female","Ireland","Europe","Lower middle class","Seamstress",5,"8.9","Cash","Horse and cart","Always",8,"Good","Ok","Ok","Ok","Bad","","","","Near to home","Variety on offer","",""
"P0716",48,"Male","Ireland","Europe","","Shopkeeper",5,"28.5","Cash","Horse and cart","Sometimes",3,"Very bad","Ok","Ok","Bad","Very bad","Fair prices","","","","","",""
"P0717",34,"Male","United Kingdom","Europe","Lower middle class","Schoolteacher",4,"17.6","Cash","Horse and cart","Sometimes",5,"Ok","Bad","Ok","Very bad","Bad","","","","Near to home","","",""
"P0718",46,"Female","India","Asia","Lower middle class","Schoolteacher",6,"12.6","Cash","Horse and cart","Always",5,"Ok","Bad","Bad","Ok","Bad","","Quality of the goods","","","Variety on offer","",""
"P0719",53,"Female","India","Asia","Skilled working class","Farmer",5,"8.9","Cash","On foot","Often",6,"Ok","Ok","Ok","Bad","Bad","Fair prices","Quality of the goods","","","","",""
"P0720",52,"Male","United Kingdom","Europe","Lower middle class","Domestic servant",7,"20.7","Cash","On foot","Sometimes",8,"Ok","Very bad","Ok","Bad","Very bad","Fair prices","Quality of the goods","","","","",""
"P0721",33,"Female","United Kingdom","Europe","Upper middle class","Domestic servant",4,"25.7","On account","On foot","Often",7,"Ok","Bad","Ok","Bad","Very good","Fair prices","","","","","","The linen hall damask proved satisfactory for household linens, if somewhat ordinary in design."
"P0722",58,"Female","United Kingdom","Europe","Skilled working class","Seamstress",3,"15.3","Cash","On foot","Sometimes",7,"Good","Very good","Very bad","Ok","Ok","Fair prices","","Generous credit terms","Near to home","","Obliging staff",""
"P0723",32,"Male","United Kingdom","Europe","Upper middle class","Labourer",6,"19.1","Cash","On foot","Always",7,"Good","Ok","Ok","Very good","Ok","","","Generous credit terms","","","Obliging staff",""
"P0724",40,"Male","United Kingdom","Europe","Working class","Mill worker",3,"39.5","Barter","On foot","Often",7,"Very good","Good","Good","Ok","Good","Fair prices","","","","Variety on offer","",""
"P0725",35,"Female","United Kingdom","Europe","Lower middle class","Clerk",2,"23.3","Cash","Bicycle","Often",7,"Ok","Bad","Ok","Bad","Good","Fair prices","","","","Variety on offer","",""
"P0726",18,"Male","Canada","North America","Upper middle class","Schoolteacher",2,"19.4","On account","Omnibus","Always",8,"Good","Good","Ok","Bad","Bad","Fair prices","","","Near to home","","",""
"P0727",46,"Female","United Kingdom","Europe","Skilled working class","Labourer",6,"14.8","Cash","Bicycle","Often",6,"Bad","Very bad","Bad","Bad","Very bad","Fair prices","Quality of the goods","","Near to home","","",""
"P0728",45,"","Australia","Oceania","Skilled working class","Domestic servant",6,"19.7","On account","On foot","Rarely",7,"Ok","Good","Ok","Ok","Ok","","","Generous credit terms","","","",""
"P0729",38,"Female","Australia","Oceania","Lower middle class","Seamstress",5,"31.9","On account","On foot","Never",4,"Bad","Bad","Very bad","Bad","Very bad","Fair prices","Quality of the goods","","Near to home","","",""
"P0730",24,"Male","United Kingdom","Europe","Poor","Mill worker",3,"21","Cash","Horse and cart","Often",7,"Ok","Bad","Bad","Bad","Ok","Fair prices","","","Near to home","","Obliging staff","The haberdashery ribbons displayed various qualities, with pricing that seemed somewhat arbitrary."
"P0731",68,"Male","United Kingdom","Europe","Skilled working class","Farmer",4,"17.8","On account","On foot","Sometimes",9,"Very good","Very good","Ok","Very good","Very good","","","","Near to home","","",""
"P0732",45,"Female","United States","North America","Working class","Labourer",6,"4.6","On account","On foot","Sometimes",6,"Good","Ok","Bad","Bad","Bad","Fair prices","Quality of the goods","","","Variety on offer","",""
"P0733",50,"Male","Ireland","Europe","Skilled working class","Governess",5,"21.2","Cash","On foot","Often",4,"Bad","Bad","Ok","Bad","Very bad","Fair prices","Quality of the goods","","","","Obliging staff",""
"P0734",38,"Female","Canada","North America","Working class","Farmer",7,"18","On account","Railway","Always",9,"Very good","Very good","Ok","Bad","Ok","Fair prices","Quality of the goods","","","Variety on offer","Obliging staff","The draper's selection of calico is sufficiently varied that I need not seek elsewhere for any shade or weight."
"P0735",41,"Female","United Kingdom","Europe","Working class","Shopkeeper",4,"27.5","On account","On foot","Often",10,"Good","Good","Good","Very good","Ok","Fair prices","","Generous credit terms","Near to home","","Obliging staff","The errand boy's care in packing ensures that even delicate items arrive in perfect condition."
"P0736",44,"Female","United Kingdom","Europe","Upper middle class","Shopkeeper",1,"30.1","On account","On foot","Often",9,"Very good","Good","Ok","Good","Good","Fair prices","Quality of the goods","","","Variety on offer","",""
"P0737",47,"Male","Ireland","Europe","Working class","Mill worker",9,"2","On account","On foot","Often",6,"Bad","Ok","Bad","Very bad","Very bad","","","","Near to home","","",""
"P0738",42,"Female","United States","North America","Working class","Domestic servant",6,"28","Cash","On foot","Often",5,"Good","Ok","Ok","Ok","Ok","","Quality of the goods","","Near to home","","Obliging staff","My errand boy delivery was deposited in a location exposed to the elements despite my specific concerns."
"P0739",42,"Female","United Kingdom","Europe","Skilled working class","Clerk",5,"9.5","Cash","Omnibus","Often",6,"Good","Good","Good","Ok","Good","Fair prices","Quality of the goods","Generous credit terms","","","",""
"P0740",20,"Female","United States","North America","Skilled working class","Domestic servant",5,"14.8","Cash","Horse and cart","Rarely",7,"Very bad","Good","Ok","Bad","Ok","Fair prices","","","","","",""
"P0741",62,"Prefer not to answer","United Kingdom","Europe","Skilled working class","Clerk",5,"15.8","On account","Omnibus","Rarely",10,"Very good","Very good","Ok","Very good","Ok","Fair prices","","","Near to home","","","The floorwalker's detailed knowledge of the establishment makes him an invaluable resource for locating particular items."
"P0742",34,"Female","Australia","Oceania","Lower middle class","Shopkeeper",7,"29.7","On account","Horse and cart","Rarely",5,"Ok","Bad","Bad","Bad","Very bad","Fair prices","","","","Variety on offer","Obliging staff","The grocer's tea quality was inconsistent and several batches proved disappointing."
"P0743",33,"Male","United Kingdom","Europe","Skilled working class","Labourer",3,"20.7","Cash","Bicycle","Often",9,"Very good","Very good","Bad","Ok","Bad","","","Generous credit terms","Near to home","Variety on offer","Obliging staff",""
"P0744",42,"","United States","North America","Working class","Farmer",3,"15.8","Cash","On foot","Often",7,"Bad","Ok","Bad","Very bad","Ok","Fair prices","","","Near to home","","","The boot department's polishing service was complimentary, which softened the sting of inflated pricing."
"P0745",28,"Female","United States","North America","Skilled working class","Clerk",1,"27.2","On account","On foot","Sometimes",7,"Very good","Very good","Good","Good","Ok","","","","","","",""
"P0746",24,"Female","United Kingdom","Europe","Working class","Governess",6,"11.6","On account","Horse and cart","Often",8,"Ok","Ok","Good","Bad","Good","Fair prices","Quality of the goods","","","","",""
"P0747",63,"Male","United States","North America","Poor","Labourer",5,"17.3","On account","Omnibus","Often",6,"Bad","Good","Ok","Bad","Good","","Quality of the goods","","","","","I was dismayed to discover that the linen hall damask I admired so in the window was significantly costlier than anticipated."
"P0748",33,"Male","Australia","Oceania","Working class","Governess",6,"14.8","On account","On foot","Sometimes",5,"Ok","Bad","Very bad","Very bad","Ok","","","","","Variety on offer","",""
"P0749",57,"Male","United Kingdom","Europe","Lower middle class","Domestic servant",7,"9.3","Cash","Horse and cart","Often",2,"Bad","Bad","Ok","Very bad","Bad","","Quality of the goods","","Near to home","","",""
"P0750",51,"Female","United Kingdom","Europe","Lower middle class","Labourer",5,"22","Cash","On foot","Rarely",7,"Ok","Ok","Ok","Bad","Good","Fair prices","Quality of the goods","","Near to home","Variety on offer","Obliging staff",""
"P0751",48,"Female","United Kingdom","Europe","Skilled working class","Clerk",5,"12.3","On account","Omnibus","Sometimes",3,"Ok","Very bad","Very bad","Bad","Bad","","Quality of the goods","","","","Obliging staff",""
"P0752",58,"Male","Ireland","Europe","Lower middle class","Domestic servant",5,"25.7","Cash","On foot","Sometimes",8,"Very good","Very good","Bad","Good","Very good","Fair prices","","","","Variety on offer","Obliging staff",""
"P0753",60,"Female","United Kingdom","Europe","Lower middle class","Farmer",8,"20.7","Cash","Horse and cart","Always",8,"Very good","Ok","Good","Good","Ok","","Quality of the goods","","","","","The draper's premises were well-lit and organized, though staff presence was inconsistent."
"P0754",38,"Male","United Kingdom","Europe","Working class","Clerk",10,"2","Cash","On foot","Always",5,"Bad","Very bad","Bad","Very bad","Ok","","","Generous credit terms","","Variety on offer","","The haberdashery shop girl was dismissive when I inquired about alternative colours or styles."
"P0755",39,"Female","Canada","North America","Lower middle class","Labourer",7,"15.9","Cash","Railway","Rarely",4,"Ok","Good","Very bad","Bad","Very bad","","Quality of the goods","","","Variety on offer","",""
"P0756",28,"Male","United Kingdom","Europe","Working class","Farmer",4,"12.7","Cash","Railway","Sometimes",7,"Ok","Bad","Ok","Very bad","Ok","","","Generous credit terms","Near to home","Variety on offer","",""
"P0757",54,"Male","United Kingdom","Europe","Lower middle class","Clerk",7,"11.2","Cash","On foot","Sometimes",8,"Very good","Good","Very bad","Ok","Very good","","Quality of the goods","","","Variety on offer","","Martinmas brought the draper's fresh autumn inventory, including colors that pleased sufficiently."
"P0758",58,"Female","United Kingdom","Europe","Working class","Mill worker",11,"16.6","On account","Horse and cart","Often",10,"Very good","Good","Good","Good","Good","Fair prices","Quality of the goods","","","Variety on offer","","My account with the establishment has become so reliable that I trust it implicitly and never doubt the charges."
"P0759",50,"Female","United Kingdom","Europe","Skilled working class","Farmer",3,"16.3","On account","Horse and cart","Sometimes",9,"Ok","Very good","Ok","Bad","Ok","Fair prices","Quality of the goods","","Near to home","","Obliging staff",""
"P0760",26,"Male","Australia","Oceania","Poor","Mill worker",5,"17.7","Barter","Omnibus","Sometimes",4,"Ok","Bad","Very bad","Good","Very bad","Fair prices","","","Near to home","","","The linen hall damask I had been promised for delivery by Whitsun arrived only at Midsummer."
"P0761",60,"Male","Ireland","Europe","Skilled working class","Labourer",6,"11.7","On account","On foot","Sometimes",4,"Bad","Very bad","Bad","Very bad","Bad","Fair prices","Quality of the goods","","","","",""
"P0762",42,"Female","United States","North America","Lower middle class","Clerk",6,"40.3","Cash","On foot","Often",9,"Good","Ok","Ok","Ok","Good","","","","","Variety on offer","Obliging staff","My errand boy delivery arrived during a rainstorm and the goods were protected with waterproof wrapping."
"P0763",42,"","Canada","North America","Lower middle class","Labourer",8,"28.3","On account","On foot","Always",8,"Ok","Bad","Good","Bad","Good","Fair prices","Quality of the goods","","Near to home","","Obliging staff",""
"P0764",51,"Female","Canada","North America","Lower middle class","Farmer",11,"24.8","On account","Horse and cart","Sometimes",7,"Ok","Good","Bad","Bad","Bad","","Quality of the goods","","Near to home","Variety on offer","Obliging staff",""
"P0765",27,"Female","United Kingdom","Europe","Skilled working class","Clerk",9,"18","Cash","Omnibus","Never",10,"Very good","Very good","Ok","Good","Good","","","","","Variety on offer","Obliging staff","The shop girl in the boot department understood my need for both comfort and style in footwear."
"P0766",47,"Female","Australia","Oceania","Working class","Seamstress",1,"15.6","On account","On foot","Often",9,"Very good","Good","Very good","Good","Ok","Fair prices","Quality of the goods","Generous credit terms","Near to home","","",""
"P0767",62,"Male","Australia","Oceania","Skilled working class","Schoolteacher",1,"28.4","Cash","On foot","Always",6,"Ok","Bad","Ok","Very bad","Ok","Fair prices","Quality of the goods","","","Variety on offer","","The draper's calico I selected began to fade after only two washings despite assurances to the contrary."
"P0768",52,"Male","United Kingdom","Europe","Lower middle class","Clerk",1,"35.1","On account","On foot","Often",10,"Good","Good","Very good","Very good","Good","Fair prices","","","","Variety on offer","Obliging staff","The haberdashery ribbons are wound upon spools of such quality that they do not become creased during storage."
"P0769",46,"Female","Canada","North America","Working class","Domestic servant",3,"12.9","Cash","On foot","Always",9,"Good","Good","Ok","Very good","Good","Fair prices","","","","","Obliging staff","The linen hall damask available through the establishment is of a quality rarely encountered outside of London."
"P0770",32,"","United Kingdom","Europe","Upper middle class","Clerk",3,"31.7","On account","Horse and cart","Rarely",5,"Bad","Ok","Bad","Good","Very bad","Fair prices","","","","","","The draper's calico colour proved entirely different when brought into natural daylight."
"P0771",37,"Female","Ireland","Europe","Working class","Domestic servant",8,"8.8","Barter","Horse and cart","Rarely",6,"Good","Bad","Ok","Ok","Bad","","Quality of the goods","","Near to home","","",""
"P0772",39,"Female","Canada","North America","Lower middle class","Shopkeeper",4,"10.9","On account","On foot","Sometimes",7,"Good","Bad","Bad","Ok","Ok","Fair prices","Quality of the goods","","","Variety on offer","","The boot department's leather goods impressed, though comfort and price did not align entirely."
"P0773",71,"Female","United Kingdom","Europe","Working class","Labourer",7,"23.5","On account","Bicycle","Often",6,"Ok","Ok","Bad","Bad","Very bad","","Quality of the goods","","Near to home","","",""
"P0774",33,"Male","Canada","North America","Skilled working class","Farmer",4,"26.4","On account","Bicycle","Sometimes",9,"Ok","Ok","Very good","Bad","Ok","Fair prices","Quality of the goods","Generous credit terms","","Variety on offer","",""
"P0775",45,"Female","Ireland","Europe","Skilled working class","Domestic servant",3,"11","On account","Bicycle","Always",7,"Bad","Good","Very good","Bad","Good","","","","","","",""
"P0776",39,"Female","India","Asia","Lower middle class","Farmer",3,"2","Cash","Bicycle","Always",5,"Bad","Very bad","Bad","Very bad","Very bad","","","","","Variety on offer","Obliging staff","The confectioner's sweets sent to friends were returned with embarrassed apologies regarding their poor condition."
"P0777",41,"Female","United Kingdom","Europe","Skilled working class","Mill worker",4,"8.3","Barter","On foot","Often",7,"Ok","Bad","Bad","Bad","Very bad","","","","","","","The haberdashery business model appeared sustainable only through habitual customer loyalty."
"P0778",31,"Female","Ireland","Europe","Working class","Farmer",5,"20.3","On account","On foot","Sometimes",5,"Very bad","Bad","Ok","Bad","Ok","","Quality of the goods","Generous credit terms","","Variety on offer","","The draper's calico in the shade I preferred was unavailable and no one offered to locate an alternative."
"P0779",53,"Male","United Kingdom","Europe","Upper middle class","Farmer",8,"22.6","Cash","Bicycle","Often",8,"Very good","Very good","Good","Ok","Very good","Fair prices","Quality of the goods","","","","",""
"P0780",47,"Female","United Kingdom","Europe","Lower middle class","Domestic servant",4,"6.1","Cash","Horse and cart","Rarely",4,"Ok","Bad","Bad","Ok","Ok","Fair prices","Quality of the goods","","Near to home","","Obliging staff",""
"P0781",49,"Male","Canada","North America","Lower middle class","Mill worker",4,"18.4","On account","On foot","Sometimes",6,"Good","Ok","Bad","Ok","Bad","Fair prices","Quality of the goods","","","Variety on offer","Obliging staff","My account statement shows charges that I do not recognize and efforts to obtain explanation have been futile."
"P0782",53,"Male","United Kingdom","Europe","Skilled working class","Seamstress",9,"17.1","Cash","On foot","Always",5,"Good","Good","Ok","Ok","Good","Fair prices","Quality of the goods","","Near to home","Variety on offer","",""
"P0783",26,"Prefer not to answer","India","Asia","Skilled working class","Governess",9,"14.9","Cash","On foot","Sometimes",7,"Ok","Very good","Ok","Very bad","Ok","","Quality of the goods","","","Variety on offer","","The grocer's tea prices fluctuated with seasons, making budgeting rather uncertain."
"P0784",33,"","United Kingdom","Europe","Upper middle class","Farmer",7,"10.7","Cash","On foot","Sometimes",5,"Bad","Ok","Bad","Bad","Very bad","Fair prices","Quality of the goods","Generous credit terms","","","","The draper's calico offered at reduced price was clearly marked down for poor weave, not genuine economy."
"P0785",38,"Prefer not to answer","India","Asia","Lower middle class","Labourer",5,"10.6","Cash","Omnibus","Often",5,"Very good","Ok","Good","Ok","Bad","Fair prices","","","Near to home","","Obliging staff","The shop girl was rather dismissive when I asked to examine goods from a higher shelf."
"P0786",36,"Female","United Kingdom","Europe","Skilled working class","Governess",5,"30","Cash","Horse and cart","Rarely",5,"Ok","Very bad","Ok","Bad","Bad","Fair prices","Quality of the goods","","Near to home","","","I found the grocer's pricing to be wholly unjustifiable given the modest quality of the goods."
"P0787",45,"Female","United Kingdom","Europe","Working class","Schoolteacher",8,"20.9","Cash","On foot","Sometimes",7,"Ok","Good","Bad","Ok","Very good","","","Generous credit terms","","Variety on offer","",""
"P0788",56,"Female","Ireland","Europe","Poor","Governess",9,"6.4","Cash","Horse and cart","Sometimes",6,"Bad","Good","Very bad","Very bad","Very bad","","","Generous credit terms","Near to home","","Obliging staff",""
"P0789",39,"Female","United Kingdom","Europe","Lower middle class","Governess",1,"23.8","Cash","On foot","Often",7,"Very bad","Good","Very bad","Good","Bad","","Quality of the goods","Generous credit terms","","Variety on offer","","The boot department displayed solid engineering, if the leather could be softer underfoot."
"P0790",35,"Female","United States","North America","Lower middle class","Farmer",6,"14.3","Cash","On foot","Often",1,"Very bad","Bad","Very bad","Very bad","Very bad","","","","Near to home","","","The floorwalker was quite impatient with my inquiries and seemed to view me as an inconvenience."
"P0791",18,"Female","United Kingdom","Europe","Working class","Labourer",5,"24.4","Cash","Motor-car","Sometimes",7,"Very good","Bad","Good","Ok","Ok","Fair prices","Quality of the goods","Generous credit terms","","","",""
"P0792",44,"Female","United States","North America","Upper class","Domestic servant",3,"18.1","Cash","On foot","Often",5,"Ok","Bad","Ok","Very bad","Ok","Fair prices","Quality of the goods","","Near to home","","Obliging staff",""
"P0793",49,"Female","Ireland","Europe","Working class","Clerk",5,"12.9","Cash","Omnibus","Never",5,"Very bad","Bad","Bad","Good","Very bad","","Quality of the goods","","Near to home","Variety on offer","Obliging staff","The errand boy's conduct was most unprofessional and I considered reporting him to the manager."
"P0794",48,"Female","United States","North America","Working class","Governess",4,"13.1","Cash","Horse and cart","Often",6,"Bad","Ok","Very bad","Ok","Bad","Fair prices","","","Near to home","","",""
"P0795",34,"Female","United Kingdom","Europe","Lower middle class","Labourer",3,"24.6","Cash","On foot","Always",5,"Bad","Bad","Bad","Ok","Ok","","Quality of the goods","","","","",""
"P0796",53,"Female","United Kingdom","Europe","Working class","Domestic servant",1,"7.7","Barter","Horse and cart","Sometimes",5,"Bad","Very bad","Very bad","Very bad","Ok","","","","","","",""
"P0797",23,"Female","United States","North America","Skilled working class","Farmer",8,"13.5","Cash","Omnibus","Sometimes",5,"Ok","Bad","Good","Bad","Bad","Fair prices","","","Near to home","","","The draper's calico I had chosen with such care proved to be far thinner in reality than it appeared in the shop."
"P0798",18,"Female","Australia","Oceania","Poor","",5,"26.2","Cash","Omnibus","Sometimes",8,"Very good","Good","Good","Ok","Bad","Fair prices","Quality of the goods","","Near to home","","","The shop girl's demeanor was pleasant, yet her knowledge of stock was rather limited."
"P0799",38,"Female","Ireland","Europe","Skilled working class","Domestic servant",7,"31.1","Cash","On foot","Sometimes",8,"Good","Very good","Ok","Very bad","Good","","Quality of the goods","","Near to home","","","The shop girl's training was apparent in basic courtesy, if not deeper product knowledge."
"P0800",26,"Female","United Kingdom","Europe","Poor","Domestic servant",7,"16.7","On account","Bicycle","Often",6,"Ok","Ok","Very bad","Ok","Very bad","","Quality of the goods","Generous credit terms","","","",""
